location_id,month_end,line_item_key,amount
L01,2023-01-31,rev_drip_coffee,20068.72
L01,2023-01-31,rev_espresso_drinks,33605.97
L01,2023-01-31,rev_cold_brew,15907.8
L01,2023-01-31,rev_specialty_seasonal,11453.44
L01,2023-01-31,rev_tea,4598.1
L01,2023-01-31,rev_pastries,11590.69
L01,2023-01-31,rev_sandwiches,10153.06
L01,2023-01-31,rev_breakfast,6181.25
L01,2023-01-31,rev_snacks,3235.24
L01,2023-01-31,rev_whole_bean,5009.16
L01,2023-01-31,rev_brew_equipment,2245.02
L01,2023-01-31,rev_merchandise,1365.86
L01,2023-01-31,rev_gift_cards,2633.26
L01,2023-01-31,rev_catering,3445.45
L01,2023-01-31,rev_wholesale,2530.57
L01,2023-01-31,exp_coffee_beans,-23726.44
L01,2023-01-31,exp_dairy,-13018.67
L01,2023-01-31,exp_syrups,-5022.64
L01,2023-01-31,exp_food_ingredients,-10861.59
L01,2023-01-31,exp_packaging,-5268.62
L01,2023-01-31,exp_retail_cogs,-3669.09
L01,2023-01-31,exp_barista_wages,-34970.87
L01,2023-01-31,exp_shift_lead_wages,-10010.54
L01,2023-01-31,exp_store_manager_salary,-11652.73
L01,2023-01-31,exp_payroll_taxes,-5248.15
L01,2023-01-31,exp_employee_benefits,-4468.69
L01,2023-01-31,exp_overtime,-2528.76
L01,2023-01-31,exp_rent,-13191.64
L01,2023-01-31,exp_utilities,-2706.95
L01,2023-01-31,exp_property_insurance,-1137.0
L01,2023-01-31,exp_cam,-1497.38
L01,2023-01-31,exp_property_tax,-1826.23
L01,2023-01-31,exp_marketing,-2773.6
L01,2023-01-31,exp_pos_software,-1104.04
L01,2023-01-31,exp_equipment_maintenance,-1773.42
L01,2023-01-31,exp_cleaning,-1160.79
L01,2023-01-31,exp_cc_fees,-2535.16
L01,2023-01-31,exp_office_supplies,-523.29
L01,2023-01-31,exp_waste_removal,-732.47
L01,2023-01-31,exp_corporate_overhead,-4324.95
L01,2023-01-31,exp_training,-919.62
L01,2023-01-31,exp_general_liability_ins,-751.56
L01,2023-01-31,exp_bank_fees,-360.43
L01,2023-01-31,exp_depreciation,-2290.9
L01,2023-01-31,exp_professional_fees,-1097.01
L01,2023-02-28,rev_drip_coffee,22895.62
L01,2023-02-28,rev_espresso_drinks,31552.64
L01,2023-02-28,rev_cold_brew,15251.49
L01,2023-02-28,rev_specialty_seasonal,13341.91
L01,2023-02-28,rev_tea,5134.83
L01,2023-02-28,rev_pastries,11784.94
L01,2023-02-28,rev_sandwiches,8997.81
L01,2023-02-28,rev_breakfast,5897.25
L01,2023-02-28,rev_snacks,3267.28
L01,2023-02-28,rev_whole_bean,4342.04
L01,2023-02-28,rev_brew_equipment,2021.06
L01,2023-02-28,rev_merchandise,1487.37
L01,2023-02-28,rev_gift_cards,2198.17
L01,2023-02-28,rev_catering,3498.98
L01,2023-02-28,rev_wholesale,2299.28
L01,2023-02-28,exp_coffee_beans,-22397.77
L01,2023-02-28,exp_dairy,-13479.2
L01,2023-02-28,exp_syrups,-4842.29
L01,2023-02-28,exp_food_ingredients,-11025.41
L01,2023-02-28,exp_packaging,-5405.85
L01,2023-02-28,exp_retail_cogs,-3649.24
L01,2023-02-28,exp_barista_wages,-31288.14
L01,2023-02-28,exp_shift_lead_wages,-10493.91
L01,2023-02-28,exp_store_manager_salary,-11677.64
L01,2023-02-28,exp_payroll_taxes,-4890.26
L01,2023-02-28,exp_employee_benefits,-3986.37
L01,2023-02-28,exp_overtime,-2309.28
L01,2023-02-28,exp_rent,-13213.73
L01,2023-02-28,exp_utilities,-2691.47
L01,2023-02-28,exp_property_insurance,-1105.36
L01,2023-02-28,exp_cam,-1496.75
L01,2023-02-28,exp_property_tax,-1850.98
L01,2023-02-28,exp_marketing,-3208.19
L01,2023-02-28,exp_pos_software,-1007.81
L01,2023-02-28,exp_equipment_maintenance,-1666.31
L01,2023-02-28,exp_cleaning,-1096.45
L01,2023-02-28,exp_cc_fees,-2667.21
L01,2023-02-28,exp_office_supplies,-548.54
L01,2023-02-28,exp_waste_removal,-605.49
L01,2023-02-28,exp_corporate_overhead,-4221.78
L01,2023-02-28,exp_training,-831.3
L01,2023-02-28,exp_general_liability_ins,-806.15
L01,2023-02-28,exp_bank_fees,-369.19
L01,2023-02-28,exp_depreciation,-2365.59
L01,2023-02-28,exp_professional_fees,-1144.96
L01,2023-03-31,rev_drip_coffee,22923.99
L01,2023-03-31,rev_espresso_drinks,32330.7
L01,2023-03-31,rev_cold_brew,15516.9
L01,2023-03-31,rev_specialty_seasonal,8546.18
L01,2023-03-31,rev_tea,4790.74
L01,2023-03-31,rev_pastries,10829.24
L01,2023-03-31,rev_sandwiches,10118.09
L01,2023-03-31,rev_breakfast,6742.38
L01,2023-03-31,rev_snacks,3399.6
L01,2023-03-31,rev_whole_bean,4790.47
L01,2023-03-31,rev_brew_equipment,2462.81
L01,2023-03-31,rev_merchandise,1393.29
L01,2023-03-31,rev_gift_cards,2700.06
L01,2023-03-31,rev_catering,3243.9
L01,2023-03-31,rev_wholesale,2821.2
L01,2023-03-31,exp_coffee_beans,-23423.07
L01,2023-03-31,exp_dairy,-14189.27
L01,2023-03-31,exp_syrups,-5291.99
L01,2023-03-31,exp_food_ingredients,-10501.04
L01,2023-03-31,exp_packaging,-5735.13
L01,2023-03-31,exp_retail_cogs,-4057.09
L01,2023-03-31,exp_barista_wages,-32384.08
L01,2023-03-31,exp_shift_lead_wages,-9510.84
L01,2023-03-31,exp_store_manager_salary,-12380.63
L01,2023-03-31,exp_payroll_taxes,-5350.46
L01,2023-03-31,exp_employee_benefits,-4525.64
L01,2023-03-31,exp_overtime,-2553.82
L01,2023-03-31,exp_rent,-13502.78
L01,2023-03-31,exp_utilities,-2670.98
L01,2023-03-31,exp_property_insurance,-1067.98
L01,2023-03-31,exp_cam,-1515.06
L01,2023-03-31,exp_property_tax,-1853.25
L01,2023-03-31,exp_marketing,-3429.68
L01,2023-03-31,exp_pos_software,-1126.83
L01,2023-03-31,exp_equipment_maintenance,-1650.39
L01,2023-03-31,exp_cleaning,-1345.99
L01,2023-03-31,exp_cc_fees,-2438.68
L01,2023-03-31,exp_office_supplies,-533.83
L01,2023-03-31,exp_waste_removal,-624.01
L01,2023-03-31,exp_corporate_overhead,-3868.81
L01,2023-03-31,exp_training,-752.16
L01,2023-03-31,exp_general_liability_ins,-856.29
L01,2023-03-31,exp_bank_fees,-344.42
L01,2023-03-31,exp_depreciation,-1931.42
L01,2023-03-31,exp_professional_fees,-964.5
L01,2023-04-30,rev_drip_coffee,24932.18
L01,2023-04-30,rev_espresso_drinks,37587.03
L01,2023-04-30,rev_cold_brew,19064.27
L01,2023-04-30,rev_specialty_seasonal,12824.11
L01,2023-04-30,rev_tea,5892.2
L01,2023-04-30,rev_pastries,11738.98
L01,2023-04-30,rev_sandwiches,9599.89
L01,2023-04-30,rev_breakfast,7024.59
L01,2023-04-30,rev_snacks,3607.09
L01,2023-04-30,rev_whole_bean,5027.12
L01,2023-04-30,rev_brew_equipment,2233.35
L01,2023-04-30,rev_merchandise,1492.65
L01,2023-04-30,rev_gift_cards,2912.7
L01,2023-04-30,rev_catering,3736.62
L01,2023-04-30,rev_wholesale,2980.98
L01,2023-04-30,exp_coffee_beans,-24545.03
L01,2023-04-30,exp_dairy,-13921.41
L01,2023-04-30,exp_syrups,-5215.92
L01,2023-04-30,exp_food_ingredients,-12066.1
L01,2023-04-30,exp_packaging,-6430.94
L01,2023-04-30,exp_retail_cogs,-4247.94
L01,2023-04-30,exp_barista_wages,-36620.54
L01,2023-04-30,exp_shift_lead_wages,-10403.35
L01,2023-04-30,exp_store_manager_salary,-11791.93
L01,2023-04-30,exp_payroll_taxes,-5361.09
L01,2023-04-30,exp_employee_benefits,-4396.27
L01,2023-04-30,exp_overtime,-2961.86
L01,2023-04-30,exp_rent,-12868.7
L01,2023-04-30,exp_utilities,-2728.83
L01,2023-04-30,exp_property_insurance,-1070.61
L01,2023-04-30,exp_cam,-1537.78
L01,2023-04-30,exp_property_tax,-1859.33
L01,2023-04-30,exp_marketing,-2972.01
L01,2023-04-30,exp_pos_software,-1035.74
L01,2023-04-30,exp_equipment_maintenance,-1489.18
L01,2023-04-30,exp_cleaning,-1226.55
L01,2023-04-30,exp_cc_fees,-2641.77
L01,2023-04-30,exp_office_supplies,-500.41
L01,2023-04-30,exp_waste_removal,-599.84
L01,2023-04-30,exp_corporate_overhead,-4095.21
L01,2023-04-30,exp_training,-1009.98
L01,2023-04-30,exp_general_liability_ins,-818.03
L01,2023-04-30,exp_bank_fees,-348.07
L01,2023-04-30,exp_depreciation,-2329.2
L01,2023-04-30,exp_professional_fees,-1213.73
L01,2023-05-31,rev_drip_coffee,25986.47
L01,2023-05-31,rev_espresso_drinks,35770.54
L01,2023-05-31,rev_cold_brew,18787.93
L01,2023-05-31,rev_specialty_seasonal,11294.36
L01,2023-05-31,rev_tea,6724.0
L01,2023-05-31,rev_pastries,13581.78
L01,2023-05-31,rev_sandwiches,10962.24
L01,2023-05-31,rev_breakfast,6430.79
L01,2023-05-31,rev_snacks,4585.91
L01,2023-05-31,rev_whole_bean,6212.79
L01,2023-05-31,rev_brew_equipment,2430.35
L01,2023-05-31,rev_merchandise,1536.54
L01,2023-05-31,rev_gift_cards,3147.48
L01,2023-05-31,rev_catering,3531.61
L01,2023-05-31,rev_wholesale,2943.34
L01,2023-05-31,exp_coffee_beans,-28053.99
L01,2023-05-31,exp_dairy,-15638.55
L01,2023-05-31,exp_syrups,-5611.77
L01,2023-05-31,exp_food_ingredients,-12599.75
L01,2023-05-31,exp_packaging,-6308.78
L01,2023-05-31,exp_retail_cogs,-4743.34
L01,2023-05-31,exp_barista_wages,-35775.1
L01,2023-05-31,exp_shift_lead_wages,-11461.18
L01,2023-05-31,exp_store_manager_salary,-11454.92
L01,2023-05-31,exp_payroll_taxes,-5838.1
L01,2023-05-31,exp_employee_benefits,-4489.95
L01,2023-05-31,exp_overtime,-2504.78
L01,2023-05-31,exp_rent,-12853.85
L01,2023-05-31,exp_utilities,-2665.89
L01,2023-05-31,exp_property_insurance,-1110.28
L01,2023-05-31,exp_cam,-1469.6
L01,2023-05-31,exp_property_tax,-1846.26
L01,2023-05-31,exp_marketing,-2873.12
L01,2023-05-31,exp_pos_software,-1005.9
L01,2023-05-31,exp_equipment_maintenance,-1753.31
L01,2023-05-31,exp_cleaning,-1237.36
L01,2023-05-31,exp_cc_fees,-3137.84
L01,2023-05-31,exp_office_supplies,-561.5
L01,2023-05-31,exp_waste_removal,-639.87
L01,2023-05-31,exp_corporate_overhead,-3935.62
L01,2023-05-31,exp_training,-893.39
L01,2023-05-31,exp_general_liability_ins,-819.36
L01,2023-05-31,exp_bank_fees,-314.05
L01,2023-05-31,exp_depreciation,-2284.97
L01,2023-05-31,exp_professional_fees,-1098.03
L01,2023-06-30,rev_drip_coffee,32727.05
L01,2023-06-30,rev_espresso_drinks,45375.85
L01,2023-06-30,rev_cold_brew,23158.31
L01,2023-06-30,rev_specialty_seasonal,11380.0
L01,2023-06-30,rev_tea,5639.68
L01,2023-06-30,rev_pastries,13603.21
L01,2023-06-30,rev_sandwiches,13290.16
L01,2023-06-30,rev_breakfast,8445.63
L01,2023-06-30,rev_snacks,4068.93
L01,2023-06-30,rev_whole_bean,5519.12
L01,2023-06-30,rev_brew_equipment,2178.33
L01,2023-06-30,rev_merchandise,1668.81
L01,2023-06-30,rev_gift_cards,2750.4
L01,2023-06-30,rev_catering,3958.03
L01,2023-06-30,rev_wholesale,3144.4
L01,2023-06-30,exp_coffee_beans,-28855.06
L01,2023-06-30,exp_dairy,-15521.32
L01,2023-06-30,exp_syrups,-5548.23
L01,2023-06-30,exp_food_ingredients,-14993.08
L01,2023-06-30,exp_packaging,-6191.68
L01,2023-06-30,exp_retail_cogs,-4467.69
L01,2023-06-30,exp_barista_wages,-41058.03
L01,2023-06-30,exp_shift_lead_wages,-13468.23
L01,2023-06-30,exp_store_manager_salary,-12621.4
L01,2023-06-30,exp_payroll_taxes,-5951.19
L01,2023-06-30,exp_employee_benefits,-5016.07
L01,2023-06-30,exp_overtime,-3100.09
L01,2023-06-30,exp_rent,-12825.4
L01,2023-06-30,exp_utilities,-2670.66
L01,2023-06-30,exp_property_insurance,-1107.25
L01,2023-06-30,exp_cam,-1522.78
L01,2023-06-30,exp_property_tax,-1831.25
L01,2023-06-30,exp_marketing,-2978.9
L01,2023-06-30,exp_pos_software,-896.99
L01,2023-06-30,exp_equipment_maintenance,-1555.57
L01,2023-06-30,exp_cleaning,-1142.89
L01,2023-06-30,exp_cc_fees,-2831.95
L01,2023-06-30,exp_office_supplies,-538.64
L01,2023-06-30,exp_waste_removal,-720.16
L01,2023-06-30,exp_corporate_overhead,-4433.43
L01,2023-06-30,exp_training,-885.8
L01,2023-06-30,exp_general_liability_ins,-833.47
L01,2023-06-30,exp_bank_fees,-354.12
L01,2023-06-30,exp_depreciation,-2264.5
L01,2023-06-30,exp_professional_fees,-996.07
L01,2023-07-31,rev_drip_coffee,28678.67
L01,2023-07-31,rev_espresso_drinks,40193.68
L01,2023-07-31,rev_cold_brew,29794.16
L01,2023-07-31,rev_specialty_seasonal,13465.15
L01,2023-07-31,rev_tea,6761.04
L01,2023-07-31,rev_pastries,13765.45
L01,2023-07-31,rev_sandwiches,12125.58
L01,2023-07-31,rev_breakfast,8662.54
L01,2023-07-31,rev_snacks,4529.95
L01,2023-07-31,rev_whole_bean,6209.59
L01,2023-07-31,rev_brew_equipment,2323.68
L01,2023-07-31,rev_merchandise,1864.91
L01,2023-07-31,rev_gift_cards,3198.6
L01,2023-07-31,rev_catering,3866.8
L01,2023-07-31,rev_wholesale,3341.22
L01,2023-07-31,exp_coffee_beans,-30160.79
L01,2023-07-31,exp_dairy,-17518.51
L01,2023-07-31,exp_syrups,-6057.98
L01,2023-07-31,exp_food_ingredients,-13841.43
L01,2023-07-31,exp_packaging,-6709.32
L01,2023-07-31,exp_retail_cogs,-4890.54
L01,2023-07-31,exp_barista_wages,-40900.32
L01,2023-07-31,exp_shift_lead_wages,-9860.34
L01,2023-07-31,exp_store_manager_salary,-13599.95
L01,2023-07-31,exp_payroll_taxes,-6249.91
L01,2023-07-31,exp_employee_benefits,-5083.81
L01,2023-07-31,exp_overtime,-2790.65
L01,2023-07-31,exp_rent,-12623.95
L01,2023-07-31,exp_utilities,-2701.43
L01,2023-07-31,exp_property_insurance,-1127.97
L01,2023-07-31,exp_cam,-1463.34
L01,2023-07-31,exp_property_tax,-1877.01
L01,2023-07-31,exp_marketing,-2920.11
L01,2023-07-31,exp_pos_software,-1033.6
L01,2023-07-31,exp_equipment_maintenance,-1425.74
L01,2023-07-31,exp_cleaning,-1134.9
L01,2023-07-31,exp_cc_fees,-3127.51
L01,2023-07-31,exp_office_supplies,-603.54
L01,2023-07-31,exp_waste_removal,-806.87
L01,2023-07-31,exp_corporate_overhead,-4499.73
L01,2023-07-31,exp_training,-910.54
L01,2023-07-31,exp_general_liability_ins,-945.56
L01,2023-07-31,exp_bank_fees,-367.72
L01,2023-07-31,exp_depreciation,-2451.97
L01,2023-07-31,exp_professional_fees,-1041.69
L01,2023-08-31,rev_drip_coffee,26896.79
L01,2023-08-31,rev_espresso_drinks,36585.81
L01,2023-08-31,rev_cold_brew,26343.59
L01,2023-08-31,rev_specialty_seasonal,10361.43
L01,2023-08-31,rev_tea,6666.08
L01,2023-08-31,rev_pastries,13809.1
L01,2023-08-31,rev_sandwiches,13924.31
L01,2023-08-31,rev_breakfast,8019.45
L01,2023-08-31,rev_snacks,4861.91
L01,2023-08-31,rev_whole_bean,6054.29
L01,2023-08-31,rev_brew_equipment,2258.31
L01,2023-08-31,rev_merchandise,1651.72
L01,2023-08-31,rev_gift_cards,2675.41
L01,2023-08-31,rev_catering,3890.98
L01,2023-08-31,rev_wholesale,3722.76
L01,2023-08-31,exp_coffee_beans,-29381.65
L01,2023-08-31,exp_dairy,-16128.94
L01,2023-08-31,exp_syrups,-5582.44
L01,2023-08-31,exp_food_ingredients,-13330.31
L01,2023-08-31,exp_packaging,-6104.15
L01,2023-08-31,exp_retail_cogs,-4486.71
L01,2023-08-31,exp_barista_wages,-37266.8
L01,2023-08-31,exp_shift_lead_wages,-12131.46
L01,2023-08-31,exp_store_manager_salary,-13919.32
L01,2023-08-31,exp_payroll_taxes,-5192.23
L01,2023-08-31,exp_employee_benefits,-4950.95
L01,2023-08-31,exp_overtime,-2790.38
L01,2023-08-31,exp_rent,-13191.94
L01,2023-08-31,exp_utilities,-2770.58
L01,2023-08-31,exp_property_insurance,-1045.31
L01,2023-08-31,exp_cam,-1491.8
L01,2023-08-31,exp_property_tax,-1866.93
L01,2023-08-31,exp_marketing,-2541.77
L01,2023-08-31,exp_pos_software,-1193.48
L01,2023-08-31,exp_equipment_maintenance,-1652.22
L01,2023-08-31,exp_cleaning,-1273.58
L01,2023-08-31,exp_cc_fees,-2609.67
L01,2023-08-31,exp_office_supplies,-616.72
L01,2023-08-31,exp_waste_removal,-761.21
L01,2023-08-31,exp_corporate_overhead,-4119.49
L01,2023-08-31,exp_training,-892.69
L01,2023-08-31,exp_general_liability_ins,-826.91
L01,2023-08-31,exp_bank_fees,-321.84
L01,2023-08-31,exp_depreciation,-2231.07
L01,2023-08-31,exp_professional_fees,-1057.16
L01,2023-09-30,rev_drip_coffee,25569.51
L01,2023-09-30,rev_espresso_drinks,38803.55
L01,2023-09-30,rev_cold_brew,15347.29
L01,2023-09-30,rev_specialty_seasonal,10501.73
L01,2023-09-30,rev_tea,6506.62
L01,2023-09-30,rev_pastries,12229.61
L01,2023-09-30,rev_sandwiches,11028.9
L01,2023-09-30,rev_breakfast,7128.37
L01,2023-09-30,rev_snacks,4200.98
L01,2023-09-30,rev_whole_bean,5308.75
L01,2023-09-30,rev_brew_equipment,2649.97
L01,2023-09-30,rev_merchandise,1645.39
L01,2023-09-30,rev_gift_cards,2921.86
L01,2023-09-30,rev_catering,3930.92
L01,2023-09-30,rev_wholesale,3653.16
L01,2023-09-30,exp_coffee_beans,-26132.31
L01,2023-09-30,exp_dairy,-13945.03
L01,2023-09-30,exp_syrups,-5890.21
L01,2023-09-30,exp_food_ingredients,-12058.19
L01,2023-09-30,exp_packaging,-6059.32
L01,2023-09-30,exp_retail_cogs,-4586.73
L01,2023-09-30,exp_barista_wages,-31618.59
L01,2023-09-30,exp_shift_lead_wages,-10033.99
L01,2023-09-30,exp_store_manager_salary,-11607.58
L01,2023-09-30,exp_payroll_taxes,-5482.18
L01,2023-09-30,exp_employee_benefits,-4772.09
L01,2023-09-30,exp_overtime,-2740.39
L01,2023-09-30,exp_rent,-13155.93
L01,2023-09-30,exp_utilities,-2607.99
L01,2023-09-30,exp_property_insurance,-1039.93
L01,2023-09-30,exp_cam,-1511.29
L01,2023-09-30,exp_property_tax,-1827.72
L01,2023-09-30,exp_marketing,-3158.0
L01,2023-09-30,exp_pos_software,-1112.98
L01,2023-09-30,exp_equipment_maintenance,-1615.55
L01,2023-09-30,exp_cleaning,-1263.43
L01,2023-09-30,exp_cc_fees,-2831.13
L01,2023-09-30,exp_office_supplies,-600.54
L01,2023-09-30,exp_waste_removal,-639.27
L01,2023-09-30,exp_corporate_overhead,-3953.43
L01,2023-09-30,exp_training,-889.41
L01,2023-09-30,exp_general_liability_ins,-871.21
L01,2023-09-30,exp_bank_fees,-338.38
L01,2023-09-30,exp_depreciation,-2382.49
L01,2023-09-30,exp_professional_fees,-1044.99
L01,2023-10-31,rev_drip_coffee,24093.44
L01,2023-10-31,rev_espresso_drinks,37562.78
L01,2023-10-31,rev_cold_brew,13817.4
L01,2023-10-31,rev_specialty_seasonal,9321.17
L01,2023-10-31,rev_tea,5026.88
L01,2023-10-31,rev_pastries,10368.22
L01,2023-10-31,rev_sandwiches,10945.97
L01,2023-10-31,rev_breakfast,7289.62
L01,2023-10-31,rev_snacks,3770.07
L01,2023-10-31,rev_whole_bean,5282.19
L01,2023-10-31,rev_brew_equipment,2552.97
L01,2023-10-31,rev_merchandise,1670.0
L01,2023-10-31,rev_gift_cards,2668.98
L01,2023-10-31,rev_catering,4089.86
L01,2023-10-31,rev_wholesale,3041.55
L01,2023-10-31,exp_coffee_beans,-24801.63
L01,2023-10-31,exp_dairy,-14742.08
L01,2023-10-31,exp_syrups,-4950.17
L01,2023-10-31,exp_food_ingredients,-11561.37
L01,2023-10-31,exp_packaging,-5802.87
L01,2023-10-31,exp_retail_cogs,-4390.03
L01,2023-10-31,exp_barista_wages,-38151.87
L01,2023-10-31,exp_shift_lead_wages,-9835.23
L01,2023-10-31,exp_store_manager_salary,-12993.67
L01,2023-10-31,exp_payroll_taxes,-5335.34
L01,2023-10-31,exp_employee_benefits,-4727.18
L01,2023-10-31,exp_overtime,-2605.78
L01,2023-10-31,exp_rent,-12604.54
L01,2023-10-31,exp_utilities,-2733.65
L01,2023-10-31,exp_property_insurance,-1077.11
L01,2023-10-31,exp_cam,-1493.53
L01,2023-10-31,exp_property_tax,-1805.65
L01,2023-10-31,exp_marketing,-2821.75
L01,2023-10-31,exp_pos_software,-1084.48
L01,2023-10-31,exp_equipment_maintenance,-1563.36
L01,2023-10-31,exp_cleaning,-1212.76
L01,2023-10-31,exp_cc_fees,-2867.86
L01,2023-10-31,exp_office_supplies,-645.63
L01,2023-10-31,exp_waste_removal,-664.16
L01,2023-10-31,exp_corporate_overhead,-3431.19
L01,2023-10-31,exp_training,-965.33
L01,2023-10-31,exp_general_liability_ins,-778.46
L01,2023-10-31,exp_bank_fees,-391.51
L01,2023-10-31,exp_depreciation,-2351.29
L01,2023-10-31,exp_professional_fees,-1059.45
L01,2023-11-30,rev_drip_coffee,27000.85
L01,2023-11-30,rev_espresso_drinks,43981.02
L01,2023-11-30,rev_cold_brew,20703.38
L01,2023-11-30,rev_specialty_seasonal,16376.51
L01,2023-11-30,rev_tea,6238.31
L01,2023-11-30,rev_pastries,14953.43
L01,2023-11-30,rev_sandwiches,11654.25
L01,2023-11-30,rev_breakfast,7625.39
L01,2023-11-30,rev_snacks,4158.01
L01,2023-11-30,rev_whole_bean,5756.93
L01,2023-11-30,rev_brew_equipment,2367.12
L01,2023-11-30,rev_merchandise,1423.09
L01,2023-11-30,rev_gift_cards,2417.84
L01,2023-11-30,rev_catering,3629.21
L01,2023-11-30,rev_wholesale,3141.19
L01,2023-11-30,exp_coffee_beans,-27546.46
L01,2023-11-30,exp_dairy,-17998.54
L01,2023-11-30,exp_syrups,-6092.86
L01,2023-11-30,exp_food_ingredients,-12437.97
L01,2023-11-30,exp_packaging,-6492.27
L01,2023-11-30,exp_retail_cogs,-4465.31
L01,2023-11-30,exp_barista_wages,-35564.53
L01,2023-11-30,exp_shift_lead_wages,-11345.73
L01,2023-11-30,exp_store_manager_salary,-13775.38
L01,2023-11-30,exp_payroll_taxes,-5832.78
L01,2023-11-30,exp_employee_benefits,-5115.94
L01,2023-11-30,exp_overtime,-2559.71
L01,2023-11-30,exp_rent,-13085.3
L01,2023-11-30,exp_utilities,-2823.26
L01,2023-11-30,exp_property_insurance,-1095.17
L01,2023-11-30,exp_cam,-1552.92
L01,2023-11-30,exp_property_tax,-1848.51
L01,2023-11-30,exp_marketing,-3194.66
L01,2023-11-30,exp_pos_software,-1034.08
L01,2023-11-30,exp_equipment_maintenance,-1566.37
L01,2023-11-30,exp_cleaning,-1082.65
L01,2023-11-30,exp_cc_fees,-2886.79
L01,2023-11-30,exp_office_supplies,-521.75
L01,2023-11-30,exp_waste_removal,-733.5
L01,2023-11-30,exp_corporate_overhead,-4462.64
L01,2023-11-30,exp_training,-904.21
L01,2023-11-30,exp_general_liability_ins,-782.1
L01,2023-11-30,exp_bank_fees,-368.24
L01,2023-11-30,exp_depreciation,-2194.58
L01,2023-11-30,exp_professional_fees,-1173.96
L01,2023-12-31,rev_drip_coffee,25325.55
L01,2023-12-31,rev_espresso_drinks,41820.91
L01,2023-12-31,rev_cold_brew,16860.83
L01,2023-12-31,rev_specialty_seasonal,16196.87
L01,2023-12-31,rev_tea,7716.97
L01,2023-12-31,rev_pastries,16666.56
L01,2023-12-31,rev_sandwiches,13307.53
L01,2023-12-31,rev_breakfast,7381.79
L01,2023-12-31,rev_snacks,3590.49
L01,2023-12-31,rev_whole_bean,6068.06
L01,2023-12-31,rev_brew_equipment,3419.74
L01,2023-12-31,rev_merchandise,1905.85
L01,2023-12-31,rev_gift_cards,3127.69
L01,2023-12-31,rev_catering,4669.62
L01,2023-12-31,rev_wholesale,3223.56
L01,2023-12-31,exp_coffee_beans,-31110.77
L01,2023-12-31,exp_dairy,-18628.43
L01,2023-12-31,exp_syrups,-6493.93
L01,2023-12-31,exp_food_ingredients,-15343.96
L01,2023-12-31,exp_packaging,-7332.75
L01,2023-12-31,exp_retail_cogs,-5321.01
L01,2023-12-31,exp_barista_wages,-37372.48
L01,2023-12-31,exp_shift_lead_wages,-12740.78
L01,2023-12-31,exp_store_manager_salary,-15708.66
L01,2023-12-31,exp_payroll_taxes,-6041.45
L01,2023-12-31,exp_employee_benefits,-4905.26
L01,2023-12-31,exp_overtime,-3197.99
L01,2023-12-31,exp_rent,-13033.57
L01,2023-12-31,exp_utilities,-2759.18
L01,2023-12-31,exp_property_insurance,-1080.65
L01,2023-12-31,exp_cam,-1553.58
L01,2023-12-31,exp_property_tax,-1849.98
L01,2023-12-31,exp_marketing,-3097.27
L01,2023-12-31,exp_pos_software,-1202.71
L01,2023-12-31,exp_equipment_maintenance,-1535.87
L01,2023-12-31,exp_cleaning,-1063.67
L01,2023-12-31,exp_cc_fees,-2643.54
L01,2023-12-31,exp_office_supplies,-596.11
L01,2023-12-31,exp_waste_removal,-580.05
L01,2023-12-31,exp_corporate_overhead,-4282.36
L01,2023-12-31,exp_training,-825.25
L01,2023-12-31,exp_general_liability_ins,-897.56
L01,2023-12-31,exp_bank_fees,-267.91
L01,2023-12-31,exp_depreciation,-2086.36
L01,2023-12-31,exp_professional_fees,-892.48
L01,2024-01-31,rev_drip_coffee,20954.12
L01,2024-01-31,rev_espresso_drinks,33139.07
L01,2024-01-31,rev_cold_brew,14947.01
L01,2024-01-31,rev_specialty_seasonal,13629.07
L01,2024-01-31,rev_tea,5194.13
L01,2024-01-31,rev_pastries,11951.53
L01,2024-01-31,rev_sandwiches,9815.55
L01,2024-01-31,rev_breakfast,6703.06
L01,2024-01-31,rev_snacks,3747.68
L01,2024-01-31,rev_whole_bean,4944.67
L01,2024-01-31,rev_brew_equipment,2262.8
L01,2024-01-31,rev_merchandise,1425.68
L01,2024-01-31,rev_gift_cards,2878.91
L01,2024-01-31,rev_catering,3380.54
L01,2024-01-31,rev_wholesale,2716.88
L01,2024-01-31,exp_coffee_beans,-22979.64
L01,2024-01-31,exp_dairy,-13292.71
L01,2024-01-31,exp_syrups,-4624.74
L01,2024-01-31,exp_food_ingredients,-10665.0
L01,2024-01-31,exp_packaging,-5431.45
L01,2024-01-31,exp_retail_cogs,-3958.45
L01,2024-01-31,exp_barista_wages,-33132.44
L01,2024-01-31,exp_shift_lead_wages,-9773.3
L01,2024-01-31,exp_store_manager_salary,-12780.24
L01,2024-01-31,exp_payroll_taxes,-5676.64
L01,2024-01-31,exp_employee_benefits,-4348.15
L01,2024-01-31,exp_overtime,-2410.41
L01,2024-01-31,exp_rent,-13227.15
L01,2024-01-31,exp_utilities,-2693.91
L01,2024-01-31,exp_property_insurance,-1058.73
L01,2024-01-31,exp_cam,-1507.6
L01,2024-01-31,exp_property_tax,-1854.8
L01,2024-01-31,exp_marketing,-2747.66
L01,2024-01-31,exp_pos_software,-1059.72
L01,2024-01-31,exp_equipment_maintenance,-1361.69
L01,2024-01-31,exp_cleaning,-1331.06
L01,2024-01-31,exp_cc_fees,-3113.09
L01,2024-01-31,exp_office_supplies,-555.91
L01,2024-01-31,exp_waste_removal,-712.73
L01,2024-01-31,exp_corporate_overhead,-3055.56
L01,2024-01-31,exp_training,-771.38
L01,2024-01-31,exp_general_liability_ins,-781.49
L01,2024-01-31,exp_bank_fees,-314.49
L01,2024-01-31,exp_depreciation,-2426.25
L01,2024-01-31,exp_professional_fees,-1287.94
L01,2024-02-29,rev_drip_coffee,19873.52
L01,2024-02-29,rev_espresso_drinks,29644.41
L01,2024-02-29,rev_cold_brew,15106.74
L01,2024-02-29,rev_specialty_seasonal,15355.06
L01,2024-02-29,rev_tea,4641.17
L01,2024-02-29,rev_pastries,11727.93
L01,2024-02-29,rev_sandwiches,11960.85
L01,2024-02-29,rev_breakfast,5383.61
L01,2024-02-29,rev_snacks,3123.27
L01,2024-02-29,rev_whole_bean,4531.37
L01,2024-02-29,rev_brew_equipment,2029.99
L01,2024-02-29,rev_merchandise,1450.23
L01,2024-02-29,rev_gift_cards,2467.61
L01,2024-02-29,rev_catering,2855.96
L01,2024-02-29,rev_wholesale,2835.7
L01,2024-02-29,exp_coffee_beans,-22674.44
L01,2024-02-29,exp_dairy,-14577.95
L01,2024-02-29,exp_syrups,-4670.7
L01,2024-02-29,exp_food_ingredients,-10565.6
L01,2024-02-29,exp_packaging,-5473.79
L01,2024-02-29,exp_retail_cogs,-3952.07
L01,2024-02-29,exp_barista_wages,-33498.03
L01,2024-02-29,exp_shift_lead_wages,-9093.48
L01,2024-02-29,exp_store_manager_salary,-12361.36
L01,2024-02-29,exp_payroll_taxes,-5034.88
L01,2024-02-29,exp_employee_benefits,-4396.91
L01,2024-02-29,exp_overtime,-2265.9
L01,2024-02-29,exp_rent,-13200.43
L01,2024-02-29,exp_utilities,-2640.53
L01,2024-02-29,exp_property_insurance,-1062.33
L01,2024-02-29,exp_cam,-1531.2
L01,2024-02-29,exp_property_tax,-1854.05
L01,2024-02-29,exp_marketing,-2833.92
L01,2024-02-29,exp_pos_software,-1190.9
L01,2024-02-29,exp_equipment_maintenance,-1523.3
L01,2024-02-29,exp_cleaning,-1177.94
L01,2024-02-29,exp_cc_fees,-2842.12
L01,2024-02-29,exp_office_supplies,-534.97
L01,2024-02-29,exp_waste_removal,-720.13
L01,2024-02-29,exp_corporate_overhead,-3810.98
L01,2024-02-29,exp_training,-836.34
L01,2024-02-29,exp_general_liability_ins,-914.86
L01,2024-02-29,exp_bank_fees,-315.6
L01,2024-02-29,exp_depreciation,-1718.11
L01,2024-02-29,exp_professional_fees,-1246.47
L01,2024-03-31,rev_drip_coffee,28513.89
L01,2024-03-31,rev_espresso_drinks,33188.44
L01,2024-03-31,rev_cold_brew,13526.69
L01,2024-03-31,rev_specialty_seasonal,9875.28
L01,2024-03-31,rev_tea,5426.26
L01,2024-03-31,rev_pastries,12224.91
L01,2024-03-31,rev_sandwiches,10266.32
L01,2024-03-31,rev_breakfast,7007.26
L01,2024-03-31,rev_snacks,3914.36
L01,2024-03-31,rev_whole_bean,4458.07
L01,2024-03-31,rev_brew_equipment,2414.61
L01,2024-03-31,rev_merchandise,1711.42
L01,2024-03-31,rev_gift_cards,2649.32
L01,2024-03-31,rev_catering,3496.42
L01,2024-03-31,rev_wholesale,2906.64
L01,2024-03-31,exp_coffee_beans,-25981.36
L01,2024-03-31,exp_dairy,-13514.55
L01,2024-03-31,exp_syrups,-5248.37
L01,2024-03-31,exp_food_ingredients,-11551.04
L01,2024-03-31,exp_packaging,-6285.11
L01,2024-03-31,exp_retail_cogs,-4073.88
L01,2024-03-31,exp_barista_wages,-37464.46
L01,2024-03-31,exp_shift_lead_wages,-9862.33
L01,2024-03-31,exp_store_manager_salary,-12942.2
L01,2024-03-31,exp_payroll_taxes,-5711.61
L01,2024-03-31,exp_employee_benefits,-4290.45
L01,2024-03-31,exp_overtime,-2614.09
L01,2024-03-31,exp_rent,-13400.92
L01,2024-03-31,exp_utilities,-2666.44
L01,2024-03-31,exp_property_insurance,-1053.41
L01,2024-03-31,exp_cam,-1509.12
L01,2024-03-31,exp_property_tax,-1811.83
L01,2024-03-31,exp_marketing,-2915.94
L01,2024-03-31,exp_pos_software,-1031.5
L01,2024-03-31,exp_equipment_maintenance,-1321.72
L01,2024-03-31,exp_cleaning,-984.47
L01,2024-03-31,exp_cc_fees,-2901.11
L01,2024-03-31,exp_office_supplies,-540.5
L01,2024-03-31,exp_waste_removal,-511.34
L01,2024-03-31,exp_corporate_overhead,-4341.69
L01,2024-03-31,exp_training,-896.0
L01,2024-03-31,exp_general_liability_ins,-747.67
L01,2024-03-31,exp_bank_fees,-305.87
L01,2024-03-31,exp_depreciation,-2453.74
L01,2024-03-31,exp_professional_fees,-1111.03
L01,2024-04-30,rev_drip_coffee,29682.1
L01,2024-04-30,rev_espresso_drinks,37319.51
L01,2024-04-30,rev_cold_brew,17371.98
L01,2024-04-30,rev_specialty_seasonal,10517.46
L01,2024-04-30,rev_tea,6227.67
L01,2024-04-30,rev_pastries,13720.3
L01,2024-04-30,rev_sandwiches,13051.31
L01,2024-04-30,rev_breakfast,6755.24
L01,2024-04-30,rev_snacks,3816.7
L01,2024-04-30,rev_whole_bean,5125.62
L01,2024-04-30,rev_brew_equipment,2559.33
L01,2024-04-30,rev_merchandise,1732.88
L01,2024-04-30,rev_gift_cards,2649.94
L01,2024-04-30,rev_catering,3653.98
L01,2024-04-30,rev_wholesale,3172.54
L01,2024-04-30,exp_coffee_beans,-26206.55
L01,2024-04-30,exp_dairy,-16314.81
L01,2024-04-30,exp_syrups,-4862.62
L01,2024-04-30,exp_food_ingredients,-11888.5
L01,2024-04-30,exp_packaging,-5819.42
L01,2024-04-30,exp_retail_cogs,-3824.08
L01,2024-04-30,exp_barista_wages,-33053.23
L01,2024-04-30,exp_shift_lead_wages,-10282.33
L01,2024-04-30,exp_store_manager_salary,-12722.66
L01,2024-04-30,exp_payroll_taxes,-6158.42
L01,2024-04-30,exp_employee_benefits,-4594.18
L01,2024-04-30,exp_overtime,-2499.63
L01,2024-04-30,exp_rent,-13068.74
L01,2024-04-30,exp_utilities,-2740.14
L01,2024-04-30,exp_property_insurance,-1069.02
L01,2024-04-30,exp_cam,-1482.16
L01,2024-04-30,exp_property_tax,-1865.74
L01,2024-04-30,exp_marketing,-2952.41
L01,2024-04-30,exp_pos_software,-1107.32
L01,2024-04-30,exp_equipment_maintenance,-1591.35
L01,2024-04-30,exp_cleaning,-1256.56
L01,2024-04-30,exp_cc_fees,-2481.21
L01,2024-04-30,exp_office_supplies,-569.62
L01,2024-04-30,exp_waste_removal,-673.24
L01,2024-04-30,exp_corporate_overhead,-3536.25
L01,2024-04-30,exp_training,-735.87
L01,2024-04-30,exp_general_liability_ins,-860.36
L01,2024-04-30,exp_bank_fees,-339.89
L01,2024-04-30,exp_depreciation,-2032.98
L01,2024-04-30,exp_professional_fees,-1063.2
L01,2024-05-31,rev_drip_coffee,28538.94
L01,2024-05-31,rev_espresso_drinks,30993.88
L01,2024-05-31,rev_cold_brew,15573.58
L01,2024-05-31,rev_specialty_seasonal,10366.43
L01,2024-05-31,rev_tea,6855.48
L01,2024-05-31,rev_pastries,14030.38
L01,2024-05-31,rev_sandwiches,13221.15
L01,2024-05-31,rev_breakfast,6726.56
L01,2024-05-31,rev_snacks,3780.29
L01,2024-05-31,rev_whole_bean,5796.89
L01,2024-05-31,rev_brew_equipment,2539.19
L01,2024-05-31,rev_merchandise,1696.09
L01,2024-05-31,rev_gift_cards,2845.1
L01,2024-05-31,rev_catering,4060.01
L01,2024-05-31,rev_wholesale,3290.63
L01,2024-05-31,exp_coffee_beans,-28942.61
L01,2024-05-31,exp_dairy,-17011.96
L01,2024-05-31,exp_syrups,-5287.53
L01,2024-05-31,exp_food_ingredients,-11558.05
L01,2024-05-31,exp_packaging,-6677.68
L01,2024-05-31,exp_retail_cogs,-4812.01
L01,2024-05-31,exp_barista_wages,-33895.75
L01,2024-05-31,exp_shift_lead_wages,-9948.14
L01,2024-05-31,exp_store_manager_salary,-13333.17
L01,2024-05-31,exp_payroll_taxes,-6273.47
L01,2024-05-31,exp_employee_benefits,-5316.61
L01,2024-05-31,exp_overtime,-2827.24
L01,2024-05-31,exp_rent,-12986.37
L01,2024-05-31,exp_utilities,-2635.88
L01,2024-05-31,exp_property_insurance,-1090.55
L01,2024-05-31,exp_cam,-1500.61
L01,2024-05-31,exp_property_tax,-1807.67
L01,2024-05-31,exp_marketing,-3637.88
L01,2024-05-31,exp_pos_software,-1225.64
L01,2024-05-31,exp_equipment_maintenance,-1774.55
L01,2024-05-31,exp_cleaning,-1066.05
L01,2024-05-31,exp_cc_fees,-3004.34
L01,2024-05-31,exp_office_supplies,-606.79
L01,2024-05-31,exp_waste_removal,-718.16
L01,2024-05-31,exp_corporate_overhead,-4528.82
L01,2024-05-31,exp_training,-927.66
L01,2024-05-31,exp_general_liability_ins,-864.73
L01,2024-05-31,exp_bank_fees,-374.69
L01,2024-05-31,exp_depreciation,-2341.65
L01,2024-05-31,exp_professional_fees,-882.05
L01,2024-06-30,rev_drip_coffee,28108.61
L01,2024-06-30,rev_espresso_drinks,38639.18
L01,2024-06-30,rev_cold_brew,22867.81
L01,2024-06-30,rev_specialty_seasonal,13545.32
L01,2024-06-30,rev_tea,7452.79
L01,2024-06-30,rev_pastries,16226.25
L01,2024-06-30,rev_sandwiches,13558.22
L01,2024-06-30,rev_breakfast,8748.21
L01,2024-06-30,rev_snacks,4433.25
L01,2024-06-30,rev_whole_bean,6066.34
L01,2024-06-30,rev_brew_equipment,2460.07
L01,2024-06-30,rev_merchandise,1788.12
L01,2024-06-30,rev_gift_cards,3095.91
L01,2024-06-30,rev_catering,3794.93
L01,2024-06-30,rev_wholesale,3451.96
L01,2024-06-30,exp_coffee_beans,-29598.03
L01,2024-06-30,exp_dairy,-19009.97
L01,2024-06-30,exp_syrups,-6411.5
L01,2024-06-30,exp_food_ingredients,-13897.18
L01,2024-06-30,exp_packaging,-6867.49
L01,2024-06-30,exp_retail_cogs,-4855.79
L01,2024-06-30,exp_barista_wages,-37085.13
L01,2024-06-30,exp_shift_lead_wages,-10886.68
L01,2024-06-30,exp_store_manager_salary,-13656.41
L01,2024-06-30,exp_payroll_taxes,-5901.27
L01,2024-06-30,exp_employee_benefits,-4615.46
L01,2024-06-30,exp_overtime,-2938.77
L01,2024-06-30,exp_rent,-13186.02
L01,2024-06-30,exp_utilities,-2587.92
L01,2024-06-30,exp_property_insurance,-1087.63
L01,2024-06-30,exp_cam,-1539.71
L01,2024-06-30,exp_property_tax,-1884.22
L01,2024-06-30,exp_marketing,-3329.03
L01,2024-06-30,exp_pos_software,-1044.03
L01,2024-06-30,exp_equipment_maintenance,-1458.86
L01,2024-06-30,exp_cleaning,-1046.93
L01,2024-06-30,exp_cc_fees,-2863.07
L01,2024-06-30,exp_office_supplies,-591.94
L01,2024-06-30,exp_waste_removal,-776.26
L01,2024-06-30,exp_corporate_overhead,-4468.56
L01,2024-06-30,exp_training,-860.71
L01,2024-06-30,exp_general_liability_ins,-704.97
L01,2024-06-30,exp_bank_fees,-341.01
L01,2024-06-30,exp_depreciation,-2313.67
L01,2024-06-30,exp_professional_fees,-1051.84
L01,2024-07-31,rev_drip_coffee,27344.29
L01,2024-07-31,rev_espresso_drinks,42361.7
L01,2024-07-31,rev_cold_brew,25104.03
L01,2024-07-31,rev_specialty_seasonal,11642.84
L01,2024-07-31,rev_tea,6890.06
L01,2024-07-31,rev_pastries,14543.64
L01,2024-07-31,rev_sandwiches,13909.26
L01,2024-07-31,rev_breakfast,8283.79
L01,2024-07-31,rev_snacks,4133.08
L01,2024-07-31,rev_whole_bean,5893.41
L01,2024-07-31,rev_brew_equipment,3086.51
L01,2024-07-31,rev_merchandise,1614.07
L01,2024-07-31,rev_gift_cards,2627.86
L01,2024-07-31,rev_catering,3701.98
L01,2024-07-31,rev_wholesale,3567.29
L01,2024-07-31,exp_coffee_beans,-30559.64
L01,2024-07-31,exp_dairy,-17804.18
L01,2024-07-31,exp_syrups,-6684.05
L01,2024-07-31,exp_food_ingredients,-12355.36
L01,2024-07-31,exp_packaging,-7102.68
L01,2024-07-31,exp_retail_cogs,-5363.26
L01,2024-07-31,exp_barista_wages,-35575.36
L01,2024-07-31,exp_shift_lead_wages,-11563.94
L01,2024-07-31,exp_store_manager_salary,-13374.38
L01,2024-07-31,exp_payroll_taxes,-5942.12
L01,2024-07-31,exp_employee_benefits,-4972.27
L01,2024-07-31,exp_overtime,-3146.24
L01,2024-07-31,exp_rent,-13564.43
L01,2024-07-31,exp_utilities,-2665.79
L01,2024-07-31,exp_property_insurance,-1131.85
L01,2024-07-31,exp_cam,-1510.72
L01,2024-07-31,exp_property_tax,-1909.84
L01,2024-07-31,exp_marketing,-2991.13
L01,2024-07-31,exp_pos_software,-1053.61
L01,2024-07-31,exp_equipment_maintenance,-1651.76
L01,2024-07-31,exp_cleaning,-1547.43
L01,2024-07-31,exp_cc_fees,-3003.3
L01,2024-07-31,exp_office_supplies,-529.98
L01,2024-07-31,exp_waste_removal,-754.37
L01,2024-07-31,exp_corporate_overhead,-3880.07
L01,2024-07-31,exp_training,-829.52
L01,2024-07-31,exp_general_liability_ins,-878.3
L01,2024-07-31,exp_bank_fees,-353.35
L01,2024-07-31,exp_depreciation,-2327.56
L01,2024-07-31,exp_professional_fees,-1075.03
L01,2024-08-31,rev_drip_coffee,28161.64
L01,2024-08-31,rev_espresso_drinks,41066.64
L01,2024-08-31,rev_cold_brew,21144.09
L01,2024-08-31,rev_specialty_seasonal,12351.08
L01,2024-08-31,rev_tea,5925.1
L01,2024-08-31,rev_pastries,12715.07
L01,2024-08-31,rev_sandwiches,12988.69
L01,2024-08-31,rev_breakfast,7806.25
L01,2024-08-31,rev_snacks,4108.56
L01,2024-08-31,rev_whole_bean,6252.68
L01,2024-08-31,rev_brew_equipment,2363.46
L01,2024-08-31,rev_merchandise,1646.72
L01,2024-08-31,rev_gift_cards,2884.42
L01,2024-08-31,rev_catering,4145.26
L01,2024-08-31,rev_wholesale,3480.21
L01,2024-08-31,exp_coffee_beans,-27715.03
L01,2024-08-31,exp_dairy,-17751.2
L01,2024-08-31,exp_syrups,-6046.5
L01,2024-08-31,exp_food_ingredients,-12350.79
L01,2024-08-31,exp_packaging,-6009.58
L01,2024-08-31,exp_retail_cogs,-4755.63
L01,2024-08-31,exp_barista_wages,-36639.8
L01,2024-08-31,exp_shift_lead_wages,-11444.19
L01,2024-08-31,exp_store_manager_salary,-13607.88
L01,2024-08-31,exp_payroll_taxes,-6193.04
L01,2024-08-31,exp_employee_benefits,-5215.89
L01,2024-08-31,exp_overtime,-2632.15
L01,2024-08-31,exp_rent,-12776.97
L01,2024-08-31,exp_utilities,-2625.14
L01,2024-08-31,exp_property_insurance,-1096.6
L01,2024-08-31,exp_cam,-1547.24
L01,2024-08-31,exp_property_tax,-1829.21
L01,2024-08-31,exp_marketing,-2263.96
L01,2024-08-31,exp_pos_software,-862.77
L01,2024-08-31,exp_equipment_maintenance,-1460.77
L01,2024-08-31,exp_cleaning,-1108.69
L01,2024-08-31,exp_cc_fees,-2654.66
L01,2024-08-31,exp_office_supplies,-572.51
L01,2024-08-31,exp_waste_removal,-666.29
L01,2024-08-31,exp_corporate_overhead,-4448.17
L01,2024-08-31,exp_training,-813.28
L01,2024-08-31,exp_general_liability_ins,-735.72
L01,2024-08-31,exp_bank_fees,-369.12
L01,2024-08-31,exp_depreciation,-1916.73
L01,2024-08-31,exp_professional_fees,-1115.36
L01,2024-09-30,rev_drip_coffee,25637.43
L01,2024-09-30,rev_espresso_drinks,36393.53
L01,2024-09-30,rev_cold_brew,19370.1
L01,2024-09-30,rev_specialty_seasonal,10331.79
L01,2024-09-30,rev_tea,6945.4
L01,2024-09-30,rev_pastries,13087.83
L01,2024-09-30,rev_sandwiches,10864.39
L01,2024-09-30,rev_breakfast,7230.43
L01,2024-09-30,rev_snacks,3686.25
L01,2024-09-30,rev_whole_bean,5109.55
L01,2024-09-30,rev_brew_equipment,2533.18
L01,2024-09-30,rev_merchandise,1648.49
L01,2024-09-30,rev_gift_cards,2666.28
L01,2024-09-30,rev_catering,4162.93
L01,2024-09-30,rev_wholesale,3448.99
L01,2024-09-30,exp_coffee_beans,-29006.79
L01,2024-09-30,exp_dairy,-16305.43
L01,2024-09-30,exp_syrups,-5970.17
L01,2024-09-30,exp_food_ingredients,-11459.6
L01,2024-09-30,exp_packaging,-6079.28
L01,2024-09-30,exp_retail_cogs,-4221.2
L01,2024-09-30,exp_barista_wages,-35745.58
L01,2024-09-30,exp_shift_lead_wages,-10629.52
L01,2024-09-30,exp_store_manager_salary,-12898.71
L01,2024-09-30,exp_payroll_taxes,-6499.96
L01,2024-09-30,exp_employee_benefits,-4669.21
L01,2024-09-30,exp_overtime,-2762.5
L01,2024-09-30,exp_rent,-13022.86
L01,2024-09-30,exp_utilities,-2687.89
L01,2024-09-30,exp_property_insurance,-1090.43
L01,2024-09-30,exp_cam,-1523.19
L01,2024-09-30,exp_property_tax,-1888.13
L01,2024-09-30,exp_marketing,-3516.7
L01,2024-09-30,exp_pos_software,-1072.18
L01,2024-09-30,exp_equipment_maintenance,-1687.47
L01,2024-09-30,exp_cleaning,-1039.04
L01,2024-09-30,exp_cc_fees,-2743.37
L01,2024-09-30,exp_office_supplies,-623.94
L01,2024-09-30,exp_waste_removal,-747.28
L01,2024-09-30,exp_corporate_overhead,-4110.92
L01,2024-09-30,exp_training,-949.56
L01,2024-09-30,exp_general_liability_ins,-844.66
L01,2024-09-30,exp_bank_fees,-394.53
L01,2024-09-30,exp_depreciation,-2330.0
L01,2024-09-30,exp_professional_fees,-1035.34
L01,2024-10-31,rev_drip_coffee,25600.01
L01,2024-10-31,rev_espresso_drinks,27640.89
L01,2024-10-31,rev_cold_brew,17365.49
L01,2024-10-31,rev_specialty_seasonal,7548.5
L01,2024-10-31,rev_tea,5039.71
L01,2024-10-31,rev_pastries,13539.12
L01,2024-10-31,rev_sandwiches,12316.55
L01,2024-10-31,rev_breakfast,6393.69
L01,2024-10-31,rev_snacks,3729.17
L01,2024-10-31,rev_whole_bean,5914.29
L01,2024-10-31,rev_brew_equipment,2313.85
L01,2024-10-31,rev_merchandise,1825.05
L01,2024-10-31,rev_gift_cards,2750.5
L01,2024-10-31,rev_catering,3905.99
L01,2024-10-31,rev_wholesale,3495.09
L01,2024-10-31,exp_coffee_beans,-26706.41
L01,2024-10-31,exp_dairy,-14792.97
L01,2024-10-31,exp_syrups,-5449.49
L01,2024-10-31,exp_food_ingredients,-12379.02
L01,2024-10-31,exp_packaging,-5643.08
L01,2024-10-31,exp_retail_cogs,-4270.63
L01,2024-10-31,exp_barista_wages,-33519.35
L01,2024-10-31,exp_shift_lead_wages,-11483.14
L01,2024-10-31,exp_store_manager_salary,-12904.8
L01,2024-10-31,exp_payroll_taxes,-5674.97
L01,2024-10-31,exp_employee_benefits,-4633.04
L01,2024-10-31,exp_overtime,-2700.09
L01,2024-10-31,exp_rent,-13245.04
L01,2024-10-31,exp_utilities,-2630.16
L01,2024-10-31,exp_property_insurance,-1067.59
L01,2024-10-31,exp_cam,-1543.0
L01,2024-10-31,exp_property_tax,-1829.91
L01,2024-10-31,exp_marketing,-2591.51
L01,2024-10-31,exp_pos_software,-1086.14
L01,2024-10-31,exp_equipment_maintenance,-1667.36
L01,2024-10-31,exp_cleaning,-994.44
L01,2024-10-31,exp_cc_fees,-2831.21
L01,2024-10-31,exp_office_supplies,-612.26
L01,2024-10-31,exp_waste_removal,-713.48
L01,2024-10-31,exp_corporate_overhead,-4280.15
L01,2024-10-31,exp_training,-749.76
L01,2024-10-31,exp_general_liability_ins,-831.8
L01,2024-10-31,exp_bank_fees,-341.59
L01,2024-10-31,exp_depreciation,-2155.15
L01,2024-10-31,exp_professional_fees,-1166.99
L01,2024-11-30,rev_drip_coffee,30110.93
L01,2024-11-30,rev_espresso_drinks,44591.89
L01,2024-11-30,rev_cold_brew,20111.41
L01,2024-11-30,rev_specialty_seasonal,16546.72
L01,2024-11-30,rev_tea,6491.51
L01,2024-11-30,rev_pastries,14977.94
L01,2024-11-30,rev_sandwiches,12936.61
L01,2024-11-30,rev_breakfast,7692.81
L01,2024-11-30,rev_snacks,4552.25
L01,2024-11-30,rev_whole_bean,5729.0
L01,2024-11-30,rev_brew_equipment,2447.95
L01,2024-11-30,rev_merchandise,1615.77
L01,2024-11-30,rev_gift_cards,3121.66
L01,2024-11-30,rev_catering,4086.09
L01,2024-11-30,rev_wholesale,3433.33
L01,2024-11-30,exp_coffee_beans,-29615.25
L01,2024-11-30,exp_dairy,-16504.12
L01,2024-11-30,exp_syrups,-6141.69
L01,2024-11-30,exp_food_ingredients,-13646.88
L01,2024-11-30,exp_packaging,-6137.02
L01,2024-11-30,exp_retail_cogs,-5008.97
L01,2024-11-30,exp_barista_wages,-35618.69
L01,2024-11-30,exp_shift_lead_wages,-10257.53
L01,2024-11-30,exp_store_manager_salary,-12634.98
L01,2024-11-30,exp_payroll_taxes,-5672.66
L01,2024-11-30,exp_employee_benefits,-4896.05
L01,2024-11-30,exp_overtime,-2743.19
L01,2024-11-30,exp_rent,-12995.5
L01,2024-11-30,exp_utilities,-2717.09
L01,2024-11-30,exp_property_insurance,-1097.71
L01,2024-11-30,exp_cam,-1519.19
L01,2024-11-30,exp_property_tax,-1860.25
L01,2024-11-30,exp_marketing,-3205.33
L01,2024-11-30,exp_pos_software,-820.76
L01,2024-11-30,exp_equipment_maintenance,-1535.45
L01,2024-11-30,exp_cleaning,-918.18
L01,2024-11-30,exp_cc_fees,-2777.67
L01,2024-11-30,exp_office_supplies,-570.05
L01,2024-11-30,exp_waste_removal,-759.63
L01,2024-11-30,exp_corporate_overhead,-4503.85
L01,2024-11-30,exp_training,-889.93
L01,2024-11-30,exp_general_liability_ins,-764.86
L01,2024-11-30,exp_bank_fees,-369.34
L01,2024-11-30,exp_depreciation,-2144.93
L01,2024-11-30,exp_professional_fees,-1073.38
L01,2024-12-31,rev_drip_coffee,32814.3
L01,2024-12-31,rev_espresso_drinks,42083.54
L01,2024-12-31,rev_cold_brew,21881.18
L01,2024-12-31,rev_specialty_seasonal,19879.12
L01,2024-12-31,rev_tea,6587.01
L01,2024-12-31,rev_pastries,17183.61
L01,2024-12-31,rev_sandwiches,15282.12
L01,2024-12-31,rev_breakfast,8670.19
L01,2024-12-31,rev_snacks,4530.2
L01,2024-12-31,rev_whole_bean,6055.53
L01,2024-12-31,rev_brew_equipment,2810.29
L01,2024-12-31,rev_merchandise,1969.76
L01,2024-12-31,rev_gift_cards,3099.55
L01,2024-12-31,rev_catering,4776.18
L01,2024-12-31,rev_wholesale,3400.56
L01,2024-12-31,exp_coffee_beans,-32039.47
L01,2024-12-31,exp_dairy,-19103.8
L01,2024-12-31,exp_syrups,-7502.35
L01,2024-12-31,exp_food_ingredients,-14087.45
L01,2024-12-31,exp_packaging,-7932.57
L01,2024-12-31,exp_retail_cogs,-5317.22
L01,2024-12-31,exp_barista_wages,-40569.47
L01,2024-12-31,exp_shift_lead_wages,-12365.94
L01,2024-12-31,exp_store_manager_salary,-14921.85
L01,2024-12-31,exp_payroll_taxes,-6455.18
L01,2024-12-31,exp_employee_benefits,-5721.42
L01,2024-12-31,exp_overtime,-2924.68
L01,2024-12-31,exp_rent,-13379.91
L01,2024-12-31,exp_utilities,-2649.24
L01,2024-12-31,exp_property_insurance,-1088.99
L01,2024-12-31,exp_cam,-1477.28
L01,2024-12-31,exp_property_tax,-1861.92
L01,2024-12-31,exp_marketing,-3455.63
L01,2024-12-31,exp_pos_software,-1031.94
L01,2024-12-31,exp_equipment_maintenance,-1562.15
L01,2024-12-31,exp_cleaning,-1043.3
L01,2024-12-31,exp_cc_fees,-2704.23
L01,2024-12-31,exp_office_supplies,-479.47
L01,2024-12-31,exp_waste_removal,-624.95
L01,2024-12-31,exp_corporate_overhead,-4117.03
L01,2024-12-31,exp_training,-987.29
L01,2024-12-31,exp_general_liability_ins,-1031.33
L01,2024-12-31,exp_bank_fees,-331.59
L01,2024-12-31,exp_depreciation,-2589.5
L01,2024-12-31,exp_professional_fees,-1099.7
L01,2025-01-31,rev_drip_coffee,22706.32
L01,2025-01-31,rev_espresso_drinks,34439.81
L01,2025-01-31,rev_cold_brew,15611.25
L01,2025-01-31,rev_specialty_seasonal,14376.2
L01,2025-01-31,rev_tea,5213.4
L01,2025-01-31,rev_pastries,10699.57
L01,2025-01-31,rev_sandwiches,9586.76
L01,2025-01-31,rev_breakfast,6838.68
L01,2025-01-31,rev_snacks,3565.1
L01,2025-01-31,rev_whole_bean,4679.58
L01,2025-01-31,rev_brew_equipment,2220.7
L01,2025-01-31,rev_merchandise,1517.35
L01,2025-01-31,rev_gift_cards,2572.81
L01,2025-01-31,rev_catering,3304.26
L01,2025-01-31,rev_wholesale,3133.15
L01,2025-01-31,exp_coffee_beans,-26393.23
L01,2025-01-31,exp_dairy,-14713.03
L01,2025-01-31,exp_syrups,-5297.82
L01,2025-01-31,exp_food_ingredients,-12143.19
L01,2025-01-31,exp_packaging,-5899.16
L01,2025-01-31,exp_retail_cogs,-4110.79
L01,2025-01-31,exp_barista_wages,-34683.2
L01,2025-01-31,exp_shift_lead_wages,-10707.16
L01,2025-01-31,exp_store_manager_salary,-11481.35
L01,2025-01-31,exp_payroll_taxes,-5741.2
L01,2025-01-31,exp_employee_benefits,-4088.03
L01,2025-01-31,exp_overtime,-2421.64
L01,2025-01-31,exp_rent,-13424.75
L01,2025-01-31,exp_utilities,-2728.92
L01,2025-01-31,exp_property_insurance,-1122.74
L01,2025-01-31,exp_cam,-1501.45
L01,2025-01-31,exp_property_tax,-1802.61
L01,2025-01-31,exp_marketing,-2946.71
L01,2025-01-31,exp_pos_software,-1050.59
L01,2025-01-31,exp_equipment_maintenance,-1606.11
L01,2025-01-31,exp_cleaning,-1307.29
L01,2025-01-31,exp_cc_fees,-2667.7
L01,2025-01-31,exp_office_supplies,-590.39
L01,2025-01-31,exp_waste_removal,-619.74
L01,2025-01-31,exp_corporate_overhead,-4207.02
L01,2025-01-31,exp_training,-872.51
L01,2025-01-31,exp_general_liability_ins,-744.78
L01,2025-01-31,exp_bank_fees,-343.94
L01,2025-01-31,exp_depreciation,-2222.77
L01,2025-01-31,exp_professional_fees,-1044.53
L01,2025-02-28,rev_drip_coffee,25658.35
L01,2025-02-28,rev_espresso_drinks,32291.73
L01,2025-02-28,rev_cold_brew,14892.73
L01,2025-02-28,rev_specialty_seasonal,11595.66
L01,2025-02-28,rev_tea,4892.71
L01,2025-02-28,rev_pastries,11531.39
L01,2025-02-28,rev_sandwiches,10107.58
L01,2025-02-28,rev_breakfast,7057.04
L01,2025-02-28,rev_snacks,3517.75
L01,2025-02-28,rev_whole_bean,5299.96
L01,2025-02-28,rev_brew_equipment,2180.58
L01,2025-02-28,rev_merchandise,1399.07
L01,2025-02-28,rev_gift_cards,2462.24
L01,2025-02-28,rev_catering,3410.83
L01,2025-02-28,rev_wholesale,3173.45
L01,2025-02-28,exp_coffee_beans,-21144.11
L01,2025-02-28,exp_dairy,-12633.94
L01,2025-02-28,exp_syrups,-4805.47
L01,2025-02-28,exp_food_ingredients,-11187.26
L01,2025-02-28,exp_packaging,-5647.96
L01,2025-02-28,exp_retail_cogs,-3991.94
L01,2025-02-28,exp_barista_wages,-32298.87
L01,2025-02-28,exp_shift_lead_wages,-10880.03
L01,2025-02-28,exp_store_manager_salary,-12886.52
L01,2025-02-28,exp_payroll_taxes,-5500.51
L01,2025-02-28,exp_employee_benefits,-4648.0
L01,2025-02-28,exp_overtime,-2552.05
L01,2025-02-28,exp_rent,-12936.71
L01,2025-02-28,exp_utilities,-2721.28
L01,2025-02-28,exp_property_insurance,-1092.72
L01,2025-02-28,exp_cam,-1509.69
L01,2025-02-28,exp_property_tax,-1899.48
L01,2025-02-28,exp_marketing,-2279.31
L01,2025-02-28,exp_pos_software,-892.54
L01,2025-02-28,exp_equipment_maintenance,-1404.36
L01,2025-02-28,exp_cleaning,-1131.52
L01,2025-02-28,exp_cc_fees,-2697.23
L01,2025-02-28,exp_office_supplies,-484.35
L01,2025-02-28,exp_waste_removal,-619.98
L01,2025-02-28,exp_corporate_overhead,-3679.18
L01,2025-02-28,exp_training,-1086.59
L01,2025-02-28,exp_general_liability_ins,-950.21
L01,2025-02-28,exp_bank_fees,-337.75
L01,2025-02-28,exp_depreciation,-2182.14
L01,2025-02-28,exp_professional_fees,-950.16
L01,2025-03-31,rev_drip_coffee,20557.84
L01,2025-03-31,rev_espresso_drinks,34808.57
L01,2025-03-31,rev_cold_brew,15088.35
L01,2025-03-31,rev_specialty_seasonal,10303.4
L01,2025-03-31,rev_tea,4960.6
L01,2025-03-31,rev_pastries,11941.13
L01,2025-03-31,rev_sandwiches,11682.33
L01,2025-03-31,rev_breakfast,7061.08
L01,2025-03-31,rev_snacks,3976.88
L01,2025-03-31,rev_whole_bean,4638.97
L01,2025-03-31,rev_brew_equipment,2502.64
L01,2025-03-31,rev_merchandise,1409.47
L01,2025-03-31,rev_gift_cards,2812.65
L01,2025-03-31,rev_catering,3677.9
L01,2025-03-31,rev_wholesale,2680.13
L01,2025-03-31,exp_coffee_beans,-25412.51
L01,2025-03-31,exp_dairy,-15432.52
L01,2025-03-31,exp_syrups,-5495.98
L01,2025-03-31,exp_food_ingredients,-11983.31
L01,2025-03-31,exp_packaging,-6345.27
L01,2025-03-31,exp_retail_cogs,-4421.98
L01,2025-03-31,exp_barista_wages,-33999.69
L01,2025-03-31,exp_shift_lead_wages,-11191.11
L01,2025-03-31,exp_store_manager_salary,-14146.88
L01,2025-03-31,exp_payroll_taxes,-6350.81
L01,2025-03-31,exp_employee_benefits,-4251.46
L01,2025-03-31,exp_overtime,-2476.84
L01,2025-03-31,exp_rent,-13472.2
L01,2025-03-31,exp_utilities,-2627.02
L01,2025-03-31,exp_property_insurance,-1061.46
L01,2025-03-31,exp_cam,-1494.97
L01,2025-03-31,exp_property_tax,-1860.64
L01,2025-03-31,exp_marketing,-2988.38
L01,2025-03-31,exp_pos_software,-972.32
L01,2025-03-31,exp_equipment_maintenance,-1486.08
L01,2025-03-31,exp_cleaning,-1090.53
L01,2025-03-31,exp_cc_fees,-2524.27
L01,2025-03-31,exp_office_supplies,-700.44
L01,2025-03-31,exp_waste_removal,-708.19
L01,2025-03-31,exp_corporate_overhead,-4382.72
L01,2025-03-31,exp_training,-829.58
L01,2025-03-31,exp_general_liability_ins,-790.17
L01,2025-03-31,exp_bank_fees,-327.12
L01,2025-03-31,exp_depreciation,-1664.0
L01,2025-03-31,exp_professional_fees,-925.6
L01,2025-04-30,rev_drip_coffee,21839.05
L01,2025-04-30,rev_espresso_drinks,30329.52
L01,2025-04-30,rev_cold_brew,15609.75
L01,2025-04-30,rev_specialty_seasonal,12077.27
L01,2025-04-30,rev_tea,5966.99
L01,2025-04-30,rev_pastries,14767.56
L01,2025-04-30,rev_sandwiches,12552.25
L01,2025-04-30,rev_breakfast,7673.24
L01,2025-04-30,rev_snacks,3758.94
L01,2025-04-30,rev_whole_bean,5688.76
L01,2025-04-30,rev_brew_equipment,2609.51
L01,2025-04-30,rev_merchandise,1512.01
L01,2025-04-30,rev_gift_cards,2944.16
L01,2025-04-30,rev_catering,4050.28
L01,2025-04-30,rev_wholesale,3030.89
L01,2025-04-30,exp_coffee_beans,-25653.89
L01,2025-04-30,exp_dairy,-15008.78
L01,2025-04-30,exp_syrups,-5637.48
L01,2025-04-30,exp_food_ingredients,-12911.27
L01,2025-04-30,exp_packaging,-5958.22
L01,2025-04-30,exp_retail_cogs,-4437.37
L01,2025-04-30,exp_barista_wages,-36799.75
L01,2025-04-30,exp_shift_lead_wages,-11444.13
L01,2025-04-30,exp_store_manager_salary,-14277.85
L01,2025-04-30,exp_payroll_taxes,-6303.84
L01,2025-04-30,exp_employee_benefits,-4445.1
L01,2025-04-30,exp_overtime,-2975.39
L01,2025-04-30,exp_rent,-12944.7
L01,2025-04-30,exp_utilities,-2739.91
L01,2025-04-30,exp_property_insurance,-1091.79
L01,2025-04-30,exp_cam,-1497.21
L01,2025-04-30,exp_property_tax,-1778.42
L01,2025-04-30,exp_marketing,-2967.5
L01,2025-04-30,exp_pos_software,-877.81
L01,2025-04-30,exp_equipment_maintenance,-1747.66
L01,2025-04-30,exp_cleaning,-1352.27
L01,2025-04-30,exp_cc_fees,-2547.13
L01,2025-04-30,exp_office_supplies,-587.53
L01,2025-04-30,exp_waste_removal,-637.84
L01,2025-04-30,exp_corporate_overhead,-3772.72
L01,2025-04-30,exp_training,-939.8
L01,2025-04-30,exp_general_liability_ins,-802.04
L01,2025-04-30,exp_bank_fees,-413.53
L01,2025-04-30,exp_depreciation,-2155.28
L01,2025-04-30,exp_professional_fees,-1180.81
L01,2025-05-31,rev_drip_coffee,27024.14
L01,2025-05-31,rev_espresso_drinks,41308.13
L01,2025-05-31,rev_cold_brew,17475.04
L01,2025-05-31,rev_specialty_seasonal,11420.34
L01,2025-05-31,rev_tea,6229.6
L01,2025-05-31,rev_pastries,13114.79
L01,2025-05-31,rev_sandwiches,13436.19
L01,2025-05-31,rev_breakfast,7976.65
L01,2025-05-31,rev_snacks,4455.41
L01,2025-05-31,rev_whole_bean,6437.8
L01,2025-05-31,rev_brew_equipment,2889.24
L01,2025-05-31,rev_merchandise,1614.47
L01,2025-05-31,rev_gift_cards,3047.22
L01,2025-05-31,rev_catering,3865.54
L01,2025-05-31,rev_wholesale,3335.0
L01,2025-05-31,exp_coffee_beans,-27682.9
L01,2025-05-31,exp_dairy,-18107.87
L01,2025-05-31,exp_syrups,-6001.04
L01,2025-05-31,exp_food_ingredients,-13193.33
L01,2025-05-31,exp_packaging,-6903.05
L01,2025-05-31,exp_retail_cogs,-4148.05
L01,2025-05-31,exp_barista_wages,-32205.14
L01,2025-05-31,exp_shift_lead_wages,-11903.02
L01,2025-05-31,exp_store_manager_salary,-13495.97
L01,2025-05-31,exp_payroll_taxes,-6118.63
L01,2025-05-31,exp_employee_benefits,-4481.33
L01,2025-05-31,exp_overtime,-2778.3
L01,2025-05-31,exp_rent,-13607.9
L01,2025-05-31,exp_utilities,-2728.06
L01,2025-05-31,exp_property_insurance,-1094.0
L01,2025-05-31,exp_cam,-1496.39
L01,2025-05-31,exp_property_tax,-1830.57
L01,2025-05-31,exp_marketing,-2376.43
L01,2025-05-31,exp_pos_software,-1066.78
L01,2025-05-31,exp_equipment_maintenance,-1728.25
L01,2025-05-31,exp_cleaning,-989.17
L01,2025-05-31,exp_cc_fees,-2584.63
L01,2025-05-31,exp_office_supplies,-504.3
L01,2025-05-31,exp_waste_removal,-621.34
L01,2025-05-31,exp_corporate_overhead,-4047.27
L01,2025-05-31,exp_training,-690.43
L01,2025-05-31,exp_general_liability_ins,-854.6
L01,2025-05-31,exp_bank_fees,-378.81
L01,2025-05-31,exp_depreciation,-2207.61
L01,2025-05-31,exp_professional_fees,-807.22
L01,2025-06-30,rev_drip_coffee,26322.81
L01,2025-06-30,rev_espresso_drinks,45510.63
L01,2025-06-30,rev_cold_brew,20297.71
L01,2025-06-30,rev_specialty_seasonal,11890.16
L01,2025-06-30,rev_tea,6073.75
L01,2025-06-30,rev_pastries,15956.8
L01,2025-06-30,rev_sandwiches,12875.89
L01,2025-06-30,rev_breakfast,8349.07
L01,2025-06-30,rev_snacks,4742.24
L01,2025-06-30,rev_whole_bean,7013.39
L01,2025-06-30,rev_brew_equipment,2716.82
L01,2025-06-30,rev_merchandise,1828.76
L01,2025-06-30,rev_gift_cards,2781.21
L01,2025-06-30,rev_catering,4753.03
L01,2025-06-30,rev_wholesale,3334.67
L01,2025-06-30,exp_coffee_beans,-29587.78
L01,2025-06-30,exp_dairy,-17847.84
L01,2025-06-30,exp_syrups,-5795.51
L01,2025-06-30,exp_food_ingredients,-14390.74
L01,2025-06-30,exp_packaging,-7284.68
L01,2025-06-30,exp_retail_cogs,-5035.95
L01,2025-06-30,exp_barista_wages,-34469.89
L01,2025-06-30,exp_shift_lead_wages,-11728.77
L01,2025-06-30,exp_store_manager_salary,-14609.66
L01,2025-06-30,exp_payroll_taxes,-5563.5
L01,2025-06-30,exp_employee_benefits,-4737.66
L01,2025-06-30,exp_overtime,-3046.04
L01,2025-06-30,exp_rent,-13154.32
L01,2025-06-30,exp_utilities,-2705.94
L01,2025-06-30,exp_property_insurance,-1130.85
L01,2025-06-30,exp_cam,-1523.8
L01,2025-06-30,exp_property_tax,-1869.41
L01,2025-06-30,exp_marketing,-3837.76
L01,2025-06-30,exp_pos_software,-1017.75
L01,2025-06-30,exp_equipment_maintenance,-1466.38
L01,2025-06-30,exp_cleaning,-1224.4
L01,2025-06-30,exp_cc_fees,-2889.19
L01,2025-06-30,exp_office_supplies,-540.27
L01,2025-06-30,exp_waste_removal,-616.73
L01,2025-06-30,exp_corporate_overhead,-4955.62
L01,2025-06-30,exp_training,-900.75
L01,2025-06-30,exp_general_liability_ins,-746.19
L01,2025-06-30,exp_bank_fees,-384.52
L01,2025-06-30,exp_depreciation,-2239.76
L01,2025-06-30,exp_professional_fees,-1046.38
L01,2025-07-31,rev_drip_coffee,30690.07
L01,2025-07-31,rev_espresso_drinks,38138.45
L01,2025-07-31,rev_cold_brew,27552.61
L01,2025-07-31,rev_specialty_seasonal,14479.57
L01,2025-07-31,rev_tea,7143.35
L01,2025-07-31,rev_pastries,14930.11
L01,2025-07-31,rev_sandwiches,13408.62
L01,2025-07-31,rev_breakfast,8031.73
L01,2025-07-31,rev_snacks,4563.88
L01,2025-07-31,rev_whole_bean,6089.11
L01,2025-07-31,rev_brew_equipment,3043.49
L01,2025-07-31,rev_merchandise,1570.15
L01,2025-07-31,rev_gift_cards,3464.2
L01,2025-07-31,rev_catering,4320.64
L01,2025-07-31,rev_wholesale,3755.75
L01,2025-07-31,exp_coffee_beans,-29495.38
L01,2025-07-31,exp_dairy,-19565.09
L01,2025-07-31,exp_syrups,-6857.22
L01,2025-07-31,exp_food_ingredients,-15310.04
L01,2025-07-31,exp_packaging,-6594.31
L01,2025-07-31,exp_retail_cogs,-5307.47
L01,2025-07-31,exp_barista_wages,-39673.36
L01,2025-07-31,exp_shift_lead_wages,-10855.03
L01,2025-07-31,exp_store_manager_salary,-14197.53
L01,2025-07-31,exp_payroll_taxes,-6513.11
L01,2025-07-31,exp_employee_benefits,-5319.75
L01,2025-07-31,exp_overtime,-2973.0
L01,2025-07-31,exp_rent,-13159.85
L01,2025-07-31,exp_utilities,-2762.92
L01,2025-07-31,exp_property_insurance,-1117.04
L01,2025-07-31,exp_cam,-1423.09
L01,2025-07-31,exp_property_tax,-1833.41
L01,2025-07-31,exp_marketing,-2969.59
L01,2025-07-31,exp_pos_software,-857.77
L01,2025-07-31,exp_equipment_maintenance,-1608.53
L01,2025-07-31,exp_cleaning,-1320.8
L01,2025-07-31,exp_cc_fees,-2466.96
L01,2025-07-31,exp_office_supplies,-589.5
L01,2025-07-31,exp_waste_removal,-624.75
L01,2025-07-31,exp_corporate_overhead,-3755.24
L01,2025-07-31,exp_training,-1001.11
L01,2025-07-31,exp_general_liability_ins,-761.46
L01,2025-07-31,exp_bank_fees,-368.53
L01,2025-07-31,exp_depreciation,-1840.74
L01,2025-07-31,exp_professional_fees,-1273.45
L01,2025-08-31,rev_drip_coffee,29446.46
L01,2025-08-31,rev_espresso_drinks,40091.08
L01,2025-08-31,rev_cold_brew,26811.78
L01,2025-08-31,rev_specialty_seasonal,10657.03
L01,2025-08-31,rev_tea,7210.27
L01,2025-08-31,rev_pastries,14342.49
L01,2025-08-31,rev_sandwiches,13149.72
L01,2025-08-31,rev_breakfast,7630.85
L01,2025-08-31,rev_snacks,4249.0
L01,2025-08-31,rev_whole_bean,6339.66
L01,2025-08-31,rev_brew_equipment,2767.87
L01,2025-08-31,rev_merchandise,1834.56
L01,2025-08-31,rev_gift_cards,3097.63
L01,2025-08-31,rev_catering,4437.24
L01,2025-08-31,rev_wholesale,3370.44
L01,2025-08-31,exp_coffee_beans,-33230.89
L01,2025-08-31,exp_dairy,-16172.89
L01,2025-08-31,exp_syrups,-6563.81
L01,2025-08-31,exp_food_ingredients,-14929.67
L01,2025-08-31,exp_packaging,-6533.7
L01,2025-08-31,exp_retail_cogs,-5417.97
L01,2025-08-31,exp_barista_wages,-39932.97
L01,2025-08-31,exp_shift_lead_wages,-12367.2
L01,2025-08-31,exp_store_manager_salary,-13855.98
L01,2025-08-31,exp_payroll_taxes,-6120.05
L01,2025-08-31,exp_employee_benefits,-4945.47
L01,2025-08-31,exp_overtime,-2929.0
L01,2025-08-31,exp_rent,-13450.29
L01,2025-08-31,exp_utilities,-2693.56
L01,2025-08-31,exp_property_insurance,-1070.43
L01,2025-08-31,exp_cam,-1534.54
L01,2025-08-31,exp_property_tax,-1879.12
L01,2025-08-31,exp_marketing,-3216.96
L01,2025-08-31,exp_pos_software,-1117.51
L01,2025-08-31,exp_equipment_maintenance,-1550.35
L01,2025-08-31,exp_cleaning,-1065.09
L01,2025-08-31,exp_cc_fees,-2527.4
L01,2025-08-31,exp_office_supplies,-477.04
L01,2025-08-31,exp_waste_removal,-704.03
L01,2025-08-31,exp_corporate_overhead,-3992.14
L01,2025-08-31,exp_training,-833.86
L01,2025-08-31,exp_general_liability_ins,-567.18
L01,2025-08-31,exp_bank_fees,-308.31
L01,2025-08-31,exp_depreciation,-2518.29
L01,2025-08-31,exp_professional_fees,-1002.18
L01,2025-09-30,rev_drip_coffee,26800.47
L01,2025-09-30,rev_espresso_drinks,33528.95
L01,2025-09-30,rev_cold_brew,19631.88
L01,2025-09-30,rev_specialty_seasonal,11009.87
L01,2025-09-30,rev_tea,6249.77
L01,2025-09-30,rev_pastries,16193.64
L01,2025-09-30,rev_sandwiches,13899.53
L01,2025-09-30,rev_breakfast,7184.94
L01,2025-09-30,rev_snacks,3935.82
L01,2025-09-30,rev_whole_bean,5424.06
L01,2025-09-30,rev_brew_equipment,2617.67
L01,2025-09-30,rev_merchandise,1603.23
L01,2025-09-30,rev_gift_cards,2783.49
L01,2025-09-30,rev_catering,4416.16
L01,2025-09-30,rev_wholesale,3204.13
L01,2025-09-30,exp_coffee_beans,-30910.93
L01,2025-09-30,exp_dairy,-16346.21
L01,2025-09-30,exp_syrups,-6236.56
L01,2025-09-30,exp_food_ingredients,-13189.14
L01,2025-09-30,exp_packaging,-6632.84
L01,2025-09-30,exp_retail_cogs,-4356.34
L01,2025-09-30,exp_barista_wages,-34157.6
L01,2025-09-30,exp_shift_lead_wages,-11473.08
L01,2025-09-30,exp_store_manager_salary,-13999.73
L01,2025-09-30,exp_payroll_taxes,-5938.66
L01,2025-09-30,exp_employee_benefits,-4415.72
L01,2025-09-30,exp_overtime,-2511.15
L01,2025-09-30,exp_rent,-12710.2
L01,2025-09-30,exp_utilities,-2588.94
L01,2025-09-30,exp_property_insurance,-1092.69
L01,2025-09-30,exp_cam,-1543.62
L01,2025-09-30,exp_property_tax,-1844.63
L01,2025-09-30,exp_marketing,-2336.81
L01,2025-09-30,exp_pos_software,-1020.14
L01,2025-09-30,exp_equipment_maintenance,-1567.58
L01,2025-09-30,exp_cleaning,-1420.28
L01,2025-09-30,exp_cc_fees,-2364.4
L01,2025-09-30,exp_office_supplies,-548.03
L01,2025-09-30,exp_waste_removal,-805.05
L01,2025-09-30,exp_corporate_overhead,-4206.88
L01,2025-09-30,exp_training,-921.38
L01,2025-09-30,exp_general_liability_ins,-814.37
L01,2025-09-30,exp_bank_fees,-363.87
L01,2025-09-30,exp_depreciation,-2440.56
L01,2025-09-30,exp_professional_fees,-986.63
L01,2025-10-31,rev_drip_coffee,27332.18
L01,2025-10-31,rev_espresso_drinks,32923.84
L01,2025-10-31,rev_cold_brew,17713.76
L01,2025-10-31,rev_specialty_seasonal,11075.95
L01,2025-10-31,rev_tea,5693.04
L01,2025-10-31,rev_pastries,13361.28
L01,2025-10-31,rev_sandwiches,11547.44
L01,2025-10-31,rev_breakfast,6602.05
L01,2025-10-31,rev_snacks,3936.3
L01,2025-10-31,rev_whole_bean,4977.69
L01,2025-10-31,rev_brew_equipment,2529.44
L01,2025-10-31,rev_merchandise,1439.29
L01,2025-10-31,rev_gift_cards,2978.52
L01,2025-10-31,rev_catering,3508.53
L01,2025-10-31,rev_wholesale,3026.64
L01,2025-10-31,exp_coffee_beans,-26330.89
L01,2025-10-31,exp_dairy,-17010.34
L01,2025-10-31,exp_syrups,-5705.9
L01,2025-10-31,exp_food_ingredients,-12569.08
L01,2025-10-31,exp_packaging,-6358.77
L01,2025-10-31,exp_retail_cogs,-3964.58
L01,2025-10-31,exp_barista_wages,-35489.63
L01,2025-10-31,exp_shift_lead_wages,-12357.37
L01,2025-10-31,exp_store_manager_salary,-13165.36
L01,2025-10-31,exp_payroll_taxes,-5879.08
L01,2025-10-31,exp_employee_benefits,-4884.75
L01,2025-10-31,exp_overtime,-2847.63
L01,2025-10-31,exp_rent,-12560.96
L01,2025-10-31,exp_utilities,-2593.52
L01,2025-10-31,exp_property_insurance,-1094.89
L01,2025-10-31,exp_cam,-1488.07
L01,2025-10-31,exp_property_tax,-1893.55
L01,2025-10-31,exp_marketing,-2924.14
L01,2025-10-31,exp_pos_software,-838.79
L01,2025-10-31,exp_equipment_maintenance,-1391.46
L01,2025-10-31,exp_cleaning,-851.31
L01,2025-10-31,exp_cc_fees,-2702.89
L01,2025-10-31,exp_office_supplies,-559.57
L01,2025-10-31,exp_waste_removal,-658.54
L01,2025-10-31,exp_corporate_overhead,-4460.06
L01,2025-10-31,exp_training,-976.78
L01,2025-10-31,exp_general_liability_ins,-791.43
L01,2025-10-31,exp_bank_fees,-277.06
L01,2025-10-31,exp_depreciation,-2404.26
L01,2025-10-31,exp_professional_fees,-1133.15
L01,2025-11-30,rev_drip_coffee,28263.99
L01,2025-11-30,rev_espresso_drinks,43081.8
L01,2025-11-30,rev_cold_brew,16904.07
L01,2025-11-30,rev_specialty_seasonal,19848.46
L01,2025-11-30,rev_tea,5970.95
L01,2025-11-30,rev_pastries,15322.9
L01,2025-11-30,rev_sandwiches,11353.2
L01,2025-11-30,rev_breakfast,7218.46
L01,2025-11-30,rev_snacks,4905.69
L01,2025-11-30,rev_whole_bean,5773.62
L01,2025-11-30,rev_brew_equipment,2841.96
L01,2025-11-30,rev_merchandise,1744.4
L01,2025-11-30,rev_gift_cards,3017.9
L01,2025-11-30,rev_catering,4641.34
L01,2025-11-30,rev_wholesale,3359.06
L01,2025-11-30,exp_coffee_beans,-26740.5
L01,2025-11-30,exp_dairy,-16537.61
L01,2025-11-30,exp_syrups,-6229.33
L01,2025-11-30,exp_food_ingredients,-13991.17
L01,2025-11-30,exp_packaging,-6175.4
L01,2025-11-30,exp_retail_cogs,-4612.66
L01,2025-11-30,exp_barista_wages,-35961.56
L01,2025-11-30,exp_shift_lead_wages,-11302.58
L01,2025-11-30,exp_store_manager_salary,-12549.28
L01,2025-11-30,exp_payroll_taxes,-5900.56
L01,2025-11-30,exp_employee_benefits,-4736.05
L01,2025-11-30,exp_overtime,-2961.04
L01,2025-11-30,exp_rent,-13295.36
L01,2025-11-30,exp_utilities,-2676.0
L01,2025-11-30,exp_property_insurance,-1081.75
L01,2025-11-30,exp_cam,-1513.88
L01,2025-11-30,exp_property_tax,-1814.99
L01,2025-11-30,exp_marketing,-2673.04
L01,2025-11-30,exp_pos_software,-942.2
L01,2025-11-30,exp_equipment_maintenance,-1492.36
L01,2025-11-30,exp_cleaning,-1037.56
L01,2025-11-30,exp_cc_fees,-2812.55
L01,2025-11-30,exp_office_supplies,-611.93
L01,2025-11-30,exp_waste_removal,-578.58
L01,2025-11-30,exp_corporate_overhead,-4035.85
L01,2025-11-30,exp_training,-853.06
L01,2025-11-30,exp_general_liability_ins,-832.64
L01,2025-11-30,exp_bank_fees,-351.8
L01,2025-11-30,exp_depreciation,-1935.31
L01,2025-11-30,exp_professional_fees,-938.01
L01,2025-12-31,rev_drip_coffee,31230.01
L01,2025-12-31,rev_espresso_drinks,48837.23
L01,2025-12-31,rev_cold_brew,17327.57
L01,2025-12-31,rev_specialty_seasonal,19851.41
L01,2025-12-31,rev_tea,8000.98
L01,2025-12-31,rev_pastries,16130.48
L01,2025-12-31,rev_sandwiches,15478.88
L01,2025-12-31,rev_breakfast,8314.3
L01,2025-12-31,rev_snacks,4894.9
L01,2025-12-31,rev_whole_bean,5797.32
L01,2025-12-31,rev_brew_equipment,2444.04
L01,2025-12-31,rev_merchandise,2079.72
L01,2025-12-31,rev_gift_cards,3167.07
L01,2025-12-31,rev_catering,4554.95
L01,2025-12-31,rev_wholesale,3438.73
L01,2025-12-31,exp_coffee_beans,-30821.58
L01,2025-12-31,exp_dairy,-19293.87
L01,2025-12-31,exp_syrups,-6598.3
L01,2025-12-31,exp_food_ingredients,-15791.25
L01,2025-12-31,exp_packaging,-7740.22
L01,2025-12-31,exp_retail_cogs,-5493.13
L01,2025-12-31,exp_barista_wages,-40778.4
L01,2025-12-31,exp_shift_lead_wages,-13648.27
L01,2025-12-31,exp_store_manager_salary,-13812.68
L01,2025-12-31,exp_payroll_taxes,-6593.85
L01,2025-12-31,exp_employee_benefits,-5706.56
L01,2025-12-31,exp_overtime,-3285.05
L01,2025-12-31,exp_rent,-12711.6
L01,2025-12-31,exp_utilities,-2667.06
L01,2025-12-31,exp_property_insurance,-1119.92
L01,2025-12-31,exp_cam,-1524.99
L01,2025-12-31,exp_property_tax,-1852.33
L01,2025-12-31,exp_marketing,-2953.58
L01,2025-12-31,exp_pos_software,-1000.07
L01,2025-12-31,exp_equipment_maintenance,-1639.45
L01,2025-12-31,exp_cleaning,-1144.54
L01,2025-12-31,exp_cc_fees,-2755.91
L01,2025-12-31,exp_office_supplies,-574.8
L01,2025-12-31,exp_waste_removal,-641.1
L01,2025-12-31,exp_corporate_overhead,-4239.96
L01,2025-12-31,exp_training,-1126.44
L01,2025-12-31,exp_general_liability_ins,-662.07
L01,2025-12-31,exp_bank_fees,-363.67
L01,2025-12-31,exp_depreciation,-2092.33
L01,2025-12-31,exp_professional_fees,-1135.52
L02,2023-01-31,rev_drip_coffee,14423.77
L02,2023-01-31,rev_espresso_drinks,21541.17
L02,2023-01-31,rev_cold_brew,9329.9
L02,2023-01-31,rev_specialty_seasonal,9192.37
L02,2023-01-31,rev_tea,2589.97
L02,2023-01-31,rev_pastries,8032.39
L02,2023-01-31,rev_sandwiches,6663.54
L02,2023-01-31,rev_breakfast,4175.62
L02,2023-01-31,rev_snacks,1946.02
L02,2023-01-31,rev_whole_bean,2713.38
L02,2023-01-31,rev_brew_equipment,1327.96
L02,2023-01-31,rev_merchandise,842.69
L02,2023-01-31,rev_gift_cards,1534.13
L02,2023-01-31,rev_catering,2241.68
L02,2023-01-31,rev_wholesale,1449.35
L02,2023-01-31,exp_coffee_beans,-9423.79
L02,2023-01-31,exp_dairy,-5276.72
L02,2023-01-31,exp_syrups,-1836.95
L02,2023-01-31,exp_food_ingredients,-3891.15
L02,2023-01-31,exp_packaging,-2102.8
L02,2023-01-31,exp_retail_cogs,-1288.3
L02,2023-01-31,exp_barista_wages,-16620.2
L02,2023-01-31,exp_shift_lead_wages,-4517.18
L02,2023-01-31,exp_store_manager_salary,-5891.46
L02,2023-01-31,exp_payroll_taxes,-2613.73
L02,2023-01-31,exp_employee_benefits,-2275.5
L02,2023-01-31,exp_overtime,-1202.0
L02,2023-01-31,exp_rent,-8013.04
L02,2023-01-31,exp_utilities,-1649.95
L02,2023-01-31,exp_property_insurance,-694.39
L02,2023-01-31,exp_cam,-947.65
L02,2023-01-31,exp_property_tax,-1137.11
L02,2023-01-31,exp_marketing,-1830.86
L02,2023-01-31,exp_pos_software,-544.68
L02,2023-01-31,exp_equipment_maintenance,-1028.13
L02,2023-01-31,exp_cleaning,-600.91
L02,2023-01-31,exp_cc_fees,-1848.16
L02,2023-01-31,exp_office_supplies,-358.76
L02,2023-01-31,exp_waste_removal,-529.08
L02,2023-01-31,exp_corporate_overhead,-2225.2
L02,2023-01-31,exp_training,-536.16
L02,2023-01-31,exp_general_liability_ins,-589.98
L02,2023-01-31,exp_bank_fees,-244.84
L02,2023-01-31,exp_depreciation,-1308.48
L02,2023-01-31,exp_professional_fees,-681.67
L02,2023-02-28,rev_drip_coffee,13295.18
L02,2023-02-28,rev_espresso_drinks,19686.26
L02,2023-02-28,rev_cold_brew,8482.1
L02,2023-02-28,rev_specialty_seasonal,8182.8
L02,2023-02-28,rev_tea,2718.5
L02,2023-02-28,rev_pastries,7042.71
L02,2023-02-28,rev_sandwiches,6553.39
L02,2023-02-28,rev_breakfast,3690.34
L02,2023-02-28,rev_snacks,1836.12
L02,2023-02-28,rev_whole_bean,3066.71
L02,2023-02-28,rev_brew_equipment,1320.9
L02,2023-02-28,rev_merchandise,777.16
L02,2023-02-28,rev_gift_cards,1433.89
L02,2023-02-28,rev_catering,1774.74
L02,2023-02-28,rev_wholesale,1514.8
L02,2023-02-28,exp_coffee_beans,-8550.28
L02,2023-02-28,exp_dairy,-5474.09
L02,2023-02-28,exp_syrups,-1756.59
L02,2023-02-28,exp_food_ingredients,-4238.22
L02,2023-02-28,exp_packaging,-1951.64
L02,2023-02-28,exp_retail_cogs,-1450.35
L02,2023-02-28,exp_barista_wages,-15709.09
L02,2023-02-28,exp_shift_lead_wages,-5170.88
L02,2023-02-28,exp_store_manager_salary,-5629.34
L02,2023-02-28,exp_payroll_taxes,-2361.17
L02,2023-02-28,exp_employee_benefits,-1931.18
L02,2023-02-28,exp_overtime,-1164.9
L02,2023-02-28,exp_rent,-7922.85
L02,2023-02-28,exp_utilities,-1680.52
L02,2023-02-28,exp_property_insurance,-670.85
L02,2023-02-28,exp_cam,-982.13
L02,2023-02-28,exp_property_tax,-1106.13
L02,2023-02-28,exp_marketing,-1913.38
L02,2023-02-28,exp_pos_software,-573.05
L02,2023-02-28,exp_equipment_maintenance,-940.86
L02,2023-02-28,exp_cleaning,-739.56
L02,2023-02-28,exp_cc_fees,-1319.21
L02,2023-02-28,exp_office_supplies,-362.59
L02,2023-02-28,exp_waste_removal,-508.41
L02,2023-02-28,exp_corporate_overhead,-2386.89
L02,2023-02-28,exp_training,-555.8
L02,2023-02-28,exp_general_liability_ins,-551.3
L02,2023-02-28,exp_bank_fees,-215.19
L02,2023-02-28,exp_depreciation,-1324.69
L02,2023-02-28,exp_professional_fees,-515.0
L02,2023-03-31,rev_drip_coffee,15086.33
L02,2023-03-31,rev_espresso_drinks,20595.25
L02,2023-03-31,rev_cold_brew,8913.17
L02,2023-03-31,rev_specialty_seasonal,6198.2
L02,2023-03-31,rev_tea,3207.81
L02,2023-03-31,rev_pastries,7203.65
L02,2023-03-31,rev_sandwiches,7160.06
L02,2023-03-31,rev_breakfast,3623.25
L02,2023-03-31,rev_snacks,2467.0
L02,2023-03-31,rev_whole_bean,2724.98
L02,2023-03-31,rev_brew_equipment,1312.1
L02,2023-03-31,rev_merchandise,1027.74
L02,2023-03-31,rev_gift_cards,1726.31
L02,2023-03-31,rev_catering,2194.31
L02,2023-03-31,rev_wholesale,1647.4
L02,2023-03-31,exp_coffee_beans,-9234.46
L02,2023-03-31,exp_dairy,-5587.96
L02,2023-03-31,exp_syrups,-1962.63
L02,2023-03-31,exp_food_ingredients,-4413.29
L02,2023-03-31,exp_packaging,-2161.83
L02,2023-03-31,exp_retail_cogs,-1529.97
L02,2023-03-31,exp_barista_wages,-14966.16
L02,2023-03-31,exp_shift_lead_wages,-4923.54
L02,2023-03-31,exp_store_manager_salary,-6344.3
L02,2023-03-31,exp_payroll_taxes,-2474.7
L02,2023-03-31,exp_employee_benefits,-2152.81
L02,2023-03-31,exp_overtime,-1183.13
L02,2023-03-31,exp_rent,-8143.94
L02,2023-03-31,exp_utilities,-1653.88
L02,2023-03-31,exp_property_insurance,-697.16
L02,2023-03-31,exp_cam,-947.1
L02,2023-03-31,exp_property_tax,-1115.89
L02,2023-03-31,exp_marketing,-2001.06
L02,2023-03-31,exp_pos_software,-595.87
L02,2023-03-31,exp_equipment_maintenance,-932.58
L02,2023-03-31,exp_cleaning,-752.13
L02,2023-03-31,exp_cc_fees,-1634.4
L02,2023-03-31,exp_office_supplies,-385.83
L02,2023-03-31,exp_waste_removal,-394.05
L02,2023-03-31,exp_corporate_overhead,-2345.51
L02,2023-03-31,exp_training,-506.17
L02,2023-03-31,exp_general_liability_ins,-471.77
L02,2023-03-31,exp_bank_fees,-242.82
L02,2023-03-31,exp_depreciation,-1494.83
L02,2023-03-31,exp_professional_fees,-780.74
L02,2023-04-30,rev_drip_coffee,17846.09
L02,2023-04-30,rev_espresso_drinks,20073.33
L02,2023-04-30,rev_cold_brew,10266.91
L02,2023-04-30,rev_specialty_seasonal,5851.24
L02,2023-04-30,rev_tea,3321.69
L02,2023-04-30,rev_pastries,7518.4
L02,2023-04-30,rev_sandwiches,6580.32
L02,2023-04-30,rev_breakfast,3911.85
L02,2023-04-30,rev_snacks,2368.43
L02,2023-04-30,rev_whole_bean,2915.15
L02,2023-04-30,rev_brew_equipment,1556.74
L02,2023-04-30,rev_merchandise,868.76
L02,2023-04-30,rev_gift_cards,2041.49
L02,2023-04-30,rev_catering,2209.14
L02,2023-04-30,rev_wholesale,1886.0
L02,2023-04-30,exp_coffee_beans,-9338.04
L02,2023-04-30,exp_dairy,-6360.53
L02,2023-04-30,exp_syrups,-2177.49
L02,2023-04-30,exp_food_ingredients,-4736.05
L02,2023-04-30,exp_packaging,-2125.64
L02,2023-04-30,exp_retail_cogs,-1645.09
L02,2023-04-30,exp_barista_wages,-15641.13
L02,2023-04-30,exp_shift_lead_wages,-5656.97
L02,2023-04-30,exp_store_manager_salary,-6454.76
L02,2023-04-30,exp_payroll_taxes,-2775.34
L02,2023-04-30,exp_employee_benefits,-1903.03
L02,2023-04-30,exp_overtime,-1198.48
L02,2023-04-30,exp_rent,-8237.62
L02,2023-04-30,exp_utilities,-1707.27
L02,2023-04-30,exp_property_insurance,-692.18
L02,2023-04-30,exp_cam,-907.74
L02,2023-04-30,exp_property_tax,-1152.86
L02,2023-04-30,exp_marketing,-2065.62
L02,2023-04-30,exp_pos_software,-538.79
L02,2023-04-30,exp_equipment_maintenance,-988.9
L02,2023-04-30,exp_cleaning,-749.21
L02,2023-04-30,exp_cc_fees,-1667.23
L02,2023-04-30,exp_office_supplies,-288.6
L02,2023-04-30,exp_waste_removal,-413.22
L02,2023-04-30,exp_corporate_overhead,-2418.43
L02,2023-04-30,exp_training,-533.7
L02,2023-04-30,exp_general_liability_ins,-471.88
L02,2023-04-30,exp_bank_fees,-209.08
L02,2023-04-30,exp_depreciation,-1400.81
L02,2023-04-30,exp_professional_fees,-696.24
L02,2023-05-31,rev_drip_coffee,15474.74
L02,2023-05-31,rev_espresso_drinks,22218.33
L02,2023-05-31,rev_cold_brew,10799.07
L02,2023-05-31,rev_specialty_seasonal,5739.75
L02,2023-05-31,rev_tea,3861.07
L02,2023-05-31,rev_pastries,8312.99
L02,2023-05-31,rev_sandwiches,7571.63
L02,2023-05-31,rev_breakfast,4829.54
L02,2023-05-31,rev_snacks,2122.84
L02,2023-05-31,rev_whole_bean,2855.52
L02,2023-05-31,rev_brew_equipment,1564.95
L02,2023-05-31,rev_merchandise,983.92
L02,2023-05-31,rev_gift_cards,1774.01
L02,2023-05-31,rev_catering,2317.53
L02,2023-05-31,rev_wholesale,2073.6
L02,2023-05-31,exp_coffee_beans,-10972.84
L02,2023-05-31,exp_dairy,-6302.54
L02,2023-05-31,exp_syrups,-2136.93
L02,2023-05-31,exp_food_ingredients,-4383.71
L02,2023-05-31,exp_packaging,-2485.12
L02,2023-05-31,exp_retail_cogs,-1813.76
L02,2023-05-31,exp_barista_wages,-17818.75
L02,2023-05-31,exp_shift_lead_wages,-5039.52
L02,2023-05-31,exp_store_manager_salary,-6552.11
L02,2023-05-31,exp_payroll_taxes,-2968.78
L02,2023-05-31,exp_employee_benefits,-2493.39
L02,2023-05-31,exp_overtime,-1234.44
L02,2023-05-31,exp_rent,-8089.04
L02,2023-05-31,exp_utilities,-1691.75
L02,2023-05-31,exp_property_insurance,-677.93
L02,2023-05-31,exp_cam,-916.65
L02,2023-05-31,exp_property_tax,-1155.46
L02,2023-05-31,exp_marketing,-1983.71
L02,2023-05-31,exp_pos_software,-651.58
L02,2023-05-31,exp_equipment_maintenance,-1011.42
L02,2023-05-31,exp_cleaning,-710.38
L02,2023-05-31,exp_cc_fees,-1973.03
L02,2023-05-31,exp_office_supplies,-322.3
L02,2023-05-31,exp_waste_removal,-402.04
L02,2023-05-31,exp_corporate_overhead,-2503.01
L02,2023-05-31,exp_training,-589.34
L02,2023-05-31,exp_general_liability_ins,-425.18
L02,2023-05-31,exp_bank_fees,-190.11
L02,2023-05-31,exp_depreciation,-1119.81
L02,2023-05-31,exp_professional_fees,-668.92
L02,2023-06-30,rev_drip_coffee,15404.83
L02,2023-06-30,rev_espresso_drinks,23748.75
L02,2023-06-30,rev_cold_brew,16253.36
L02,2023-06-30,rev_specialty_seasonal,6862.81
L02,2023-06-30,rev_tea,4040.48
L02,2023-06-30,rev_pastries,8655.24
L02,2023-06-30,rev_sandwiches,8483.72
L02,2023-06-30,rev_breakfast,4965.67
L02,2023-06-30,rev_snacks,2535.06
L02,2023-06-30,rev_whole_bean,3568.24
L02,2023-06-30,rev_brew_equipment,1769.9
L02,2023-06-30,rev_merchandise,1083.16
L02,2023-06-30,rev_gift_cards,1658.23
L02,2023-06-30,rev_catering,2701.57
L02,2023-06-30,rev_wholesale,1917.99
L02,2023-06-30,exp_coffee_beans,-11972.68
L02,2023-06-30,exp_dairy,-6899.97
L02,2023-06-30,exp_syrups,-2342.98
L02,2023-06-30,exp_food_ingredients,-5267.87
L02,2023-06-30,exp_packaging,-2525.94
L02,2023-06-30,exp_retail_cogs,-1885.15
L02,2023-06-30,exp_barista_wages,-17301.78
L02,2023-06-30,exp_shift_lead_wages,-5565.4
L02,2023-06-30,exp_store_manager_salary,-6835.63
L02,2023-06-30,exp_payroll_taxes,-2813.75
L02,2023-06-30,exp_employee_benefits,-2264.97
L02,2023-06-30,exp_overtime,-1247.65
L02,2023-06-30,exp_rent,-7952.85
L02,2023-06-30,exp_utilities,-1605.89
L02,2023-06-30,exp_property_insurance,-687.04
L02,2023-06-30,exp_cam,-971.52
L02,2023-06-30,exp_property_tax,-1178.62
L02,2023-06-30,exp_marketing,-1570.27
L02,2023-06-30,exp_pos_software,-692.72
L02,2023-06-30,exp_equipment_maintenance,-1130.43
L02,2023-06-30,exp_cleaning,-695.93
L02,2023-06-30,exp_cc_fees,-1736.37
L02,2023-06-30,exp_office_supplies,-283.08
L02,2023-06-30,exp_waste_removal,-438.52
L02,2023-06-30,exp_corporate_overhead,-2234.34
L02,2023-06-30,exp_training,-552.54
L02,2023-06-30,exp_general_liability_ins,-421.98
L02,2023-06-30,exp_bank_fees,-230.65
L02,2023-06-30,exp_depreciation,-1550.48
L02,2023-06-30,exp_professional_fees,-614.52
L02,2023-07-31,rev_drip_coffee,15791.59
L02,2023-07-31,rev_espresso_drinks,20819.42
L02,2023-07-31,rev_cold_brew,15512.27
L02,2023-07-31,rev_specialty_seasonal,7082.26
L02,2023-07-31,rev_tea,3567.91
L02,2023-07-31,rev_pastries,9435.1
L02,2023-07-31,rev_sandwiches,7968.91
L02,2023-07-31,rev_breakfast,4489.25
L02,2023-07-31,rev_snacks,2633.25
L02,2023-07-31,rev_whole_bean,4032.23
L02,2023-07-31,rev_brew_equipment,1758.16
L02,2023-07-31,rev_merchandise,1067.02
L02,2023-07-31,rev_gift_cards,2011.81
L02,2023-07-31,rev_catering,2390.91
L02,2023-07-31,rev_wholesale,2162.06
L02,2023-07-31,exp_coffee_beans,-11567.01
L02,2023-07-31,exp_dairy,-6581.36
L02,2023-07-31,exp_syrups,-2423.0
L02,2023-07-31,exp_food_ingredients,-5157.36
L02,2023-07-31,exp_packaging,-2687.8
L02,2023-07-31,exp_retail_cogs,-1923.79
L02,2023-07-31,exp_barista_wages,-14789.2
L02,2023-07-31,exp_shift_lead_wages,-5956.68
L02,2023-07-31,exp_store_manager_salary,-5377.43
L02,2023-07-31,exp_payroll_taxes,-2840.96
L02,2023-07-31,exp_employee_benefits,-2529.28
L02,2023-07-31,exp_overtime,-1335.62
L02,2023-07-31,exp_rent,-7887.57
L02,2023-07-31,exp_utilities,-1630.38
L02,2023-07-31,exp_property_insurance,-691.06
L02,2023-07-31,exp_cam,-901.57
L02,2023-07-31,exp_property_tax,-1171.83
L02,2023-07-31,exp_marketing,-1864.86
L02,2023-07-31,exp_pos_software,-568.88
L02,2023-07-31,exp_equipment_maintenance,-931.98
L02,2023-07-31,exp_cleaning,-655.06
L02,2023-07-31,exp_cc_fees,-1867.83
L02,2023-07-31,exp_office_supplies,-380.15
L02,2023-07-31,exp_waste_removal,-353.7
L02,2023-07-31,exp_corporate_overhead,-2399.35
L02,2023-07-31,exp_training,-494.96
L02,2023-07-31,exp_general_liability_ins,-564.73
L02,2023-07-31,exp_bank_fees,-189.24
L02,2023-07-31,exp_depreciation,-1632.01
L02,2023-07-31,exp_professional_fees,-664.52
L02,2023-08-31,rev_drip_coffee,15071.75
L02,2023-08-31,rev_espresso_drinks,22761.12
L02,2023-08-31,rev_cold_brew,14188.69
L02,2023-08-31,rev_specialty_seasonal,6380.42
L02,2023-08-31,rev_tea,3925.8
L02,2023-08-31,rev_pastries,7853.7
L02,2023-08-31,rev_sandwiches,6527.85
L02,2023-08-31,rev_breakfast,4555.7
L02,2023-08-31,rev_snacks,2255.55
L02,2023-08-31,rev_whole_bean,3338.69
L02,2023-08-31,rev_brew_equipment,1487.65
L02,2023-08-31,rev_merchandise,959.47
L02,2023-08-31,rev_gift_cards,2127.03
L02,2023-08-31,rev_catering,2532.47
L02,2023-08-31,rev_wholesale,2103.21
L02,2023-08-31,exp_coffee_beans,-10007.66
L02,2023-08-31,exp_dairy,-6235.86
L02,2023-08-31,exp_syrups,-2292.69
L02,2023-08-31,exp_food_ingredients,-4870.48
L02,2023-08-31,exp_packaging,-2620.86
L02,2023-08-31,exp_retail_cogs,-1683.05
L02,2023-08-31,exp_barista_wages,-17239.73
L02,2023-08-31,exp_shift_lead_wages,-5248.68
L02,2023-08-31,exp_store_manager_salary,-6502.63
L02,2023-08-31,exp_payroll_taxes,-2775.59
L02,2023-08-31,exp_employee_benefits,-2293.52
L02,2023-08-31,exp_overtime,-1313.36
L02,2023-08-31,exp_rent,-8006.5
L02,2023-08-31,exp_utilities,-1683.01
L02,2023-08-31,exp_property_insurance,-680.38
L02,2023-08-31,exp_cam,-935.94
L02,2023-08-31,exp_property_tax,-1136.09
L02,2023-08-31,exp_marketing,-2024.56
L02,2023-08-31,exp_pos_software,-630.67
L02,2023-08-31,exp_equipment_maintenance,-959.33
L02,2023-08-31,exp_cleaning,-736.88
L02,2023-08-31,exp_cc_fees,-2010.56
L02,2023-08-31,exp_office_supplies,-306.73
L02,2023-08-31,exp_waste_removal,-460.01
L02,2023-08-31,exp_corporate_overhead,-2026.92
L02,2023-08-31,exp_training,-553.49
L02,2023-08-31,exp_general_liability_ins,-578.81
L02,2023-08-31,exp_bank_fees,-229.46
L02,2023-08-31,exp_depreciation,-1430.39
L02,2023-08-31,exp_professional_fees,-629.37
L02,2023-09-30,rev_drip_coffee,15446.12
L02,2023-09-30,rev_espresso_drinks,21864.84
L02,2023-09-30,rev_cold_brew,9758.8
L02,2023-09-30,rev_specialty_seasonal,6435.41
L02,2023-09-30,rev_tea,3670.21
L02,2023-09-30,rev_pastries,7580.17
L02,2023-09-30,rev_sandwiches,6859.08
L02,2023-09-30,rev_breakfast,3882.61
L02,2023-09-30,rev_snacks,2520.4
L02,2023-09-30,rev_whole_bean,3437.8
L02,2023-09-30,rev_brew_equipment,1515.23
L02,2023-09-30,rev_merchandise,1030.19
L02,2023-09-30,rev_gift_cards,1712.13
L02,2023-09-30,rev_catering,2411.06
L02,2023-09-30,rev_wholesale,1959.19
L02,2023-09-30,exp_coffee_beans,-10137.8
L02,2023-09-30,exp_dairy,-5819.15
L02,2023-09-30,exp_syrups,-2336.15
L02,2023-09-30,exp_food_ingredients,-4652.54
L02,2023-09-30,exp_packaging,-2247.3
L02,2023-09-30,exp_retail_cogs,-1696.54
L02,2023-09-30,exp_barista_wages,-17179.54
L02,2023-09-30,exp_shift_lead_wages,-4806.14
L02,2023-09-30,exp_store_manager_salary,-6631.02
L02,2023-09-30,exp_payroll_taxes,-2769.19
L02,2023-09-30,exp_employee_benefits,-2099.43
L02,2023-09-30,exp_overtime,-1377.03
L02,2023-09-30,exp_rent,-8227.53
L02,2023-09-30,exp_utilities,-1624.68
L02,2023-09-30,exp_property_insurance,-701.22
L02,2023-09-30,exp_cam,-949.95
L02,2023-09-30,exp_property_tax,-1145.72
L02,2023-09-30,exp_marketing,-2173.39
L02,2023-09-30,exp_pos_software,-656.19
L02,2023-09-30,exp_equipment_maintenance,-986.91
L02,2023-09-30,exp_cleaning,-681.09
L02,2023-09-30,exp_cc_fees,-1818.94
L02,2023-09-30,exp_office_supplies,-371.08
L02,2023-09-30,exp_waste_removal,-427.75
L02,2023-09-30,exp_corporate_overhead,-2302.74
L02,2023-09-30,exp_training,-548.76
L02,2023-09-30,exp_general_liability_ins,-496.56
L02,2023-09-30,exp_bank_fees,-189.6
L02,2023-09-30,exp_depreciation,-1199.4
L02,2023-09-30,exp_professional_fees,-704.42
L02,2023-10-31,rev_drip_coffee,11961.46
L02,2023-10-31,rev_espresso_drinks,22236.78
L02,2023-10-31,rev_cold_brew,9818.92
L02,2023-10-31,rev_specialty_seasonal,7135.0
L02,2023-10-31,rev_tea,3402.2
L02,2023-10-31,rev_pastries,8335.21
L02,2023-10-31,rev_sandwiches,6960.0
L02,2023-10-31,rev_breakfast,4310.15
L02,2023-10-31,rev_snacks,2537.32
L02,2023-10-31,rev_whole_bean,3110.0
L02,2023-10-31,rev_brew_equipment,1574.76
L02,2023-10-31,rev_merchandise,863.06
L02,2023-10-31,rev_gift_cards,1706.12
L02,2023-10-31,rev_catering,2461.07
L02,2023-10-31,rev_wholesale,1974.21
L02,2023-10-31,exp_coffee_beans,-10941.48
L02,2023-10-31,exp_dairy,-5636.88
L02,2023-10-31,exp_syrups,-1919.87
L02,2023-10-31,exp_food_ingredients,-4434.75
L02,2023-10-31,exp_packaging,-2354.38
L02,2023-10-31,exp_retail_cogs,-1668.47
L02,2023-10-31,exp_barista_wages,-16872.36
L02,2023-10-31,exp_shift_lead_wages,-4850.25
L02,2023-10-31,exp_store_manager_salary,-6439.13
L02,2023-10-31,exp_payroll_taxes,-2556.76
L02,2023-10-31,exp_employee_benefits,-2383.84
L02,2023-10-31,exp_overtime,-1491.99
L02,2023-10-31,exp_rent,-8185.4
L02,2023-10-31,exp_utilities,-1686.28
L02,2023-10-31,exp_property_insurance,-670.48
L02,2023-10-31,exp_cam,-903.65
L02,2023-10-31,exp_property_tax,-1132.14
L02,2023-10-31,exp_marketing,-1670.26
L02,2023-10-31,exp_pos_software,-552.44
L02,2023-10-31,exp_equipment_maintenance,-1160.15
L02,2023-10-31,exp_cleaning,-749.14
L02,2023-10-31,exp_cc_fees,-1784.19
L02,2023-10-31,exp_office_supplies,-343.26
L02,2023-10-31,exp_waste_removal,-419.74
L02,2023-10-31,exp_corporate_overhead,-2741.42
L02,2023-10-31,exp_training,-539.97
L02,2023-10-31,exp_general_liability_ins,-526.59
L02,2023-10-31,exp_bank_fees,-214.48
L02,2023-10-31,exp_depreciation,-1358.28
L02,2023-10-31,exp_professional_fees,-572.93
L02,2023-11-30,rev_drip_coffee,13732.97
L02,2023-11-30,rev_espresso_drinks,23133.06
L02,2023-11-30,rev_cold_brew,11075.98
L02,2023-11-30,rev_specialty_seasonal,9074.09
L02,2023-11-30,rev_tea,3814.85
L02,2023-11-30,rev_pastries,8587.66
L02,2023-11-30,rev_sandwiches,6424.29
L02,2023-11-30,rev_breakfast,4275.26
L02,2023-11-30,rev_snacks,2672.08
L02,2023-11-30,rev_whole_bean,3595.86
L02,2023-11-30,rev_brew_equipment,1429.79
L02,2023-11-30,rev_merchandise,1025.44
L02,2023-11-30,rev_gift_cards,1947.43
L02,2023-11-30,rev_catering,2629.13
L02,2023-11-30,rev_wholesale,2009.77
L02,2023-11-30,exp_coffee_beans,-10531.17
L02,2023-11-30,exp_dairy,-6130.27
L02,2023-11-30,exp_syrups,-2279.12
L02,2023-11-30,exp_food_ingredients,-5089.28
L02,2023-11-30,exp_packaging,-2538.91
L02,2023-11-30,exp_retail_cogs,-1769.77
L02,2023-11-30,exp_barista_wages,-18240.93
L02,2023-11-30,exp_shift_lead_wages,-5422.71
L02,2023-11-30,exp_store_manager_salary,-6682.99
L02,2023-11-30,exp_payroll_taxes,-3010.61
L02,2023-11-30,exp_employee_benefits,-2199.35
L02,2023-11-30,exp_overtime,-1177.25
L02,2023-11-30,exp_rent,-8376.69
L02,2023-11-30,exp_utilities,-1675.4
L02,2023-11-30,exp_property_insurance,-653.93
L02,2023-11-30,exp_cam,-924.21
L02,2023-11-30,exp_property_tax,-1163.64
L02,2023-11-30,exp_marketing,-1822.75
L02,2023-11-30,exp_pos_software,-612.83
L02,2023-11-30,exp_equipment_maintenance,-1128.33
L02,2023-11-30,exp_cleaning,-652.87
L02,2023-11-30,exp_cc_fees,-1581.73
L02,2023-11-30,exp_office_supplies,-361.69
L02,2023-11-30,exp_waste_removal,-443.81
L02,2023-11-30,exp_corporate_overhead,-2624.36
L02,2023-11-30,exp_training,-591.09
L02,2023-11-30,exp_general_liability_ins,-509.98
L02,2023-11-30,exp_bank_fees,-229.48
L02,2023-11-30,exp_depreciation,-1369.94
L02,2023-11-30,exp_professional_fees,-670.92
L02,2023-12-31,rev_drip_coffee,18587.54
L02,2023-12-31,rev_espresso_drinks,27149.56
L02,2023-12-31,rev_cold_brew,13225.25
L02,2023-12-31,rev_specialty_seasonal,11933.43
L02,2023-12-31,rev_tea,4336.57
L02,2023-12-31,rev_pastries,9034.09
L02,2023-12-31,rev_sandwiches,8817.14
L02,2023-12-31,rev_breakfast,5199.28
L02,2023-12-31,rev_snacks,2968.4
L02,2023-12-31,rev_whole_bean,4635.49
L02,2023-12-31,rev_brew_equipment,1704.79
L02,2023-12-31,rev_merchandise,1182.51
L02,2023-12-31,rev_gift_cards,2207.37
L02,2023-12-31,rev_catering,2818.05
L02,2023-12-31,rev_wholesale,2715.61
L02,2023-12-31,exp_coffee_beans,-11951.1
L02,2023-12-31,exp_dairy,-7265.79
L02,2023-12-31,exp_syrups,-2415.24
L02,2023-12-31,exp_food_ingredients,-5593.39
L02,2023-12-31,exp_packaging,-2815.14
L02,2023-12-31,exp_retail_cogs,-2070.13
L02,2023-12-31,exp_barista_wages,-18820.66
L02,2023-12-31,exp_shift_lead_wages,-6159.8
L02,2023-12-31,exp_store_manager_salary,-6740.43
L02,2023-12-31,exp_payroll_taxes,-2978.32
L02,2023-12-31,exp_employee_benefits,-2852.7
L02,2023-12-31,exp_overtime,-1435.74
L02,2023-12-31,exp_rent,-8008.92
L02,2023-12-31,exp_utilities,-1643.7
L02,2023-12-31,exp_property_insurance,-664.39
L02,2023-12-31,exp_cam,-955.16
L02,2023-12-31,exp_property_tax,-1137.6
L02,2023-12-31,exp_marketing,-1899.08
L02,2023-12-31,exp_pos_software,-641.8
L02,2023-12-31,exp_equipment_maintenance,-1062.08
L02,2023-12-31,exp_cleaning,-667.49
L02,2023-12-31,exp_cc_fees,-1534.05
L02,2023-12-31,exp_office_supplies,-362.15
L02,2023-12-31,exp_waste_removal,-452.8
L02,2023-12-31,exp_corporate_overhead,-2583.4
L02,2023-12-31,exp_training,-497.87
L02,2023-12-31,exp_general_liability_ins,-533.93
L02,2023-12-31,exp_bank_fees,-202.5
L02,2023-12-31,exp_depreciation,-1333.05
L02,2023-12-31,exp_professional_fees,-603.8
L02,2024-01-31,rev_drip_coffee,15385.58
L02,2024-01-31,rev_espresso_drinks,21204.47
L02,2024-01-31,rev_cold_brew,9874.0
L02,2024-01-31,rev_specialty_seasonal,9501.77
L02,2024-01-31,rev_tea,4002.76
L02,2024-01-31,rev_pastries,6305.17
L02,2024-01-31,rev_sandwiches,6239.46
L02,2024-01-31,rev_breakfast,3746.02
L02,2024-01-31,rev_snacks,2059.94
L02,2024-01-31,rev_whole_bean,2722.39
L02,2024-01-31,rev_brew_equipment,1313.2
L02,2024-01-31,rev_merchandise,780.75
L02,2024-01-31,rev_gift_cards,1578.87
L02,2024-01-31,rev_catering,2123.03
L02,2024-01-31,rev_wholesale,1796.44
L02,2024-01-31,exp_coffee_beans,-9444.73
L02,2024-01-31,exp_dairy,-5569.4
L02,2024-01-31,exp_syrups,-1866.74
L02,2024-01-31,exp_food_ingredients,-4761.68
L02,2024-01-31,exp_packaging,-2127.13
L02,2024-01-31,exp_retail_cogs,-1361.93
L02,2024-01-31,exp_barista_wages,-15198.86
L02,2024-01-31,exp_shift_lead_wages,-4491.46
L02,2024-01-31,exp_store_manager_salary,-5942.53
L02,2024-01-31,exp_payroll_taxes,-2641.68
L02,2024-01-31,exp_employee_benefits,-2088.96
L02,2024-01-31,exp_overtime,-1376.4
L02,2024-01-31,exp_rent,-8215.06
L02,2024-01-31,exp_utilities,-1691.05
L02,2024-01-31,exp_property_insurance,-664.54
L02,2024-01-31,exp_cam,-918.86
L02,2024-01-31,exp_property_tax,-1146.8
L02,2024-01-31,exp_marketing,-1907.64
L02,2024-01-31,exp_pos_software,-526.0
L02,2024-01-31,exp_equipment_maintenance,-971.84
L02,2024-01-31,exp_cleaning,-730.27
L02,2024-01-31,exp_cc_fees,-1681.95
L02,2024-01-31,exp_office_supplies,-325.39
L02,2024-01-31,exp_waste_removal,-404.08
L02,2024-01-31,exp_corporate_overhead,-2456.04
L02,2024-01-31,exp_training,-546.64
L02,2024-01-31,exp_general_liability_ins,-530.29
L02,2024-01-31,exp_bank_fees,-242.42
L02,2024-01-31,exp_depreciation,-1365.0
L02,2024-01-31,exp_professional_fees,-636.32
L02,2024-02-29,rev_drip_coffee,14102.43
L02,2024-02-29,rev_espresso_drinks,20697.62
L02,2024-02-29,rev_cold_brew,8889.0
L02,2024-02-29,rev_specialty_seasonal,8981.9
L02,2024-02-29,rev_tea,3445.29
L02,2024-02-29,rev_pastries,7879.55
L02,2024-02-29,rev_sandwiches,7406.22
L02,2024-02-29,rev_breakfast,3585.65
L02,2024-02-29,rev_snacks,2163.67
L02,2024-02-29,rev_whole_bean,2915.64
L02,2024-02-29,rev_brew_equipment,1305.23
L02,2024-02-29,rev_merchandise,801.79
L02,2024-02-29,rev_gift_cards,1324.81
L02,2024-02-29,rev_catering,2082.63
L02,2024-02-29,rev_wholesale,1587.46
L02,2024-02-29,exp_coffee_beans,-9044.94
L02,2024-02-29,exp_dairy,-5076.38
L02,2024-02-29,exp_syrups,-1757.71
L02,2024-02-29,exp_food_ingredients,-4258.74
L02,2024-02-29,exp_packaging,-2071.28
L02,2024-02-29,exp_retail_cogs,-1510.94
L02,2024-02-29,exp_barista_wages,-18113.43
L02,2024-02-29,exp_shift_lead_wages,-5048.76
L02,2024-02-29,exp_store_manager_salary,-6049.37
L02,2024-02-29,exp_payroll_taxes,-2464.73
L02,2024-02-29,exp_employee_benefits,-1964.01
L02,2024-02-29,exp_overtime,-1331.7
L02,2024-02-29,exp_rent,-7975.76
L02,2024-02-29,exp_utilities,-1632.04
L02,2024-02-29,exp_property_insurance,-676.62
L02,2024-02-29,exp_cam,-935.91
L02,2024-02-29,exp_property_tax,-1125.27
L02,2024-02-29,exp_marketing,-1818.01
L02,2024-02-29,exp_pos_software,-725.31
L02,2024-02-29,exp_equipment_maintenance,-909.92
L02,2024-02-29,exp_cleaning,-627.61
L02,2024-02-29,exp_cc_fees,-1880.95
L02,2024-02-29,exp_office_supplies,-371.64
L02,2024-02-29,exp_waste_removal,-400.62
L02,2024-02-29,exp_corporate_overhead,-2104.68
L02,2024-02-29,exp_training,-501.39
L02,2024-02-29,exp_general_liability_ins,-497.32
L02,2024-02-29,exp_bank_fees,-244.27
L02,2024-02-29,exp_depreciation,-1260.61
L02,2024-02-29,exp_professional_fees,-661.1
L02,2024-03-31,rev_drip_coffee,15503.68
L02,2024-03-31,rev_espresso_drinks,17244.75
L02,2024-03-31,rev_cold_brew,10763.58
L02,2024-03-31,rev_specialty_seasonal,5694.5
L02,2024-03-31,rev_tea,3540.66
L02,2024-03-31,rev_pastries,7861.8
L02,2024-03-31,rev_sandwiches,7606.89
L02,2024-03-31,rev_breakfast,4342.47
L02,2024-03-31,rev_snacks,1889.45
L02,2024-03-31,rev_whole_bean,2947.29
L02,2024-03-31,rev_brew_equipment,1435.9
L02,2024-03-31,rev_merchandise,898.74
L02,2024-03-31,rev_gift_cards,1685.1
L02,2024-03-31,rev_catering,2372.68
L02,2024-03-31,rev_wholesale,1914.85
L02,2024-03-31,exp_coffee_beans,-9618.45
L02,2024-03-31,exp_dairy,-5179.92
L02,2024-03-31,exp_syrups,-1962.2
L02,2024-03-31,exp_food_ingredients,-4638.87
L02,2024-03-31,exp_packaging,-2098.29
L02,2024-03-31,exp_retail_cogs,-1635.24
L02,2024-03-31,exp_barista_wages,-17469.88
L02,2024-03-31,exp_shift_lead_wages,-5176.95
L02,2024-03-31,exp_store_manager_salary,-4963.58
L02,2024-03-31,exp_payroll_taxes,-2517.14
L02,2024-03-31,exp_employee_benefits,-2451.13
L02,2024-03-31,exp_overtime,-1216.99
L02,2024-03-31,exp_rent,-7803.39
L02,2024-03-31,exp_utilities,-1708.02
L02,2024-03-31,exp_property_insurance,-677.33
L02,2024-03-31,exp_cam,-958.32
L02,2024-03-31,exp_property_tax,-1152.3
L02,2024-03-31,exp_marketing,-1961.18
L02,2024-03-31,exp_pos_software,-669.35
L02,2024-03-31,exp_equipment_maintenance,-1058.72
L02,2024-03-31,exp_cleaning,-895.32
L02,2024-03-31,exp_cc_fees,-1885.84
L02,2024-03-31,exp_office_supplies,-298.23
L02,2024-03-31,exp_waste_removal,-446.21
L02,2024-03-31,exp_corporate_overhead,-2785.66
L02,2024-03-31,exp_training,-606.88
L02,2024-03-31,exp_general_liability_ins,-478.72
L02,2024-03-31,exp_bank_fees,-244.26
L02,2024-03-31,exp_depreciation,-1536.87
L02,2024-03-31,exp_professional_fees,-838.26
L02,2024-04-30,rev_drip_coffee,14554.38
L02,2024-04-30,rev_espresso_drinks,21513.96
L02,2024-04-30,rev_cold_brew,10208.36
L02,2024-04-30,rev_specialty_seasonal,6360.84
L02,2024-04-30,rev_tea,3372.08
L02,2024-04-30,rev_pastries,6321.8
L02,2024-04-30,rev_sandwiches,7111.73
L02,2024-04-30,rev_breakfast,4507.43
L02,2024-04-30,rev_snacks,2359.08
L02,2024-04-30,rev_whole_bean,3822.77
L02,2024-04-30,rev_brew_equipment,1496.55
L02,2024-04-30,rev_merchandise,1060.3
L02,2024-04-30,rev_gift_cards,1744.24
L02,2024-04-30,rev_catering,2504.51
L02,2024-04-30,rev_wholesale,1965.01
L02,2024-04-30,exp_coffee_beans,-10934.77
L02,2024-04-30,exp_dairy,-6023.91
L02,2024-04-30,exp_syrups,-2166.04
L02,2024-04-30,exp_food_ingredients,-4871.06
L02,2024-04-30,exp_packaging,-2302.43
L02,2024-04-30,exp_retail_cogs,-1702.43
L02,2024-04-30,exp_barista_wages,-19236.42
L02,2024-04-30,exp_shift_lead_wages,-5175.14
L02,2024-04-30,exp_store_manager_salary,-6383.41
L02,2024-04-30,exp_payroll_taxes,-3001.93
L02,2024-04-30,exp_employee_benefits,-2408.74
L02,2024-04-30,exp_overtime,-1289.19
L02,2024-04-30,exp_rent,-7738.5
L02,2024-04-30,exp_utilities,-1684.07
L02,2024-04-30,exp_property_insurance,-647.1
L02,2024-04-30,exp_cam,-965.16
L02,2024-04-30,exp_property_tax,-1149.84
L02,2024-04-30,exp_marketing,-2062.65
L02,2024-04-30,exp_pos_software,-587.63
L02,2024-04-30,exp_equipment_maintenance,-836.04
L02,2024-04-30,exp_cleaning,-748.26
L02,2024-04-30,exp_cc_fees,-1713.15
L02,2024-04-30,exp_office_supplies,-336.79
L02,2024-04-30,exp_waste_removal,-430.74
L02,2024-04-30,exp_corporate_overhead,-3192.19
L02,2024-04-30,exp_training,-586.93
L02,2024-04-30,exp_general_liability_ins,-552.53
L02,2024-04-30,exp_bank_fees,-237.24
L02,2024-04-30,exp_depreciation,-1614.47
L02,2024-04-30,exp_professional_fees,-654.06
L02,2024-05-31,rev_drip_coffee,13585.12
L02,2024-05-31,rev_espresso_drinks,23190.19
L02,2024-05-31,rev_cold_brew,11701.4
L02,2024-05-31,rev_specialty_seasonal,6412.18
L02,2024-05-31,rev_tea,3758.33
L02,2024-05-31,rev_pastries,8049.62
L02,2024-05-31,rev_sandwiches,8665.97
L02,2024-05-31,rev_breakfast,4872.58
L02,2024-05-31,rev_snacks,2713.2
L02,2024-05-31,rev_whole_bean,3648.59
L02,2024-05-31,rev_brew_equipment,1565.02
L02,2024-05-31,rev_merchandise,1025.04
L02,2024-05-31,rev_gift_cards,1623.85
L02,2024-05-31,rev_catering,2035.21
L02,2024-05-31,rev_wholesale,2042.41
L02,2024-05-31,exp_coffee_beans,-10920.13
L02,2024-05-31,exp_dairy,-6688.84
L02,2024-05-31,exp_syrups,-2393.66
L02,2024-05-31,exp_food_ingredients,-5416.89
L02,2024-05-31,exp_packaging,-2330.5
L02,2024-05-31,exp_retail_cogs,-1721.21
L02,2024-05-31,exp_barista_wages,-17858.11
L02,2024-05-31,exp_shift_lead_wages,-6200.91
L02,2024-05-31,exp_store_manager_salary,-6937.73
L02,2024-05-31,exp_payroll_taxes,-3048.2
L02,2024-05-31,exp_employee_benefits,-2253.38
L02,2024-05-31,exp_overtime,-1248.46
L02,2024-05-31,exp_rent,-8254.06
L02,2024-05-31,exp_utilities,-1630.15
L02,2024-05-31,exp_property_insurance,-673.92
L02,2024-05-31,exp_cam,-935.45
L02,2024-05-31,exp_property_tax,-1182.46
L02,2024-05-31,exp_marketing,-1808.68
L02,2024-05-31,exp_pos_software,-488.35
L02,2024-05-31,exp_equipment_maintenance,-1039.61
L02,2024-05-31,exp_cleaning,-678.27
L02,2024-05-31,exp_cc_fees,-1726.26
L02,2024-05-31,exp_office_supplies,-351.13
L02,2024-05-31,exp_waste_removal,-415.44
L02,2024-05-31,exp_corporate_overhead,-2697.87
L02,2024-05-31,exp_training,-458.68
L02,2024-05-31,exp_general_liability_ins,-474.2
L02,2024-05-31,exp_bank_fees,-233.74
L02,2024-05-31,exp_depreciation,-1320.03
L02,2024-05-31,exp_professional_fees,-559.47
L02,2024-06-30,rev_drip_coffee,18268.88
L02,2024-06-30,rev_espresso_drinks,27371.65
L02,2024-06-30,rev_cold_brew,15765.57
L02,2024-06-30,rev_specialty_seasonal,6251.77
L02,2024-06-30,rev_tea,4295.91
L02,2024-06-30,rev_pastries,7882.3
L02,2024-06-30,rev_sandwiches,8455.97
L02,2024-06-30,rev_breakfast,4555.3
L02,2024-06-30,rev_snacks,2495.47
L02,2024-06-30,rev_whole_bean,3576.4
L02,2024-06-30,rev_brew_equipment,1649.79
L02,2024-06-30,rev_merchandise,1020.89
L02,2024-06-30,rev_gift_cards,2003.65
L02,2024-06-30,rev_catering,2537.21
L02,2024-06-30,rev_wholesale,2321.53
L02,2024-06-30,exp_coffee_beans,-11623.6
L02,2024-06-30,exp_dairy,-6493.31
L02,2024-06-30,exp_syrups,-2264.75
L02,2024-06-30,exp_food_ingredients,-4916.13
L02,2024-06-30,exp_packaging,-2654.46
L02,2024-06-30,exp_retail_cogs,-1835.74
L02,2024-06-30,exp_barista_wages,-15362.13
L02,2024-06-30,exp_shift_lead_wages,-5376.29
L02,2024-06-30,exp_store_manager_salary,-6219.65
L02,2024-06-30,exp_payroll_taxes,-3226.12
L02,2024-06-30,exp_employee_benefits,-2137.42
L02,2024-06-30,exp_overtime,-1242.72
L02,2024-06-30,exp_rent,-8306.23
L02,2024-06-30,exp_utilities,-1712.07
L02,2024-06-30,exp_property_insurance,-667.06
L02,2024-06-30,exp_cam,-925.74
L02,2024-06-30,exp_property_tax,-1160.08
L02,2024-06-30,exp_marketing,-1438.82
L02,2024-06-30,exp_pos_software,-525.69
L02,2024-06-30,exp_equipment_maintenance,-961.9
L02,2024-06-30,exp_cleaning,-842.27
L02,2024-06-30,exp_cc_fees,-1644.03
L02,2024-06-30,exp_office_supplies,-357.78
L02,2024-06-30,exp_waste_removal,-475.56
L02,2024-06-30,exp_corporate_overhead,-3027.04
L02,2024-06-30,exp_training,-510.47
L02,2024-06-30,exp_general_liability_ins,-499.21
L02,2024-06-30,exp_bank_fees,-258.63
L02,2024-06-30,exp_depreciation,-1192.31
L02,2024-06-30,exp_professional_fees,-735.25
L02,2024-07-31,rev_drip_coffee,16355.33
L02,2024-07-31,rev_espresso_drinks,25999.24
L02,2024-07-31,rev_cold_brew,15931.01
L02,2024-07-31,rev_specialty_seasonal,7030.04
L02,2024-07-31,rev_tea,3846.8
L02,2024-07-31,rev_pastries,9539.12
L02,2024-07-31,rev_sandwiches,9147.98
L02,2024-07-31,rev_breakfast,4982.51
L02,2024-07-31,rev_snacks,2840.22
L02,2024-07-31,rev_whole_bean,3980.72
L02,2024-07-31,rev_brew_equipment,1585.56
L02,2024-07-31,rev_merchandise,1170.59
L02,2024-07-31,rev_gift_cards,2093.57
L02,2024-07-31,rev_catering,3264.3
L02,2024-07-31,rev_wholesale,2143.88
L02,2024-07-31,exp_coffee_beans,-11499.92
L02,2024-07-31,exp_dairy,-7173.78
L02,2024-07-31,exp_syrups,-2530.2
L02,2024-07-31,exp_food_ingredients,-5353.78
L02,2024-07-31,exp_packaging,-2632.36
L02,2024-07-31,exp_retail_cogs,-1970.86
L02,2024-07-31,exp_barista_wages,-17247.61
L02,2024-07-31,exp_shift_lead_wages,-5489.78
L02,2024-07-31,exp_store_manager_salary,-6698.03
L02,2024-07-31,exp_payroll_taxes,-3164.97
L02,2024-07-31,exp_employee_benefits,-2324.68
L02,2024-07-31,exp_overtime,-1226.02
L02,2024-07-31,exp_rent,-7814.37
L02,2024-07-31,exp_utilities,-1624.86
L02,2024-07-31,exp_property_insurance,-659.37
L02,2024-07-31,exp_cam,-934.7
L02,2024-07-31,exp_property_tax,-1118.7
L02,2024-07-31,exp_marketing,-1743.41
L02,2024-07-31,exp_pos_software,-595.9
L02,2024-07-31,exp_equipment_maintenance,-946.09
L02,2024-07-31,exp_cleaning,-825.69
L02,2024-07-31,exp_cc_fees,-1832.71
L02,2024-07-31,exp_office_supplies,-354.77
L02,2024-07-31,exp_waste_removal,-407.44
L02,2024-07-31,exp_corporate_overhead,-2391.94
L02,2024-07-31,exp_training,-559.48
L02,2024-07-31,exp_general_liability_ins,-529.26
L02,2024-07-31,exp_bank_fees,-198.92
L02,2024-07-31,exp_depreciation,-1411.53
L02,2024-07-31,exp_professional_fees,-531.28
L02,2024-08-31,rev_drip_coffee,17320.19
L02,2024-08-31,rev_espresso_drinks,26170.6
L02,2024-08-31,rev_cold_brew,15191.8
L02,2024-08-31,rev_specialty_seasonal,8340.84
L02,2024-08-31,rev_tea,3712.1
L02,2024-08-31,rev_pastries,9082.26
L02,2024-08-31,rev_sandwiches,8081.52
L02,2024-08-31,rev_breakfast,4777.22
L02,2024-08-31,rev_snacks,2676.88
L02,2024-08-31,rev_whole_bean,3672.46
L02,2024-08-31,rev_brew_equipment,1756.0
L02,2024-08-31,rev_merchandise,1173.66
L02,2024-08-31,rev_gift_cards,1879.02
L02,2024-08-31,rev_catering,2752.67
L02,2024-08-31,rev_wholesale,1995.58
L02,2024-08-31,exp_coffee_beans,-11688.92
L02,2024-08-31,exp_dairy,-6356.07
L02,2024-08-31,exp_syrups,-2451.76
L02,2024-08-31,exp_food_ingredients,-5843.38
L02,2024-08-31,exp_packaging,-2554.02
L02,2024-08-31,exp_retail_cogs,-1634.28
L02,2024-08-31,exp_barista_wages,-17169.52
L02,2024-08-31,exp_shift_lead_wages,-5912.72
L02,2024-08-31,exp_store_manager_salary,-6733.31
L02,2024-08-31,exp_payroll_taxes,-2965.06
L02,2024-08-31,exp_employee_benefits,-2502.42
L02,2024-08-31,exp_overtime,-1387.55
L02,2024-08-31,exp_rent,-8323.75
L02,2024-08-31,exp_utilities,-1697.49
L02,2024-08-31,exp_property_insurance,-697.76
L02,2024-08-31,exp_cam,-944.33
L02,2024-08-31,exp_property_tax,-1166.7
L02,2024-08-31,exp_marketing,-1817.6
L02,2024-08-31,exp_pos_software,-607.05
L02,2024-08-31,exp_equipment_maintenance,-1158.6
L02,2024-08-31,exp_cleaning,-745.01
L02,2024-08-31,exp_cc_fees,-1857.28
L02,2024-08-31,exp_office_supplies,-358.59
L02,2024-08-31,exp_waste_removal,-402.08
L02,2024-08-31,exp_corporate_overhead,-2503.01
L02,2024-08-31,exp_training,-619.51
L02,2024-08-31,exp_general_liability_ins,-527.82
L02,2024-08-31,exp_bank_fees,-181.33
L02,2024-08-31,exp_depreciation,-1376.12
L02,2024-08-31,exp_professional_fees,-785.57
L02,2024-09-30,rev_drip_coffee,15522.93
L02,2024-09-30,rev_espresso_drinks,19578.15
L02,2024-09-30,rev_cold_brew,12290.42
L02,2024-09-30,rev_specialty_seasonal,7121.54
L02,2024-09-30,rev_tea,3682.46
L02,2024-09-30,rev_pastries,8031.78
L02,2024-09-30,rev_sandwiches,8166.05
L02,2024-09-30,rev_breakfast,4272.0
L02,2024-09-30,rev_snacks,2735.22
L02,2024-09-30,rev_whole_bean,3522.9
L02,2024-09-30,rev_brew_equipment,1554.69
L02,2024-09-30,rev_merchandise,991.67
L02,2024-09-30,rev_gift_cards,1718.29
L02,2024-09-30,rev_catering,2596.63
L02,2024-09-30,rev_wholesale,1824.8
L02,2024-09-30,exp_coffee_beans,-9592.46
L02,2024-09-30,exp_dairy,-6315.49
L02,2024-09-30,exp_syrups,-2223.93
L02,2024-09-30,exp_food_ingredients,-4996.27
L02,2024-09-30,exp_packaging,-2431.4
L02,2024-09-30,exp_retail_cogs,-1674.74
L02,2024-09-30,exp_barista_wages,-17929.5
L02,2024-09-30,exp_shift_lead_wages,-5295.03
L02,2024-09-30,exp_store_manager_salary,-6101.08
L02,2024-09-30,exp_payroll_taxes,-2764.59
L02,2024-09-30,exp_employee_benefits,-2551.4
L02,2024-09-30,exp_overtime,-1164.94
L02,2024-09-30,exp_rent,-8207.07
L02,2024-09-30,exp_utilities,-1610.86
L02,2024-09-30,exp_property_insurance,-675.69
L02,2024-09-30,exp_cam,-929.47
L02,2024-09-30,exp_property_tax,-1098.17
L02,2024-09-30,exp_marketing,-1948.15
L02,2024-09-30,exp_pos_software,-621.35
L02,2024-09-30,exp_equipment_maintenance,-781.93
L02,2024-09-30,exp_cleaning,-790.47
L02,2024-09-30,exp_cc_fees,-1965.6
L02,2024-09-30,exp_office_supplies,-406.98
L02,2024-09-30,exp_waste_removal,-442.46
L02,2024-09-30,exp_corporate_overhead,-2511.78
L02,2024-09-30,exp_training,-613.67
L02,2024-09-30,exp_general_liability_ins,-584.18
L02,2024-09-30,exp_bank_fees,-243.57
L02,2024-09-30,exp_depreciation,-1273.98
L02,2024-09-30,exp_professional_fees,-680.16
L02,2024-10-31,rev_drip_coffee,16027.8
L02,2024-10-31,rev_espresso_drinks,19177.87
L02,2024-10-31,rev_cold_brew,10857.57
L02,2024-10-31,rev_specialty_seasonal,7824.34
L02,2024-10-31,rev_tea,3816.45
L02,2024-10-31,rev_pastries,9072.02
L02,2024-10-31,rev_sandwiches,7475.77
L02,2024-10-31,rev_breakfast,4352.42
L02,2024-10-31,rev_snacks,2530.9
L02,2024-10-31,rev_whole_bean,3094.19
L02,2024-10-31,rev_brew_equipment,1379.68
L02,2024-10-31,rev_merchandise,1058.39
L02,2024-10-31,rev_gift_cards,1896.08
L02,2024-10-31,rev_catering,2162.94
L02,2024-10-31,rev_wholesale,2070.92
L02,2024-10-31,exp_coffee_beans,-10189.84
L02,2024-10-31,exp_dairy,-6109.17
L02,2024-10-31,exp_syrups,-2162.25
L02,2024-10-31,exp_food_ingredients,-5021.26
L02,2024-10-31,exp_packaging,-2345.76
L02,2024-10-31,exp_retail_cogs,-1786.29
L02,2024-10-31,exp_barista_wages,-17277.29
L02,2024-10-31,exp_shift_lead_wages,-5457.5
L02,2024-10-31,exp_store_manager_salary,-5915.39
L02,2024-10-31,exp_payroll_taxes,-3152.8
L02,2024-10-31,exp_employee_benefits,-2318.05
L02,2024-10-31,exp_overtime,-1343.4
L02,2024-10-31,exp_rent,-7864.49
L02,2024-10-31,exp_utilities,-1639.41
L02,2024-10-31,exp_property_insurance,-693.92
L02,2024-10-31,exp_cam,-942.98
L02,2024-10-31,exp_property_tax,-1102.09
L02,2024-10-31,exp_marketing,-2069.89
L02,2024-10-31,exp_pos_software,-610.78
L02,2024-10-31,exp_equipment_maintenance,-1129.36
L02,2024-10-31,exp_cleaning,-722.84
L02,2024-10-31,exp_cc_fees,-1754.12
L02,2024-10-31,exp_office_supplies,-395.96
L02,2024-10-31,exp_waste_removal,-388.79
L02,2024-10-31,exp_corporate_overhead,-2252.02
L02,2024-10-31,exp_training,-531.08
L02,2024-10-31,exp_general_liability_ins,-541.41
L02,2024-10-31,exp_bank_fees,-189.66
L02,2024-10-31,exp_depreciation,-1171.8
L02,2024-10-31,exp_professional_fees,-721.66
L02,2024-11-30,rev_drip_coffee,15915.41
L02,2024-11-30,rev_espresso_drinks,23458.23
L02,2024-11-30,rev_cold_brew,9622.98
L02,2024-11-30,rev_specialty_seasonal,9804.52
L02,2024-11-30,rev_tea,3918.66
L02,2024-11-30,rev_pastries,9417.02
L02,2024-11-30,rev_sandwiches,7466.43
L02,2024-11-30,rev_breakfast,5355.23
L02,2024-11-30,rev_snacks,2507.2
L02,2024-11-30,rev_whole_bean,3379.69
L02,2024-11-30,rev_brew_equipment,1813.11
L02,2024-11-30,rev_merchandise,1055.48
L02,2024-11-30,rev_gift_cards,1763.7
L02,2024-11-30,rev_catering,2505.65
L02,2024-11-30,rev_wholesale,2300.54
L02,2024-11-30,exp_coffee_beans,-11863.39
L02,2024-11-30,exp_dairy,-6222.72
L02,2024-11-30,exp_syrups,-2277.86
L02,2024-11-30,exp_food_ingredients,-5189.4
L02,2024-11-30,exp_packaging,-2398.57
L02,2024-11-30,exp_retail_cogs,-1797.12
L02,2024-11-30,exp_barista_wages,-17600.76
L02,2024-11-30,exp_shift_lead_wages,-5830.03
L02,2024-11-30,exp_store_manager_salary,-6926.9
L02,2024-11-30,exp_payroll_taxes,-2838.21
L02,2024-11-30,exp_employee_benefits,-2308.57
L02,2024-11-30,exp_overtime,-1389.6
L02,2024-11-30,exp_rent,-8030.74
L02,2024-11-30,exp_utilities,-1686.46
L02,2024-11-30,exp_property_insurance,-675.96
L02,2024-11-30,exp_cam,-919.42
L02,2024-11-30,exp_property_tax,-1124.02
L02,2024-11-30,exp_marketing,-2146.55
L02,2024-11-30,exp_pos_software,-635.8
L02,2024-11-30,exp_equipment_maintenance,-1152.03
L02,2024-11-30,exp_cleaning,-691.79
L02,2024-11-30,exp_cc_fees,-1768.99
L02,2024-11-30,exp_office_supplies,-438.95
L02,2024-11-30,exp_waste_removal,-381.96
L02,2024-11-30,exp_corporate_overhead,-2025.76
L02,2024-11-30,exp_training,-611.42
L02,2024-11-30,exp_general_liability_ins,-458.71
L02,2024-11-30,exp_bank_fees,-218.32
L02,2024-11-30,exp_depreciation,-1323.99
L02,2024-11-30,exp_professional_fees,-684.62
L02,2024-12-31,rev_drip_coffee,17453.3
L02,2024-12-31,rev_espresso_drinks,26963.72
L02,2024-12-31,rev_cold_brew,13226.27
L02,2024-12-31,rev_specialty_seasonal,10766.92
L02,2024-12-31,rev_tea,4181.24
L02,2024-12-31,rev_pastries,9625.67
L02,2024-12-31,rev_sandwiches,7961.43
L02,2024-12-31,rev_breakfast,5160.67
L02,2024-12-31,rev_snacks,3024.78
L02,2024-12-31,rev_whole_bean,3909.41
L02,2024-12-31,rev_brew_equipment,1784.24
L02,2024-12-31,rev_merchandise,1170.6
L02,2024-12-31,rev_gift_cards,1975.04
L02,2024-12-31,rev_catering,3024.48
L02,2024-12-31,rev_wholesale,2614.31
L02,2024-12-31,exp_coffee_beans,-12195.98
L02,2024-12-31,exp_dairy,-7506.47
L02,2024-12-31,exp_syrups,-2547.71
L02,2024-12-31,exp_food_ingredients,-5942.44
L02,2024-12-31,exp_packaging,-3073.17
L02,2024-12-31,exp_retail_cogs,-2087.52
L02,2024-12-31,exp_barista_wages,-16712.41
L02,2024-12-31,exp_shift_lead_wages,-5958.12
L02,2024-12-31,exp_store_manager_salary,-7373.31
L02,2024-12-31,exp_payroll_taxes,-3036.7
L02,2024-12-31,exp_employee_benefits,-2634.26
L02,2024-12-31,exp_overtime,-1361.62
L02,2024-12-31,exp_rent,-7884.42
L02,2024-12-31,exp_utilities,-1671.55
L02,2024-12-31,exp_property_insurance,-653.37
L02,2024-12-31,exp_cam,-933.1
L02,2024-12-31,exp_property_tax,-1175.45
L02,2024-12-31,exp_marketing,-1517.08
L02,2024-12-31,exp_pos_software,-563.26
L02,2024-12-31,exp_equipment_maintenance,-887.55
L02,2024-12-31,exp_cleaning,-724.63
L02,2024-12-31,exp_cc_fees,-1656.06
L02,2024-12-31,exp_office_supplies,-403.76
L02,2024-12-31,exp_waste_removal,-467.89
L02,2024-12-31,exp_corporate_overhead,-2624.09
L02,2024-12-31,exp_training,-549.61
L02,2024-12-31,exp_general_liability_ins,-519.72
L02,2024-12-31,exp_bank_fees,-199.91
L02,2024-12-31,exp_depreciation,-1526.95
L02,2024-12-31,exp_professional_fees,-592.59
L02,2025-01-31,rev_drip_coffee,15228.92
L02,2025-01-31,rev_espresso_drinks,22635.81
L02,2025-01-31,rev_cold_brew,9810.63
L02,2025-01-31,rev_specialty_seasonal,8725.69
L02,2025-01-31,rev_tea,3454.42
L02,2025-01-31,rev_pastries,5769.23
L02,2025-01-31,rev_sandwiches,6957.15
L02,2025-01-31,rev_breakfast,3999.75
L02,2025-01-31,rev_snacks,2255.13
L02,2025-01-31,rev_whole_bean,3224.38
L02,2025-01-31,rev_brew_equipment,1370.02
L02,2025-01-31,rev_merchandise,805.21
L02,2025-01-31,rev_gift_cards,1557.35
L02,2025-01-31,rev_catering,2177.56
L02,2025-01-31,rev_wholesale,1788.35
L02,2025-01-31,exp_coffee_beans,-9511.95
L02,2025-01-31,exp_dairy,-5826.08
L02,2025-01-31,exp_syrups,-1842.83
L02,2025-01-31,exp_food_ingredients,-4448.84
L02,2025-01-31,exp_packaging,-2292.68
L02,2025-01-31,exp_retail_cogs,-1404.98
L02,2025-01-31,exp_barista_wages,-16521.25
L02,2025-01-31,exp_shift_lead_wages,-4891.0
L02,2025-01-31,exp_store_manager_salary,-5866.63
L02,2025-01-31,exp_payroll_taxes,-2543.68
L02,2025-01-31,exp_employee_benefits,-2150.35
L02,2025-01-31,exp_overtime,-1378.54
L02,2025-01-31,exp_rent,-7920.35
L02,2025-01-31,exp_utilities,-1627.85
L02,2025-01-31,exp_property_insurance,-659.52
L02,2025-01-31,exp_cam,-969.99
L02,2025-01-31,exp_property_tax,-1135.36
L02,2025-01-31,exp_marketing,-1870.39
L02,2025-01-31,exp_pos_software,-619.88
L02,2025-01-31,exp_equipment_maintenance,-896.22
L02,2025-01-31,exp_cleaning,-712.09
L02,2025-01-31,exp_cc_fees,-2141.48
L02,2025-01-31,exp_office_supplies,-403.51
L02,2025-01-31,exp_waste_removal,-390.7
L02,2025-01-31,exp_corporate_overhead,-2662.17
L02,2025-01-31,exp_training,-496.68
L02,2025-01-31,exp_general_liability_ins,-411.22
L02,2025-01-31,exp_bank_fees,-241.08
L02,2025-01-31,exp_depreciation,-1569.55
L02,2025-01-31,exp_professional_fees,-736.48
L02,2025-02-28,rev_drip_coffee,13433.04
L02,2025-02-28,rev_espresso_drinks,19944.9
L02,2025-02-28,rev_cold_brew,9999.31
L02,2025-02-28,rev_specialty_seasonal,8924.81
L02,2025-02-28,rev_tea,3169.78
L02,2025-02-28,rev_pastries,6368.18
L02,2025-02-28,rev_sandwiches,6702.45
L02,2025-02-28,rev_breakfast,4287.34
L02,2025-02-28,rev_snacks,2001.87
L02,2025-02-28,rev_whole_bean,3136.55
L02,2025-02-28,rev_brew_equipment,1383.38
L02,2025-02-28,rev_merchandise,918.33
L02,2025-02-28,rev_gift_cards,1647.6
L02,2025-02-28,rev_catering,2000.07
L02,2025-02-28,rev_wholesale,1508.55
L02,2025-02-28,exp_coffee_beans,-8979.77
L02,2025-02-28,exp_dairy,-5655.93
L02,2025-02-28,exp_syrups,-1853.71
L02,2025-02-28,exp_food_ingredients,-4162.46
L02,2025-02-28,exp_packaging,-1914.13
L02,2025-02-28,exp_retail_cogs,-1636.04
L02,2025-02-28,exp_barista_wages,-16984.78
L02,2025-02-28,exp_shift_lead_wages,-5250.62
L02,2025-02-28,exp_store_manager_salary,-6285.54
L02,2025-02-28,exp_payroll_taxes,-2755.18
L02,2025-02-28,exp_employee_benefits,-2119.38
L02,2025-02-28,exp_overtime,-1217.01
L02,2025-02-28,exp_rent,-8056.36
L02,2025-02-28,exp_utilities,-1754.67
L02,2025-02-28,exp_property_insurance,-684.68
L02,2025-02-28,exp_cam,-928.9
L02,2025-02-28,exp_property_tax,-1156.62
L02,2025-02-28,exp_marketing,-1685.64
L02,2025-02-28,exp_pos_software,-743.08
L02,2025-02-28,exp_equipment_maintenance,-924.26
L02,2025-02-28,exp_cleaning,-765.78
L02,2025-02-28,exp_cc_fees,-1902.16
L02,2025-02-28,exp_office_supplies,-367.83
L02,2025-02-28,exp_waste_removal,-431.16
L02,2025-02-28,exp_corporate_overhead,-2502.96
L02,2025-02-28,exp_training,-538.67
L02,2025-02-28,exp_general_liability_ins,-471.21
L02,2025-02-28,exp_bank_fees,-208.94
L02,2025-02-28,exp_depreciation,-1614.49
L02,2025-02-28,exp_professional_fees,-659.5
L02,2025-03-31,rev_drip_coffee,14120.75
L02,2025-03-31,rev_espresso_drinks,20921.23
L02,2025-03-31,rev_cold_brew,11080.36
L02,2025-03-31,rev_specialty_seasonal,6791.09
L02,2025-03-31,rev_tea,3691.56
L02,2025-03-31,rev_pastries,7734.99
L02,2025-03-31,rev_sandwiches,7499.17
L02,2025-03-31,rev_breakfast,4041.24
L02,2025-03-31,rev_snacks,2340.45
L02,2025-03-31,rev_whole_bean,3471.36
L02,2025-03-31,rev_brew_equipment,1556.59
L02,2025-03-31,rev_merchandise,861.79
L02,2025-03-31,rev_gift_cards,1548.88
L02,2025-03-31,rev_catering,2306.06
L02,2025-03-31,rev_wholesale,2128.81
L02,2025-03-31,exp_coffee_beans,-9005.83
L02,2025-03-31,exp_dairy,-5927.3
L02,2025-03-31,exp_syrups,-1915.39
L02,2025-03-31,exp_food_ingredients,-4507.46
L02,2025-03-31,exp_packaging,-2232.0
L02,2025-03-31,exp_retail_cogs,-1589.73
L02,2025-03-31,exp_barista_wages,-16213.71
L02,2025-03-31,exp_shift_lead_wages,-5196.92
L02,2025-03-31,exp_store_manager_salary,-5951.33
L02,2025-03-31,exp_payroll_taxes,-2514.5
L02,2025-03-31,exp_employee_benefits,-2330.46
L02,2025-03-31,exp_overtime,-1329.63
L02,2025-03-31,exp_rent,-8262.88
L02,2025-03-31,exp_utilities,-1615.48
L02,2025-03-31,exp_property_insurance,-681.2
L02,2025-03-31,exp_cam,-950.27
L02,2025-03-31,exp_property_tax,-1122.32
L02,2025-03-31,exp_marketing,-1876.92
L02,2025-03-31,exp_pos_software,-638.39
L02,2025-03-31,exp_equipment_maintenance,-1172.0
L02,2025-03-31,exp_cleaning,-869.59
L02,2025-03-31,exp_cc_fees,-1432.84
L02,2025-03-31,exp_office_supplies,-442.54
L02,2025-03-31,exp_waste_removal,-388.04
L02,2025-03-31,exp_corporate_overhead,-2745.45
L02,2025-03-31,exp_training,-594.3
L02,2025-03-31,exp_general_liability_ins,-450.26
L02,2025-03-31,exp_bank_fees,-229.56
L02,2025-03-31,exp_depreciation,-1391.27
L02,2025-03-31,exp_professional_fees,-703.7
L02,2025-04-30,rev_drip_coffee,16153.72
L02,2025-04-30,rev_espresso_drinks,25169.64
L02,2025-04-30,rev_cold_brew,10784.53
L02,2025-04-30,rev_specialty_seasonal,6690.87
L02,2025-04-30,rev_tea,4045.25
L02,2025-04-30,rev_pastries,8699.37
L02,2025-04-30,rev_sandwiches,7989.54
L02,2025-04-30,rev_breakfast,4246.4
L02,2025-04-30,rev_snacks,2305.51
L02,2025-04-30,rev_whole_bean,3236.97
L02,2025-04-30,rev_brew_equipment,1455.35
L02,2025-04-30,rev_merchandise,1046.4
L02,2025-04-30,rev_gift_cards,1886.83
L02,2025-04-30,rev_catering,2376.63
L02,2025-04-30,rev_wholesale,2194.35
L02,2025-04-30,exp_coffee_beans,-11201.3
L02,2025-04-30,exp_dairy,-6228.51
L02,2025-04-30,exp_syrups,-2076.19
L02,2025-04-30,exp_food_ingredients,-5286.08
L02,2025-04-30,exp_packaging,-2385.78
L02,2025-04-30,exp_retail_cogs,-1720.12
L02,2025-04-30,exp_barista_wages,-16805.74
L02,2025-04-30,exp_shift_lead_wages,-5036.28
L02,2025-04-30,exp_store_manager_salary,-5742.59
L02,2025-04-30,exp_payroll_taxes,-2930.22
L02,2025-04-30,exp_employee_benefits,-2172.96
L02,2025-04-30,exp_overtime,-1542.12
L02,2025-04-30,exp_rent,-7949.34
L02,2025-04-30,exp_utilities,-1624.92
L02,2025-04-30,exp_property_insurance,-684.06
L02,2025-04-30,exp_cam,-966.28
L02,2025-04-30,exp_property_tax,-1147.43
L02,2025-04-30,exp_marketing,-1982.5
L02,2025-04-30,exp_pos_software,-526.83
L02,2025-04-30,exp_equipment_maintenance,-922.63
L02,2025-04-30,exp_cleaning,-650.95
L02,2025-04-30,exp_cc_fees,-1393.18
L02,2025-04-30,exp_office_supplies,-358.35
L02,2025-04-30,exp_waste_removal,-331.33
L02,2025-04-30,exp_corporate_overhead,-2169.68
L02,2025-04-30,exp_training,-512.62
L02,2025-04-30,exp_general_liability_ins,-458.48
L02,2025-04-30,exp_bank_fees,-227.45
L02,2025-04-30,exp_depreciation,-1449.37
L02,2025-04-30,exp_professional_fees,-726.33
L02,2025-05-31,rev_drip_coffee,17656.5
L02,2025-05-31,rev_espresso_drinks,26320.98
L02,2025-05-31,rev_cold_brew,11254.13
L02,2025-05-31,rev_specialty_seasonal,7293.93
L02,2025-05-31,rev_tea,4064.89
L02,2025-05-31,rev_pastries,8827.96
L02,2025-05-31,rev_sandwiches,7673.22
L02,2025-05-31,rev_breakfast,4583.84
L02,2025-05-31,rev_snacks,2468.9
L02,2025-05-31,rev_whole_bean,3680.62
L02,2025-05-31,rev_brew_equipment,1595.89
L02,2025-05-31,rev_merchandise,978.86
L02,2025-05-31,rev_gift_cards,1740.33
L02,2025-05-31,rev_catering,2282.15
L02,2025-05-31,rev_wholesale,2229.3
L02,2025-05-31,exp_coffee_beans,-11051.42
L02,2025-05-31,exp_dairy,-6182.57
L02,2025-05-31,exp_syrups,-2365.33
L02,2025-05-31,exp_food_ingredients,-5000.94
L02,2025-05-31,exp_packaging,-2336.02
L02,2025-05-31,exp_retail_cogs,-1886.45
L02,2025-05-31,exp_barista_wages,-16994.51
L02,2025-05-31,exp_shift_lead_wages,-5312.34
L02,2025-05-31,exp_store_manager_salary,-6462.15
L02,2025-05-31,exp_payroll_taxes,-3087.79
L02,2025-05-31,exp_employee_benefits,-2336.78
L02,2025-05-31,exp_overtime,-1237.75
L02,2025-05-31,exp_rent,-8214.24
L02,2025-05-31,exp_utilities,-1650.67
L02,2025-05-31,exp_property_insurance,-702.72
L02,2025-05-31,exp_cam,-937.58
L02,2025-05-31,exp_property_tax,-1094.73
L02,2025-05-31,exp_marketing,-1942.21
L02,2025-05-31,exp_pos_software,-771.5
L02,2025-05-31,exp_equipment_maintenance,-1145.65
L02,2025-05-31,exp_cleaning,-862.76
L02,2025-05-31,exp_cc_fees,-1543.64
L02,2025-05-31,exp_office_supplies,-386.51
L02,2025-05-31,exp_waste_removal,-396.29
L02,2025-05-31,exp_corporate_overhead,-2556.34
L02,2025-05-31,exp_training,-472.76
L02,2025-05-31,exp_general_liability_ins,-467.83
L02,2025-05-31,exp_bank_fees,-203.98
L02,2025-05-31,exp_depreciation,-1532.77
L02,2025-05-31,exp_professional_fees,-720.12
L02,2025-06-30,rev_drip_coffee,18157.75
L02,2025-06-30,rev_espresso_drinks,22948.22
L02,2025-06-30,rev_cold_brew,15804.34
L02,2025-06-30,rev_specialty_seasonal,7142.4
L02,2025-06-30,rev_tea,4455.24
L02,2025-06-30,rev_pastries,10188.57
L02,2025-06-30,rev_sandwiches,9167.78
L02,2025-06-30,rev_breakfast,4719.54
L02,2025-06-30,rev_snacks,2200.24
L02,2025-06-30,rev_whole_bean,3261.04
L02,2025-06-30,rev_brew_equipment,1910.25
L02,2025-06-30,rev_merchandise,1067.22
L02,2025-06-30,rev_gift_cards,1842.48
L02,2025-06-30,rev_catering,3049.47
L02,2025-06-30,rev_wholesale,2428.43
L02,2025-06-30,exp_coffee_beans,-11756.38
L02,2025-06-30,exp_dairy,-6790.95
L02,2025-06-30,exp_syrups,-2408.97
L02,2025-06-30,exp_food_ingredients,-5550.46
L02,2025-06-30,exp_packaging,-2894.67
L02,2025-06-30,exp_retail_cogs,-1954.9
L02,2025-06-30,exp_barista_wages,-18917.24
L02,2025-06-30,exp_shift_lead_wages,-6016.25
L02,2025-06-30,exp_store_manager_salary,-6187.41
L02,2025-06-30,exp_payroll_taxes,-3118.12
L02,2025-06-30,exp_employee_benefits,-2366.78
L02,2025-06-30,exp_overtime,-1168.93
L02,2025-06-30,exp_rent,-7779.98
L02,2025-06-30,exp_utilities,-1632.9
L02,2025-06-30,exp_property_insurance,-684.35
L02,2025-06-30,exp_cam,-939.73
L02,2025-06-30,exp_property_tax,-1150.18
L02,2025-06-30,exp_marketing,-2241.04
L02,2025-06-30,exp_pos_software,-563.93
L02,2025-06-30,exp_equipment_maintenance,-986.97
L02,2025-06-30,exp_cleaning,-751.44
L02,2025-06-30,exp_cc_fees,-1592.37
L02,2025-06-30,exp_office_supplies,-355.21
L02,2025-06-30,exp_waste_removal,-358.79
L02,2025-06-30,exp_corporate_overhead,-2852.77
L02,2025-06-30,exp_training,-504.8
L02,2025-06-30,exp_general_liability_ins,-601.63
L02,2025-06-30,exp_bank_fees,-218.06
L02,2025-06-30,exp_depreciation,-1550.98
L02,2025-06-30,exp_professional_fees,-663.18
L02,2025-07-31,rev_drip_coffee,18195.32
L02,2025-07-31,rev_espresso_drinks,25182.56
L02,2025-07-31,rev_cold_brew,16801.19
L02,2025-07-31,rev_specialty_seasonal,7997.66
L02,2025-07-31,rev_tea,4008.67
L02,2025-07-31,rev_pastries,9464.73
L02,2025-07-31,rev_sandwiches,8256.17
L02,2025-07-31,rev_breakfast,6106.42
L02,2025-07-31,rev_snacks,2872.5
L02,2025-07-31,rev_whole_bean,4381.69
L02,2025-07-31,rev_brew_equipment,1733.56
L02,2025-07-31,rev_merchandise,1155.63
L02,2025-07-31,rev_gift_cards,1799.95
L02,2025-07-31,rev_catering,2668.49
L02,2025-07-31,rev_wholesale,2302.44
L02,2025-07-31,exp_coffee_beans,-13012.63
L02,2025-07-31,exp_dairy,-7155.21
L02,2025-07-31,exp_syrups,-2662.21
L02,2025-07-31,exp_food_ingredients,-5815.65
L02,2025-07-31,exp_packaging,-2975.97
L02,2025-07-31,exp_retail_cogs,-1959.94
L02,2025-07-31,exp_barista_wages,-21005.23
L02,2025-07-31,exp_shift_lead_wages,-5531.3
L02,2025-07-31,exp_store_manager_salary,-6433.53
L02,2025-07-31,exp_payroll_taxes,-2803.54
L02,2025-07-31,exp_employee_benefits,-2783.16
L02,2025-07-31,exp_overtime,-1463.84
L02,2025-07-31,exp_rent,-8071.55
L02,2025-07-31,exp_utilities,-1708.48
L02,2025-07-31,exp_property_insurance,-686.47
L02,2025-07-31,exp_cam,-974.47
L02,2025-07-31,exp_property_tax,-1110.48
L02,2025-07-31,exp_marketing,-1825.43
L02,2025-07-31,exp_pos_software,-616.03
L02,2025-07-31,exp_equipment_maintenance,-794.35
L02,2025-07-31,exp_cleaning,-806.57
L02,2025-07-31,exp_cc_fees,-1672.45
L02,2025-07-31,exp_office_supplies,-380.4
L02,2025-07-31,exp_waste_removal,-527.92
L02,2025-07-31,exp_corporate_overhead,-2411.94
L02,2025-07-31,exp_training,-518.91
L02,2025-07-31,exp_general_liability_ins,-505.99
L02,2025-07-31,exp_bank_fees,-240.37
L02,2025-07-31,exp_depreciation,-1326.69
L02,2025-07-31,exp_professional_fees,-624.67
L02,2025-08-31,rev_drip_coffee,18922.72
L02,2025-08-31,rev_espresso_drinks,26033.66
L02,2025-08-31,rev_cold_brew,13315.0
L02,2025-08-31,rev_specialty_seasonal,6728.82
L02,2025-08-31,rev_tea,4582.38
L02,2025-08-31,rev_pastries,9438.74
L02,2025-08-31,rev_sandwiches,7796.18
L02,2025-08-31,rev_breakfast,4866.07
L02,2025-08-31,rev_snacks,2770.41
L02,2025-08-31,rev_whole_bean,3949.62
L02,2025-08-31,rev_brew_equipment,1501.51
L02,2025-08-31,rev_merchandise,1010.07
L02,2025-08-31,rev_gift_cards,1967.24
L02,2025-08-31,rev_catering,2626.01
L02,2025-08-31,rev_wholesale,2264.94
L02,2025-08-31,exp_coffee_beans,-10823.39
L02,2025-08-31,exp_dairy,-6889.86
L02,2025-08-31,exp_syrups,-2511.67
L02,2025-08-31,exp_food_ingredients,-5521.32
L02,2025-08-31,exp_packaging,-2650.69
L02,2025-08-31,exp_retail_cogs,-1871.26
L02,2025-08-31,exp_barista_wages,-17065.61
L02,2025-08-31,exp_shift_lead_wages,-5547.52
L02,2025-08-31,exp_store_manager_salary,-7093.4
L02,2025-08-31,exp_payroll_taxes,-2935.24
L02,2025-08-31,exp_employee_benefits,-2260.34
L02,2025-08-31,exp_overtime,-1324.17
L02,2025-08-31,exp_rent,-8158.49
L02,2025-08-31,exp_utilities,-1654.39
L02,2025-08-31,exp_property_insurance,-683.73
L02,2025-08-31,exp_cam,-947.4
L02,2025-08-31,exp_property_tax,-1166.33
L02,2025-08-31,exp_marketing,-2142.14
L02,2025-08-31,exp_pos_software,-710.22
L02,2025-08-31,exp_equipment_maintenance,-897.23
L02,2025-08-31,exp_cleaning,-663.35
L02,2025-08-31,exp_cc_fees,-1705.9
L02,2025-08-31,exp_office_supplies,-338.22
L02,2025-08-31,exp_waste_removal,-378.51
L02,2025-08-31,exp_corporate_overhead,-2389.83
L02,2025-08-31,exp_training,-516.02
L02,2025-08-31,exp_general_liability_ins,-466.46
L02,2025-08-31,exp_bank_fees,-211.86
L02,2025-08-31,exp_depreciation,-1572.13
L02,2025-08-31,exp_professional_fees,-680.02
L02,2025-09-30,rev_drip_coffee,19377.41
L02,2025-09-30,rev_espresso_drinks,23750.17
L02,2025-09-30,rev_cold_brew,10680.53
L02,2025-09-30,rev_specialty_seasonal,6919.88
L02,2025-09-30,rev_tea,3871.36
L02,2025-09-30,rev_pastries,8774.9
L02,2025-09-30,rev_sandwiches,8977.64
L02,2025-09-30,rev_breakfast,4265.18
L02,2025-09-30,rev_snacks,2742.56
L02,2025-09-30,rev_whole_bean,3516.28
L02,2025-09-30,rev_brew_equipment,1365.71
L02,2025-09-30,rev_merchandise,1066.08
L02,2025-09-30,rev_gift_cards,1966.22
L02,2025-09-30,rev_catering,2286.31
L02,2025-09-30,rev_wholesale,2006.9
L02,2025-09-30,exp_coffee_beans,-9771.12
L02,2025-09-30,exp_dairy,-5881.64
L02,2025-09-30,exp_syrups,-2324.19
L02,2025-09-30,exp_food_ingredients,-4881.55
L02,2025-09-30,exp_packaging,-2305.61
L02,2025-09-30,exp_retail_cogs,-1763.53
L02,2025-09-30,exp_barista_wages,-16774.54
L02,2025-09-30,exp_shift_lead_wages,-5218.85
L02,2025-09-30,exp_store_manager_salary,-6638.99
L02,2025-09-30,exp_payroll_taxes,-2651.05
L02,2025-09-30,exp_employee_benefits,-2176.64
L02,2025-09-30,exp_overtime,-1327.4
L02,2025-09-30,exp_rent,-8283.39
L02,2025-09-30,exp_utilities,-1708.12
L02,2025-09-30,exp_property_insurance,-668.15
L02,2025-09-30,exp_cam,-955.18
L02,2025-09-30,exp_property_tax,-1127.98
L02,2025-09-30,exp_marketing,-2217.65
L02,2025-09-30,exp_pos_software,-572.67
L02,2025-09-30,exp_equipment_maintenance,-1121.16
L02,2025-09-30,exp_cleaning,-681.37
L02,2025-09-30,exp_cc_fees,-2064.99
L02,2025-09-30,exp_office_supplies,-375.15
L02,2025-09-30,exp_waste_removal,-383.73
L02,2025-09-30,exp_corporate_overhead,-2369.69
L02,2025-09-30,exp_training,-584.04
L02,2025-09-30,exp_general_liability_ins,-552.69
L02,2025-09-30,exp_bank_fees,-217.23
L02,2025-09-30,exp_depreciation,-1412.68
L02,2025-09-30,exp_professional_fees,-717.3
L02,2025-10-31,rev_drip_coffee,16028.26
L02,2025-10-31,rev_espresso_drinks,20594.08
L02,2025-10-31,rev_cold_brew,10022.67
L02,2025-10-31,rev_specialty_seasonal,6909.52
L02,2025-10-31,rev_tea,4080.78
L02,2025-10-31,rev_pastries,9388.11
L02,2025-10-31,rev_sandwiches,8018.35
L02,2025-10-31,rev_breakfast,4587.92
L02,2025-10-31,rev_snacks,2666.6
L02,2025-10-31,rev_whole_bean,3210.1
L02,2025-10-31,rev_brew_equipment,1512.64
L02,2025-10-31,rev_merchandise,919.57
L02,2025-10-31,rev_gift_cards,1575.34
L02,2025-10-31,rev_catering,2470.72
L02,2025-10-31,rev_wholesale,1998.18
L02,2025-10-31,exp_coffee_beans,-10844.42
L02,2025-10-31,exp_dairy,-6321.65
L02,2025-10-31,exp_syrups,-2191.43
L02,2025-10-31,exp_food_ingredients,-5036.48
L02,2025-10-31,exp_packaging,-2387.97
L02,2025-10-31,exp_retail_cogs,-1744.63
L02,2025-10-31,exp_barista_wages,-16407.86
L02,2025-10-31,exp_shift_lead_wages,-5438.33
L02,2025-10-31,exp_store_manager_salary,-6550.08
L02,2025-10-31,exp_payroll_taxes,-2709.59
L02,2025-10-31,exp_employee_benefits,-2287.23
L02,2025-10-31,exp_overtime,-1254.18
L02,2025-10-31,exp_rent,-8040.28
L02,2025-10-31,exp_utilities,-1629.34
L02,2025-10-31,exp_property_insurance,-694.3
L02,2025-10-31,exp_cam,-957.58
L02,2025-10-31,exp_property_tax,-1158.27
L02,2025-10-31,exp_marketing,-2245.02
L02,2025-10-31,exp_pos_software,-633.68
L02,2025-10-31,exp_equipment_maintenance,-1289.74
L02,2025-10-31,exp_cleaning,-712.65
L02,2025-10-31,exp_cc_fees,-1762.79
L02,2025-10-31,exp_office_supplies,-340.11
L02,2025-10-31,exp_waste_removal,-443.03
L02,2025-10-31,exp_corporate_overhead,-2709.19
L02,2025-10-31,exp_training,-535.55
L02,2025-10-31,exp_general_liability_ins,-588.9
L02,2025-10-31,exp_bank_fees,-224.0
L02,2025-10-31,exp_depreciation,-1444.44
L02,2025-10-31,exp_professional_fees,-606.13
L02,2025-11-30,rev_drip_coffee,17703.42
L02,2025-11-30,rev_espresso_drinks,24542.83
L02,2025-11-30,rev_cold_brew,11014.11
L02,2025-11-30,rev_specialty_seasonal,9960.82
L02,2025-11-30,rev_tea,4875.2
L02,2025-11-30,rev_pastries,8789.19
L02,2025-11-30,rev_sandwiches,7201.35
L02,2025-11-30,rev_breakfast,4573.08
L02,2025-11-30,rev_snacks,2705.95
L02,2025-11-30,rev_whole_bean,3822.42
L02,2025-11-30,rev_brew_equipment,1727.33
L02,2025-11-30,rev_merchandise,1120.79
L02,2025-11-30,rev_gift_cards,1792.68
L02,2025-11-30,rev_catering,2669.81
L02,2025-11-30,rev_wholesale,1977.44
L02,2025-11-30,exp_coffee_beans,-10971.87
L02,2025-11-30,exp_dairy,-6340.96
L02,2025-11-30,exp_syrups,-2199.43
L02,2025-11-30,exp_food_ingredients,-5573.71
L02,2025-11-30,exp_packaging,-2673.51
L02,2025-11-30,exp_retail_cogs,-1936.24
L02,2025-11-30,exp_barista_wages,-17845.47
L02,2025-11-30,exp_shift_lead_wages,-5778.67
L02,2025-11-30,exp_store_manager_salary,-5844.81
L02,2025-11-30,exp_payroll_taxes,-3081.4
L02,2025-11-30,exp_employee_benefits,-2391.43
L02,2025-11-30,exp_overtime,-1403.04
L02,2025-11-30,exp_rent,-8187.61
L02,2025-11-30,exp_utilities,-1633.93
L02,2025-11-30,exp_property_insurance,-656.87
L02,2025-11-30,exp_cam,-924.25
L02,2025-11-30,exp_property_tax,-1158.9
L02,2025-11-30,exp_marketing,-2004.6
L02,2025-11-30,exp_pos_software,-557.55
L02,2025-11-30,exp_equipment_maintenance,-892.59
L02,2025-11-30,exp_cleaning,-676.5
L02,2025-11-30,exp_cc_fees,-1657.51
L02,2025-11-30,exp_office_supplies,-305.96
L02,2025-11-30,exp_waste_removal,-366.39
L02,2025-11-30,exp_corporate_overhead,-2294.78
L02,2025-11-30,exp_training,-546.4
L02,2025-11-30,exp_general_liability_ins,-441.02
L02,2025-11-30,exp_bank_fees,-216.24
L02,2025-11-30,exp_depreciation,-1555.27
L02,2025-11-30,exp_professional_fees,-579.94
L02,2025-12-31,rev_drip_coffee,19030.87
L02,2025-12-31,rev_espresso_drinks,30322.28
L02,2025-12-31,rev_cold_brew,12640.62
L02,2025-12-31,rev_specialty_seasonal,11446.68
L02,2025-12-31,rev_tea,4959.68
L02,2025-12-31,rev_pastries,9893.86
L02,2025-12-31,rev_sandwiches,10021.77
L02,2025-12-31,rev_breakfast,5659.27
L02,2025-12-31,rev_snacks,2985.2
L02,2025-12-31,rev_whole_bean,4295.75
L02,2025-12-31,rev_brew_equipment,1916.22
L02,2025-12-31,rev_merchandise,1299.15
L02,2025-12-31,rev_gift_cards,2041.56
L02,2025-12-31,rev_catering,2945.61
L02,2025-12-31,rev_wholesale,2390.3
L02,2025-12-31,exp_coffee_beans,-13240.74
L02,2025-12-31,exp_dairy,-7122.6
L02,2025-12-31,exp_syrups,-2775.82
L02,2025-12-31,exp_food_ingredients,-6117.52
L02,2025-12-31,exp_packaging,-2727.31
L02,2025-12-31,exp_retail_cogs,-2211.38
L02,2025-12-31,exp_barista_wages,-21476.33
L02,2025-12-31,exp_shift_lead_wages,-6226.15
L02,2025-12-31,exp_store_manager_salary,-7547.06
L02,2025-12-31,exp_payroll_taxes,-3132.31
L02,2025-12-31,exp_employee_benefits,-2266.12
L02,2025-12-31,exp_overtime,-1279.17
L02,2025-12-31,exp_rent,-8167.3
L02,2025-12-31,exp_utilities,-1647.11
L02,2025-12-31,exp_property_insurance,-664.77
L02,2025-12-31,exp_cam,-936.42
L02,2025-12-31,exp_property_tax,-1160.06
L02,2025-12-31,exp_marketing,-1602.77
L02,2025-12-31,exp_pos_software,-616.91
L02,2025-12-31,exp_equipment_maintenance,-1139.12
L02,2025-12-31,exp_cleaning,-650.83
L02,2025-12-31,exp_cc_fees,-1868.43
L02,2025-12-31,exp_office_supplies,-337.03
L02,2025-12-31,exp_waste_removal,-450.44
L02,2025-12-31,exp_corporate_overhead,-2774.62
L02,2025-12-31,exp_training,-581.88
L02,2025-12-31,exp_general_liability_ins,-545.51
L02,2025-12-31,exp_bank_fees,-193.58
L02,2025-12-31,exp_depreciation,-1563.02
L02,2025-12-31,exp_professional_fees,-609.88
L03,2023-01-31,rev_drip_coffee,12565.28
L03,2023-01-31,rev_espresso_drinks,18521.6
L03,2023-01-31,rev_cold_brew,8544.79
L03,2023-01-31,rev_specialty_seasonal,7117.53
L03,2023-01-31,rev_tea,2574.97
L03,2023-01-31,rev_pastries,6902.95
L03,2023-01-31,rev_sandwiches,5945.4
L03,2023-01-31,rev_breakfast,3801.1
L03,2023-01-31,rev_snacks,1945.78
L03,2023-01-31,rev_whole_bean,2336.12
L03,2023-01-31,rev_brew_equipment,1280.51
L03,2023-01-31,rev_merchandise,741.49
L03,2023-01-31,rev_gift_cards,1395.62
L03,2023-01-31,rev_catering,1771.12
L03,2023-01-31,rev_wholesale,1729.29
L03,2023-01-31,exp_coffee_beans,-7045.76
L03,2023-01-31,exp_dairy,-4252.14
L03,2023-01-31,exp_syrups,-1529.98
L03,2023-01-31,exp_food_ingredients,-3255.99
L03,2023-01-31,exp_packaging,-1709.79
L03,2023-01-31,exp_retail_cogs,-1298.25
L03,2023-01-31,exp_barista_wages,-13483.76
L03,2023-01-31,exp_shift_lead_wages,-4410.61
L03,2023-01-31,exp_store_manager_salary,-4258.52
L03,2023-01-31,exp_payroll_taxes,-2280.78
L03,2023-01-31,exp_employee_benefits,-1811.8
L03,2023-01-31,exp_overtime,-1003.32
L03,2023-01-31,exp_rent,-7517.41
L03,2023-01-31,exp_utilities,-1499.54
L03,2023-01-31,exp_property_insurance,-611.01
L03,2023-01-31,exp_cam,-842.63
L03,2023-01-31,exp_property_tax,-997.92
L03,2023-01-31,exp_marketing,-1505.84
L03,2023-01-31,exp_pos_software,-641.1
L03,2023-01-31,exp_equipment_maintenance,-707.11
L03,2023-01-31,exp_cleaning,-609.75
L03,2023-01-31,exp_cc_fees,-1494.34
L03,2023-01-31,exp_office_supplies,-376.67
L03,2023-01-31,exp_waste_removal,-416.51
L03,2023-01-31,exp_corporate_overhead,-2137.93
L03,2023-01-31,exp_training,-554.54
L03,2023-01-31,exp_general_liability_ins,-419.28
L03,2023-01-31,exp_bank_fees,-218.1
L03,2023-01-31,exp_depreciation,-1100.49
L03,2023-01-31,exp_professional_fees,-668.55
L03,2023-02-28,rev_drip_coffee,11646.26
L03,2023-02-28,rev_espresso_drinks,15998.99
L03,2023-02-28,rev_cold_brew,7994.27
L03,2023-02-28,rev_specialty_seasonal,7628.75
L03,2023-02-28,rev_tea,2710.84
L03,2023-02-28,rev_pastries,6588.84
L03,2023-02-28,rev_sandwiches,5460.97
L03,2023-02-28,rev_breakfast,3572.59
L03,2023-02-28,rev_snacks,1976.92
L03,2023-02-28,rev_whole_bean,2560.96
L03,2023-02-28,rev_brew_equipment,1121.19
L03,2023-02-28,rev_merchandise,756.2
L03,2023-02-28,rev_gift_cards,1386.73
L03,2023-02-28,rev_catering,2127.61
L03,2023-02-28,rev_wholesale,1606.59
L03,2023-02-28,exp_coffee_beans,-7556.56
L03,2023-02-28,exp_dairy,-4882.07
L03,2023-02-28,exp_syrups,-1526.37
L03,2023-02-28,exp_food_ingredients,-3449.14
L03,2023-02-28,exp_packaging,-1702.5
L03,2023-02-28,exp_retail_cogs,-1115.46
L03,2023-02-28,exp_barista_wages,-13399.4
L03,2023-02-28,exp_shift_lead_wages,-4139.56
L03,2023-02-28,exp_store_manager_salary,-5249.71
L03,2023-02-28,exp_payroll_taxes,-2241.62
L03,2023-02-28,exp_employee_benefits,-1844.84
L03,2023-02-28,exp_overtime,-1113.74
L03,2023-02-28,exp_rent,-7485.29
L03,2023-02-28,exp_utilities,-1504.51
L03,2023-02-28,exp_property_insurance,-604.97
L03,2023-02-28,exp_cam,-868.31
L03,2023-02-28,exp_property_tax,-1053.77
L03,2023-02-28,exp_marketing,-1425.31
L03,2023-02-28,exp_pos_software,-566.57
L03,2023-02-28,exp_equipment_maintenance,-911.03
L03,2023-02-28,exp_cleaning,-711.79
L03,2023-02-28,exp_cc_fees,-1698.22
L03,2023-02-28,exp_office_supplies,-329.85
L03,2023-02-28,exp_waste_removal,-409.42
L03,2023-02-28,exp_corporate_overhead,-2278.6
L03,2023-02-28,exp_training,-457.49
L03,2023-02-28,exp_general_liability_ins,-440.99
L03,2023-02-28,exp_bank_fees,-198.48
L03,2023-02-28,exp_depreciation,-1269.13
L03,2023-02-28,exp_professional_fees,-489.91
L03,2023-03-31,rev_drip_coffee,12581.66
L03,2023-03-31,rev_espresso_drinks,18904.79
L03,2023-03-31,rev_cold_brew,8585.05
L03,2023-03-31,rev_specialty_seasonal,5446.71
L03,2023-03-31,rev_tea,3166.03
L03,2023-03-31,rev_pastries,6223.2
L03,2023-03-31,rev_sandwiches,5378.38
L03,2023-03-31,rev_breakfast,3572.07
L03,2023-03-31,rev_snacks,2187.26
L03,2023-03-31,rev_whole_bean,3153.29
L03,2023-03-31,rev_brew_equipment,1333.18
L03,2023-03-31,rev_merchandise,711.84
L03,2023-03-31,rev_gift_cards,1407.26
L03,2023-03-31,rev_catering,2012.12
L03,2023-03-31,rev_wholesale,1636.08
L03,2023-03-31,exp_coffee_beans,-7987.82
L03,2023-03-31,exp_dairy,-4356.06
L03,2023-03-31,exp_syrups,-1611.56
L03,2023-03-31,exp_food_ingredients,-3711.81
L03,2023-03-31,exp_packaging,-1848.73
L03,2023-03-31,exp_retail_cogs,-1217.08
L03,2023-03-31,exp_barista_wages,-13914.71
L03,2023-03-31,exp_shift_lead_wages,-3691.7
L03,2023-03-31,exp_store_manager_salary,-5021.46
L03,2023-03-31,exp_payroll_taxes,-2264.61
L03,2023-03-31,exp_employee_benefits,-1773.0
L03,2023-03-31,exp_overtime,-1089.89
L03,2023-03-31,exp_rent,-7350.03
L03,2023-03-31,exp_utilities,-1441.19
L03,2023-03-31,exp_property_insurance,-615.83
L03,2023-03-31,exp_cam,-833.27
L03,2023-03-31,exp_property_tax,-1047.78
L03,2023-03-31,exp_marketing,-1480.39
L03,2023-03-31,exp_pos_software,-586.64
L03,2023-03-31,exp_equipment_maintenance,-870.82
L03,2023-03-31,exp_cleaning,-680.37
L03,2023-03-31,exp_cc_fees,-1575.97
L03,2023-03-31,exp_office_supplies,-312.56
L03,2023-03-31,exp_waste_removal,-327.36
L03,2023-03-31,exp_corporate_overhead,-1929.63
L03,2023-03-31,exp_training,-461.91
L03,2023-03-31,exp_general_liability_ins,-452.44
L03,2023-03-31,exp_bank_fees,-186.06
L03,2023-03-31,exp_depreciation,-1353.17
L03,2023-03-31,exp_professional_fees,-586.9
L03,2023-04-30,rev_drip_coffee,12622.8
L03,2023-04-30,rev_espresso_drinks,19369.96
L03,2023-04-30,rev_cold_brew,9412.04
L03,2023-04-30,rev_specialty_seasonal,6000.89
L03,2023-04-30,rev_tea,3689.43
L03,2023-04-30,rev_pastries,6785.92
L03,2023-04-30,rev_sandwiches,6470.97
L03,2023-04-30,rev_breakfast,3999.66
L03,2023-04-30,rev_snacks,2165.68
L03,2023-04-30,rev_whole_bean,2807.32
L03,2023-04-30,rev_brew_equipment,1157.02
L03,2023-04-30,rev_merchandise,814.33
L03,2023-04-30,rev_gift_cards,1379.74
L03,2023-04-30,rev_catering,1788.73
L03,2023-04-30,rev_wholesale,1589.97
L03,2023-04-30,exp_coffee_beans,-7758.81
L03,2023-04-30,exp_dairy,-4945.96
L03,2023-04-30,exp_syrups,-1741.71
L03,2023-04-30,exp_food_ingredients,-3653.8
L03,2023-04-30,exp_packaging,-1844.56
L03,2023-04-30,exp_retail_cogs,-1210.88
L03,2023-04-30,exp_barista_wages,-14094.51
L03,2023-04-30,exp_shift_lead_wages,-4612.53
L03,2023-04-30,exp_store_manager_salary,-5596.01
L03,2023-04-30,exp_payroll_taxes,-2287.98
L03,2023-04-30,exp_employee_benefits,-2052.42
L03,2023-04-30,exp_overtime,-1002.86
L03,2023-04-30,exp_rent,-7174.65
L03,2023-04-30,exp_utilities,-1530.81
L03,2023-04-30,exp_property_insurance,-633.68
L03,2023-04-30,exp_cam,-857.41
L03,2023-04-30,exp_property_tax,-1036.87
L03,2023-04-30,exp_marketing,-1325.31
L03,2023-04-30,exp_pos_software,-466.6
L03,2023-04-30,exp_equipment_maintenance,-907.8
L03,2023-04-30,exp_cleaning,-636.71
L03,2023-04-30,exp_cc_fees,-1384.43
L03,2023-04-30,exp_office_supplies,-322.85
L03,2023-04-30,exp_waste_removal,-391.23
L03,2023-04-30,exp_corporate_overhead,-2477.9
L03,2023-04-30,exp_training,-497.25
L03,2023-04-30,exp_general_liability_ins,-508.44
L03,2023-04-30,exp_bank_fees,-198.27
L03,2023-04-30,exp_depreciation,-1258.86
L03,2023-04-30,exp_professional_fees,-668.01
L03,2023-05-31,rev_drip_coffee,13238.51
L03,2023-05-31,rev_espresso_drinks,25484.76
L03,2023-05-31,rev_cold_brew,9998.66
L03,2023-05-31,rev_specialty_seasonal,6328.42
L03,2023-05-31,rev_tea,3509.29
L03,2023-05-31,rev_pastries,8658.57
L03,2023-05-31,rev_sandwiches,7268.02
L03,2023-05-31,rev_breakfast,3539.72
L03,2023-05-31,rev_snacks,2534.03
L03,2023-05-31,rev_whole_bean,2986.92
L03,2023-05-31,rev_brew_equipment,1398.64
L03,2023-05-31,rev_merchandise,800.25
L03,2023-05-31,rev_gift_cards,1651.57
L03,2023-05-31,rev_catering,2065.62
L03,2023-05-31,rev_wholesale,1797.25
L03,2023-05-31,exp_coffee_beans,-8474.71
L03,2023-05-31,exp_dairy,-5531.64
L03,2023-05-31,exp_syrups,-1951.4
L03,2023-05-31,exp_food_ingredients,-4027.43
L03,2023-05-31,exp_packaging,-1968.6
L03,2023-05-31,exp_retail_cogs,-1375.49
L03,2023-05-31,exp_barista_wages,-15826.62
L03,2023-05-31,exp_shift_lead_wages,-4511.97
L03,2023-05-31,exp_store_manager_salary,-5310.49
L03,2023-05-31,exp_payroll_taxes,-2585.71
L03,2023-05-31,exp_employee_benefits,-1908.92
L03,2023-05-31,exp_overtime,-1124.67
L03,2023-05-31,exp_rent,-7125.55
L03,2023-05-31,exp_utilities,-1530.65
L03,2023-05-31,exp_property_insurance,-636.99
L03,2023-05-31,exp_cam,-861.28
L03,2023-05-31,exp_property_tax,-1068.04
L03,2023-05-31,exp_marketing,-1554.39
L03,2023-05-31,exp_pos_software,-598.71
L03,2023-05-31,exp_equipment_maintenance,-811.67
L03,2023-05-31,exp_cleaning,-645.32
L03,2023-05-31,exp_cc_fees,-1676.75
L03,2023-05-31,exp_office_supplies,-324.01
L03,2023-05-31,exp_waste_removal,-332.14
L03,2023-05-31,exp_corporate_overhead,-1966.35
L03,2023-05-31,exp_training,-422.8
L03,2023-05-31,exp_general_liability_ins,-475.07
L03,2023-05-31,exp_bank_fees,-238.99
L03,2023-05-31,exp_depreciation,-1447.06
L03,2023-05-31,exp_professional_fees,-489.28
L03,2023-06-30,rev_drip_coffee,17061.98
L03,2023-06-30,rev_espresso_drinks,23850.14
L03,2023-06-30,rev_cold_brew,12250.36
L03,2023-06-30,rev_specialty_seasonal,6391.84
L03,2023-06-30,rev_tea,3907.18
L03,2023-06-30,rev_pastries,8383.54
L03,2023-06-30,rev_sandwiches,6526.84
L03,2023-06-30,rev_breakfast,4543.6
L03,2023-06-30,rev_snacks,2014.56
L03,2023-06-30,rev_whole_bean,3216.98
L03,2023-06-30,rev_brew_equipment,1613.86
L03,2023-06-30,rev_merchandise,952.31
L03,2023-06-30,rev_gift_cards,1623.04
L03,2023-06-30,rev_catering,2489.84
L03,2023-06-30,rev_wholesale,2050.13
L03,2023-06-30,exp_coffee_beans,-9770.6
L03,2023-06-30,exp_dairy,-5617.67
L03,2023-06-30,exp_syrups,-1996.19
L03,2023-06-30,exp_food_ingredients,-4443.02
L03,2023-06-30,exp_packaging,-2120.93
L03,2023-06-30,exp_retail_cogs,-1501.79
L03,2023-06-30,exp_barista_wages,-15067.05
L03,2023-06-30,exp_shift_lead_wages,-4395.36
L03,2023-06-30,exp_store_manager_salary,-5289.21
L03,2023-06-30,exp_payroll_taxes,-2472.63
L03,2023-06-30,exp_employee_benefits,-2060.93
L03,2023-06-30,exp_overtime,-1261.21
L03,2023-06-30,exp_rent,-7352.11
L03,2023-06-30,exp_utilities,-1539.68
L03,2023-06-30,exp_property_insurance,-626.42
L03,2023-06-30,exp_cam,-845.1
L03,2023-06-30,exp_property_tax,-1050.05
L03,2023-06-30,exp_marketing,-1656.71
L03,2023-06-30,exp_pos_software,-662.22
L03,2023-06-30,exp_equipment_maintenance,-953.18
L03,2023-06-30,exp_cleaning,-581.74
L03,2023-06-30,exp_cc_fees,-1581.7
L03,2023-06-30,exp_office_supplies,-373.61
L03,2023-06-30,exp_waste_removal,-379.77
L03,2023-06-30,exp_corporate_overhead,-2365.45
L03,2023-06-30,exp_training,-517.33
L03,2023-06-30,exp_general_liability_ins,-405.88
L03,2023-06-30,exp_bank_fees,-208.22
L03,2023-06-30,exp_depreciation,-1096.03
L03,2023-06-30,exp_professional_fees,-565.98
L03,2023-07-31,rev_drip_coffee,17084.39
L03,2023-07-31,rev_espresso_drinks,23432.53
L03,2023-07-31,rev_cold_brew,14003.25
L03,2023-07-31,rev_specialty_seasonal,6966.45
L03,2023-07-31,rev_tea,3670.83
L03,2023-07-31,rev_pastries,8253.32
L03,2023-07-31,rev_sandwiches,7878.95
L03,2023-07-31,rev_breakfast,4189.15
L03,2023-07-31,rev_snacks,2503.26
L03,2023-07-31,rev_whole_bean,3279.09
L03,2023-07-31,rev_brew_equipment,1326.16
L03,2023-07-31,rev_merchandise,904.49
L03,2023-07-31,rev_gift_cards,1953.56
L03,2023-07-31,rev_catering,2460.18
L03,2023-07-31,rev_wholesale,1746.0
L03,2023-07-31,exp_coffee_beans,-8690.41
L03,2023-07-31,exp_dairy,-5495.54
L03,2023-07-31,exp_syrups,-2096.31
L03,2023-07-31,exp_food_ingredients,-4359.67
L03,2023-07-31,exp_packaging,-2289.66
L03,2023-07-31,exp_retail_cogs,-1562.16
L03,2023-07-31,exp_barista_wages,-15912.0
L03,2023-07-31,exp_shift_lead_wages,-4414.43
L03,2023-07-31,exp_store_manager_salary,-6000.03
L03,2023-07-31,exp_payroll_taxes,-2495.26
L03,2023-07-31,exp_employee_benefits,-2163.24
L03,2023-07-31,exp_overtime,-1117.86
L03,2023-07-31,exp_rent,-7384.32
L03,2023-07-31,exp_utilities,-1520.01
L03,2023-07-31,exp_property_insurance,-611.3
L03,2023-07-31,exp_cam,-855.9
L03,2023-07-31,exp_property_tax,-1032.17
L03,2023-07-31,exp_marketing,-1587.85
L03,2023-07-31,exp_pos_software,-678.79
L03,2023-07-31,exp_equipment_maintenance,-990.21
L03,2023-07-31,exp_cleaning,-610.11
L03,2023-07-31,exp_cc_fees,-1645.04
L03,2023-07-31,exp_office_supplies,-296.92
L03,2023-07-31,exp_waste_removal,-340.96
L03,2023-07-31,exp_corporate_overhead,-2498.14
L03,2023-07-31,exp_training,-406.96
L03,2023-07-31,exp_general_liability_ins,-494.79
L03,2023-07-31,exp_bank_fees,-193.1
L03,2023-07-31,exp_depreciation,-1246.6
L03,2023-07-31,exp_professional_fees,-628.49
L03,2023-08-31,rev_drip_coffee,15746.31
L03,2023-08-31,rev_espresso_drinks,20351.18
L03,2023-08-31,rev_cold_brew,14517.1
L03,2023-08-31,rev_specialty_seasonal,6492.11
L03,2023-08-31,rev_tea,3173.66
L03,2023-08-31,rev_pastries,7779.37
L03,2023-08-31,rev_sandwiches,7951.37
L03,2023-08-31,rev_breakfast,4825.24
L03,2023-08-31,rev_snacks,2523.69
L03,2023-08-31,rev_whole_bean,2910.55
L03,2023-08-31,rev_brew_equipment,1509.8
L03,2023-08-31,rev_merchandise,997.51
L03,2023-08-31,rev_gift_cards,1756.72
L03,2023-08-31,rev_catering,2426.31
L03,2023-08-31,rev_wholesale,1922.15
L03,2023-08-31,exp_coffee_beans,-8973.6
L03,2023-08-31,exp_dairy,-5125.45
L03,2023-08-31,exp_syrups,-1683.47
L03,2023-08-31,exp_food_ingredients,-4280.91
L03,2023-08-31,exp_packaging,-2074.89
L03,2023-08-31,exp_retail_cogs,-1509.34
L03,2023-08-31,exp_barista_wages,-13941.61
L03,2023-08-31,exp_shift_lead_wages,-4882.86
L03,2023-08-31,exp_store_manager_salary,-6250.3
L03,2023-08-31,exp_payroll_taxes,-2506.11
L03,2023-08-31,exp_employee_benefits,-2007.23
L03,2023-08-31,exp_overtime,-1172.59
L03,2023-08-31,exp_rent,-7657.35
L03,2023-08-31,exp_utilities,-1478.49
L03,2023-08-31,exp_property_insurance,-615.68
L03,2023-08-31,exp_cam,-835.45
L03,2023-08-31,exp_property_tax,-1026.35
L03,2023-08-31,exp_marketing,-1689.64
L03,2023-08-31,exp_pos_software,-663.69
L03,2023-08-31,exp_equipment_maintenance,-1057.6
L03,2023-08-31,exp_cleaning,-689.95
L03,2023-08-31,exp_cc_fees,-1497.94
L03,2023-08-31,exp_office_supplies,-400.7
L03,2023-08-31,exp_waste_removal,-370.24
L03,2023-08-31,exp_corporate_overhead,-2134.77
L03,2023-08-31,exp_training,-403.48
L03,2023-08-31,exp_general_liability_ins,-516.03
L03,2023-08-31,exp_bank_fees,-217.29
L03,2023-08-31,exp_depreciation,-1581.46
L03,2023-08-31,exp_professional_fees,-519.86
L03,2023-09-30,rev_drip_coffee,15580.0
L03,2023-09-30,rev_espresso_drinks,20320.3
L03,2023-09-30,rev_cold_brew,10038.01
L03,2023-09-30,rev_specialty_seasonal,5179.42
L03,2023-09-30,rev_tea,3655.83
L03,2023-09-30,rev_pastries,7773.12
L03,2023-09-30,rev_sandwiches,6618.75
L03,2023-09-30,rev_breakfast,4148.77
L03,2023-09-30,rev_snacks,2077.61
L03,2023-09-30,rev_whole_bean,2844.65
L03,2023-09-30,rev_brew_equipment,1297.18
L03,2023-09-30,rev_merchandise,737.65
L03,2023-09-30,rev_gift_cards,1645.71
L03,2023-09-30,rev_catering,2318.72
L03,2023-09-30,rev_wholesale,1634.84
L03,2023-09-30,exp_coffee_beans,-8496.6
L03,2023-09-30,exp_dairy,-4836.71
L03,2023-09-30,exp_syrups,-1753.01
L03,2023-09-30,exp_food_ingredients,-3780.8
L03,2023-09-30,exp_packaging,-1822.05
L03,2023-09-30,exp_retail_cogs,-1433.24
L03,2023-09-30,exp_barista_wages,-14595.74
L03,2023-09-30,exp_shift_lead_wages,-5095.24
L03,2023-09-30,exp_store_manager_salary,-5393.49
L03,2023-09-30,exp_payroll_taxes,-2277.1
L03,2023-09-30,exp_employee_benefits,-2090.76
L03,2023-09-30,exp_overtime,-1154.92
L03,2023-09-30,exp_rent,-7465.23
L03,2023-09-30,exp_utilities,-1545.33
L03,2023-09-30,exp_property_insurance,-605.18
L03,2023-09-30,exp_cam,-846.87
L03,2023-09-30,exp_property_tax,-1034.15
L03,2023-09-30,exp_marketing,-1478.88
L03,2023-09-30,exp_pos_software,-569.47
L03,2023-09-30,exp_equipment_maintenance,-1015.96
L03,2023-09-30,exp_cleaning,-676.03
L03,2023-09-30,exp_cc_fees,-1347.03
L03,2023-09-30,exp_office_supplies,-270.84
L03,2023-09-30,exp_waste_removal,-451.17
L03,2023-09-30,exp_corporate_overhead,-2243.63
L03,2023-09-30,exp_training,-458.79
L03,2023-09-30,exp_general_liability_ins,-440.41
L03,2023-09-30,exp_bank_fees,-168.84
L03,2023-09-30,exp_depreciation,-1454.78
L03,2023-09-30,exp_professional_fees,-580.02
L03,2023-10-31,rev_drip_coffee,15175.18
L03,2023-10-31,rev_espresso_drinks,19892.57
L03,2023-10-31,rev_cold_brew,10302.28
L03,2023-10-31,rev_specialty_seasonal,5968.98
L03,2023-10-31,rev_tea,3426.38
L03,2023-10-31,rev_pastries,7582.04
L03,2023-10-31,rev_sandwiches,6833.8
L03,2023-10-31,rev_breakfast,3975.46
L03,2023-10-31,rev_snacks,2129.33
L03,2023-10-31,rev_whole_bean,3372.56
L03,2023-10-31,rev_brew_equipment,1224.89
L03,2023-10-31,rev_merchandise,849.32
L03,2023-10-31,rev_gift_cards,1511.18
L03,2023-10-31,rev_catering,2142.23
L03,2023-10-31,rev_wholesale,1639.72
L03,2023-10-31,exp_coffee_beans,-8316.31
L03,2023-10-31,exp_dairy,-4765.11
L03,2023-10-31,exp_syrups,-1557.14
L03,2023-10-31,exp_food_ingredients,-3828.57
L03,2023-10-31,exp_packaging,-1766.04
L03,2023-10-31,exp_retail_cogs,-1219.15
L03,2023-10-31,exp_barista_wages,-14644.63
L03,2023-10-31,exp_shift_lead_wages,-4636.56
L03,2023-10-31,exp_store_manager_salary,-5500.59
L03,2023-10-31,exp_payroll_taxes,-2471.59
L03,2023-10-31,exp_employee_benefits,-1706.72
L03,2023-10-31,exp_overtime,-1013.1
L03,2023-10-31,exp_rent,-7648.7
L03,2023-10-31,exp_utilities,-1477.77
L03,2023-10-31,exp_property_insurance,-620.68
L03,2023-10-31,exp_cam,-837.37
L03,2023-10-31,exp_property_tax,-1039.36
L03,2023-10-31,exp_marketing,-1590.53
L03,2023-10-31,exp_pos_software,-617.73
L03,2023-10-31,exp_equipment_maintenance,-908.46
L03,2023-10-31,exp_cleaning,-630.75
L03,2023-10-31,exp_cc_fees,-1393.09
L03,2023-10-31,exp_office_supplies,-329.33
L03,2023-10-31,exp_waste_removal,-339.87
L03,2023-10-31,exp_corporate_overhead,-2360.87
L03,2023-10-31,exp_training,-619.39
L03,2023-10-31,exp_general_liability_ins,-513.95
L03,2023-10-31,exp_bank_fees,-212.34
L03,2023-10-31,exp_depreciation,-1262.64
L03,2023-10-31,exp_professional_fees,-486.7
L03,2023-11-30,rev_drip_coffee,13210.38
L03,2023-11-30,rev_espresso_drinks,23591.25
L03,2023-11-30,rev_cold_brew,9353.76
L03,2023-11-30,rev_specialty_seasonal,8646.96
L03,2023-11-30,rev_tea,3418.14
L03,2023-11-30,rev_pastries,7085.27
L03,2023-11-30,rev_sandwiches,6340.04
L03,2023-11-30,rev_breakfast,4160.36
L03,2023-11-30,rev_snacks,2176.19
L03,2023-11-30,rev_whole_bean,2971.16
L03,2023-11-30,rev_brew_equipment,1337.23
L03,2023-11-30,rev_merchandise,955.27
L03,2023-11-30,rev_gift_cards,1599.87
L03,2023-11-30,rev_catering,2209.42
L03,2023-11-30,rev_wholesale,1921.48
L03,2023-11-30,exp_coffee_beans,-8779.66
L03,2023-11-30,exp_dairy,-5117.93
L03,2023-11-30,exp_syrups,-1869.12
L03,2023-11-30,exp_food_ingredients,-4270.97
L03,2023-11-30,exp_packaging,-2003.54
L03,2023-11-30,exp_retail_cogs,-1447.52
L03,2023-11-30,exp_barista_wages,-14326.45
L03,2023-11-30,exp_shift_lead_wages,-4420.95
L03,2023-11-30,exp_store_manager_salary,-5772.55
L03,2023-11-30,exp_payroll_taxes,-2539.58
L03,2023-11-30,exp_employee_benefits,-2052.44
L03,2023-11-30,exp_overtime,-1160.87
L03,2023-11-30,exp_rent,-7365.06
L03,2023-11-30,exp_utilities,-1530.41
L03,2023-11-30,exp_property_insurance,-624.66
L03,2023-11-30,exp_cam,-864.5
L03,2023-11-30,exp_property_tax,-1035.61
L03,2023-11-30,exp_marketing,-1933.58
L03,2023-11-30,exp_pos_software,-598.25
L03,2023-11-30,exp_equipment_maintenance,-952.87
L03,2023-11-30,exp_cleaning,-678.98
L03,2023-11-30,exp_cc_fees,-1595.0
L03,2023-11-30,exp_office_supplies,-297.15
L03,2023-11-30,exp_waste_removal,-413.91
L03,2023-11-30,exp_corporate_overhead,-2908.28
L03,2023-11-30,exp_training,-472.17
L03,2023-11-30,exp_general_liability_ins,-456.03
L03,2023-11-30,exp_bank_fees,-189.27
L03,2023-11-30,exp_depreciation,-1211.39
L03,2023-11-30,exp_professional_fees,-697.0
L03,2023-12-31,rev_drip_coffee,15789.71
L03,2023-12-31,rev_espresso_drinks,23252.41
L03,2023-12-31,rev_cold_brew,9846.48
L03,2023-12-31,rev_specialty_seasonal,9719.56
L03,2023-12-31,rev_tea,3378.28
L03,2023-12-31,rev_pastries,9189.0
L03,2023-12-31,rev_sandwiches,9719.91
L03,2023-12-31,rev_breakfast,4580.3
L03,2023-12-31,rev_snacks,2294.12
L03,2023-12-31,rev_whole_bean,3824.7
L03,2023-12-31,rev_brew_equipment,1517.57
L03,2023-12-31,rev_merchandise,1143.49
L03,2023-12-31,rev_gift_cards,1799.9
L03,2023-12-31,rev_catering,2404.02
L03,2023-12-31,rev_wholesale,2042.14
L03,2023-12-31,exp_coffee_beans,-10367.16
L03,2023-12-31,exp_dairy,-5796.26
L03,2023-12-31,exp_syrups,-2011.65
L03,2023-12-31,exp_food_ingredients,-4622.22
L03,2023-12-31,exp_packaging,-2135.04
L03,2023-12-31,exp_retail_cogs,-1660.92
L03,2023-12-31,exp_barista_wages,-14210.99
L03,2023-12-31,exp_shift_lead_wages,-4804.86
L03,2023-12-31,exp_store_manager_salary,-6109.32
L03,2023-12-31,exp_payroll_taxes,-2666.94
L03,2023-12-31,exp_employee_benefits,-2190.53
L03,2023-12-31,exp_overtime,-1204.2
L03,2023-12-31,exp_rent,-7530.41
L03,2023-12-31,exp_utilities,-1537.3
L03,2023-12-31,exp_property_insurance,-618.66
L03,2023-12-31,exp_cam,-864.78
L03,2023-12-31,exp_property_tax,-1053.28
L03,2023-12-31,exp_marketing,-1623.44
L03,2023-12-31,exp_pos_software,-506.28
L03,2023-12-31,exp_equipment_maintenance,-933.87
L03,2023-12-31,exp_cleaning,-696.42
L03,2023-12-31,exp_cc_fees,-1726.29
L03,2023-12-31,exp_office_supplies,-290.71
L03,2023-12-31,exp_waste_removal,-351.72
L03,2023-12-31,exp_corporate_overhead,-2368.21
L03,2023-12-31,exp_training,-487.06
L03,2023-12-31,exp_general_liability_ins,-367.43
L03,2023-12-31,exp_bank_fees,-205.54
L03,2023-12-31,exp_depreciation,-1037.63
L03,2023-12-31,exp_professional_fees,-546.68
L03,2024-01-31,rev_drip_coffee,13983.23
L03,2024-01-31,rev_espresso_drinks,20943.4
L03,2024-01-31,rev_cold_brew,7699.09
L03,2024-01-31,rev_specialty_seasonal,7617.44
L03,2024-01-31,rev_tea,2968.96
L03,2024-01-31,rev_pastries,7556.42
L03,2024-01-31,rev_sandwiches,5768.0
L03,2024-01-31,rev_breakfast,3431.93
L03,2024-01-31,rev_snacks,2249.58
L03,2024-01-31,rev_whole_bean,2616.91
L03,2024-01-31,rev_brew_equipment,1288.75
L03,2024-01-31,rev_merchandise,690.67
L03,2024-01-31,rev_gift_cards,1373.34
L03,2024-01-31,rev_catering,1660.37
L03,2024-01-31,rev_wholesale,1434.2
L03,2024-01-31,exp_coffee_beans,-7869.85
L03,2024-01-31,exp_dairy,-4422.18
L03,2024-01-31,exp_syrups,-1534.96
L03,2024-01-31,exp_food_ingredients,-3398.01
L03,2024-01-31,exp_packaging,-1705.02
L03,2024-01-31,exp_retail_cogs,-1250.0
L03,2024-01-31,exp_barista_wages,-14862.67
L03,2024-01-31,exp_shift_lead_wages,-3667.04
L03,2024-01-31,exp_store_manager_salary,-4894.96
L03,2024-01-31,exp_payroll_taxes,-2331.6
L03,2024-01-31,exp_employee_benefits,-1854.34
L03,2024-01-31,exp_overtime,-1091.75
L03,2024-01-31,exp_rent,-7397.63
L03,2024-01-31,exp_utilities,-1500.18
L03,2024-01-31,exp_property_insurance,-606.73
L03,2024-01-31,exp_cam,-844.86
L03,2024-01-31,exp_property_tax,-1061.54
L03,2024-01-31,exp_marketing,-1573.76
L03,2024-01-31,exp_pos_software,-581.21
L03,2024-01-31,exp_equipment_maintenance,-912.63
L03,2024-01-31,exp_cleaning,-763.4
L03,2024-01-31,exp_cc_fees,-1509.81
L03,2024-01-31,exp_office_supplies,-351.5
L03,2024-01-31,exp_waste_removal,-434.43
L03,2024-01-31,exp_corporate_overhead,-2249.65
L03,2024-01-31,exp_training,-480.21
L03,2024-01-31,exp_general_liability_ins,-437.92
L03,2024-01-31,exp_bank_fees,-193.04
L03,2024-01-31,exp_depreciation,-1382.34
L03,2024-01-31,exp_professional_fees,-617.7
L03,2024-02-29,rev_drip_coffee,12570.54
L03,2024-02-29,rev_espresso_drinks,16260.7
L03,2024-02-29,rev_cold_brew,7693.56
L03,2024-02-29,rev_specialty_seasonal,8961.49
L03,2024-02-29,rev_tea,2851.96
L03,2024-02-29,rev_pastries,6066.13
L03,2024-02-29,rev_sandwiches,6543.52
L03,2024-02-29,rev_breakfast,3567.41
L03,2024-02-29,rev_snacks,2047.63
L03,2024-02-29,rev_whole_bean,2608.71
L03,2024-02-29,rev_brew_equipment,1160.91
L03,2024-02-29,rev_merchandise,755.44
L03,2024-02-29,rev_gift_cards,1210.86
L03,2024-02-29,rev_catering,1858.85
L03,2024-02-29,rev_wholesale,1567.92
L03,2024-02-29,exp_coffee_beans,-8068.38
L03,2024-02-29,exp_dairy,-4353.36
L03,2024-02-29,exp_syrups,-1347.18
L03,2024-02-29,exp_food_ingredients,-3435.51
L03,2024-02-29,exp_packaging,-1916.63
L03,2024-02-29,exp_retail_cogs,-1256.25
L03,2024-02-29,exp_barista_wages,-13228.71
L03,2024-02-29,exp_shift_lead_wages,-4465.33
L03,2024-02-29,exp_store_manager_salary,-4877.2
L03,2024-02-29,exp_payroll_taxes,-2102.34
L03,2024-02-29,exp_employee_benefits,-1809.54
L03,2024-02-29,exp_overtime,-1061.89
L03,2024-02-29,exp_rent,-7082.75
L03,2024-02-29,exp_utilities,-1474.7
L03,2024-02-29,exp_property_insurance,-613.32
L03,2024-02-29,exp_cam,-842.1
L03,2024-02-29,exp_property_tax,-1045.9
L03,2024-02-29,exp_marketing,-1491.8
L03,2024-02-29,exp_pos_software,-626.66
L03,2024-02-29,exp_equipment_maintenance,-790.11
L03,2024-02-29,exp_cleaning,-768.84
L03,2024-02-29,exp_cc_fees,-1289.49
L03,2024-02-29,exp_office_supplies,-285.7
L03,2024-02-29,exp_waste_removal,-402.92
L03,2024-02-29,exp_corporate_overhead,-2640.88
L03,2024-02-29,exp_training,-506.01
L03,2024-02-29,exp_general_liability_ins,-478.3
L03,2024-02-29,exp_bank_fees,-198.45
L03,2024-02-29,exp_depreciation,-1142.83
L03,2024-02-29,exp_professional_fees,-574.16
L03,2024-03-31,rev_drip_coffee,12028.36
L03,2024-03-31,rev_espresso_drinks,17317.3
L03,2024-03-31,rev_cold_brew,9291.65
L03,2024-03-31,rev_specialty_seasonal,5183.59
L03,2024-03-31,rev_tea,3203.1
L03,2024-03-31,rev_pastries,6254.3
L03,2024-03-31,rev_sandwiches,6488.65
L03,2024-03-31,rev_breakfast,3619.03
L03,2024-03-31,rev_snacks,2350.54
L03,2024-03-31,rev_whole_bean,2921.42
L03,2024-03-31,rev_brew_equipment,1413.19
L03,2024-03-31,rev_merchandise,776.77
L03,2024-03-31,rev_gift_cards,1476.37
L03,2024-03-31,rev_catering,1862.31
L03,2024-03-31,rev_wholesale,1598.78
L03,2024-03-31,exp_coffee_beans,-7868.06
L03,2024-03-31,exp_dairy,-4509.7
L03,2024-03-31,exp_syrups,-1546.44
L03,2024-03-31,exp_food_ingredients,-3462.94
L03,2024-03-31,exp_packaging,-1606.92
L03,2024-03-31,exp_retail_cogs,-1231.21
L03,2024-03-31,exp_barista_wages,-14899.86
L03,2024-03-31,exp_shift_lead_wages,-4026.08
L03,2024-03-31,exp_store_manager_salary,-4838.42
L03,2024-03-31,exp_payroll_taxes,-2616.82
L03,2024-03-31,exp_employee_benefits,-1835.62
L03,2024-03-31,exp_overtime,-1111.58
L03,2024-03-31,exp_rent,-7452.79
L03,2024-03-31,exp_utilities,-1529.39
L03,2024-03-31,exp_property_insurance,-594.52
L03,2024-03-31,exp_cam,-845.11
L03,2024-03-31,exp_property_tax,-1004.12
L03,2024-03-31,exp_marketing,-2113.46
L03,2024-03-31,exp_pos_software,-491.61
L03,2024-03-31,exp_equipment_maintenance,-802.29
L03,2024-03-31,exp_cleaning,-591.64
L03,2024-03-31,exp_cc_fees,-1323.59
L03,2024-03-31,exp_office_supplies,-364.13
L03,2024-03-31,exp_waste_removal,-480.48
L03,2024-03-31,exp_corporate_overhead,-2156.37
L03,2024-03-31,exp_training,-425.78
L03,2024-03-31,exp_general_liability_ins,-351.52
L03,2024-03-31,exp_bank_fees,-193.27
L03,2024-03-31,exp_depreciation,-1233.25
L03,2024-03-31,exp_professional_fees,-564.43
L03,2024-04-30,rev_drip_coffee,14269.1
L03,2024-04-30,rev_espresso_drinks,20947.92
L03,2024-04-30,rev_cold_brew,9721.05
L03,2024-04-30,rev_specialty_seasonal,5843.48
L03,2024-04-30,rev_tea,2997.9
L03,2024-04-30,rev_pastries,7740.28
L03,2024-04-30,rev_sandwiches,6678.64
L03,2024-04-30,rev_breakfast,4246.25
L03,2024-04-30,rev_snacks,2364.56
L03,2024-04-30,rev_whole_bean,2656.6
L03,2024-04-30,rev_brew_equipment,1198.41
L03,2024-04-30,rev_merchandise,817.65
L03,2024-04-30,rev_gift_cards,1416.39
L03,2024-04-30,rev_catering,2255.82
L03,2024-04-30,rev_wholesale,1789.43
L03,2024-04-30,exp_coffee_beans,-8853.37
L03,2024-04-30,exp_dairy,-5023.48
L03,2024-04-30,exp_syrups,-1751.24
L03,2024-04-30,exp_food_ingredients,-4157.71
L03,2024-04-30,exp_packaging,-1960.59
L03,2024-04-30,exp_retail_cogs,-1372.94
L03,2024-04-30,exp_barista_wages,-15987.82
L03,2024-04-30,exp_shift_lead_wages,-4585.22
L03,2024-04-30,exp_store_manager_salary,-5291.73
L03,2024-04-30,exp_payroll_taxes,-2294.81
L03,2024-04-30,exp_employee_benefits,-2033.93
L03,2024-04-30,exp_overtime,-1197.98
L03,2024-04-30,exp_rent,-7350.82
L03,2024-04-30,exp_utilities,-1548.87
L03,2024-04-30,exp_property_insurance,-589.03
L03,2024-04-30,exp_cam,-848.09
L03,2024-04-30,exp_property_tax,-1036.87
L03,2024-04-30,exp_marketing,-1574.61
L03,2024-04-30,exp_pos_software,-724.32
L03,2024-04-30,exp_equipment_maintenance,-890.27
L03,2024-04-30,exp_cleaning,-633.43
L03,2024-04-30,exp_cc_fees,-1560.6
L03,2024-04-30,exp_office_supplies,-256.51
L03,2024-04-30,exp_waste_removal,-357.39
L03,2024-04-30,exp_corporate_overhead,-2486.69
L03,2024-04-30,exp_training,-459.7
L03,2024-04-30,exp_general_liability_ins,-415.28
L03,2024-04-30,exp_bank_fees,-224.05
L03,2024-04-30,exp_depreciation,-1444.23
L03,2024-04-30,exp_professional_fees,-634.97
L03,2024-05-31,rev_drip_coffee,14185.82
L03,2024-05-31,rev_espresso_drinks,20912.81
L03,2024-05-31,rev_cold_brew,9309.83
L03,2024-05-31,rev_specialty_seasonal,5793.9
L03,2024-05-31,rev_tea,3163.59
L03,2024-05-31,rev_pastries,7334.74
L03,2024-05-31,rev_sandwiches,6425.66
L03,2024-05-31,rev_breakfast,3641.98
L03,2024-05-31,rev_snacks,2376.17
L03,2024-05-31,rev_whole_bean,3206.5
L03,2024-05-31,rev_brew_equipment,1614.82
L03,2024-05-31,rev_merchandise,864.91
L03,2024-05-31,rev_gift_cards,1662.96
L03,2024-05-31,rev_catering,2289.54
L03,2024-05-31,rev_wholesale,1790.43
L03,2024-05-31,exp_coffee_beans,-9139.7
L03,2024-05-31,exp_dairy,-5372.59
L03,2024-05-31,exp_syrups,-1849.61
L03,2024-05-31,exp_food_ingredients,-4065.89
L03,2024-05-31,exp_packaging,-1975.42
L03,2024-05-31,exp_retail_cogs,-1338.45
L03,2024-05-31,exp_barista_wages,-14282.11
L03,2024-05-31,exp_shift_lead_wages,-4480.62
L03,2024-05-31,exp_store_manager_salary,-5137.67
L03,2024-05-31,exp_payroll_taxes,-2534.83
L03,2024-05-31,exp_employee_benefits,-2137.92
L03,2024-05-31,exp_overtime,-1077.73
L03,2024-05-31,exp_rent,-7399.97
L03,2024-05-31,exp_utilities,-1478.17
L03,2024-05-31,exp_property_insurance,-609.45
L03,2024-05-31,exp_cam,-837.31
L03,2024-05-31,exp_property_tax,-1050.2
L03,2024-05-31,exp_marketing,-1582.8
L03,2024-05-31,exp_pos_software,-644.06
L03,2024-05-31,exp_equipment_maintenance,-874.18
L03,2024-05-31,exp_cleaning,-617.46
L03,2024-05-31,exp_cc_fees,-1361.47
L03,2024-05-31,exp_office_supplies,-328.87
L03,2024-05-31,exp_waste_removal,-421.41
L03,2024-05-31,exp_corporate_overhead,-2325.96
L03,2024-05-31,exp_training,-600.38
L03,2024-05-31,exp_general_liability_ins,-517.56
L03,2024-05-31,exp_bank_fees,-192.01
L03,2024-05-31,exp_depreciation,-1233.04
L03,2024-05-31,exp_professional_fees,-632.11
L03,2024-06-30,rev_drip_coffee,14650.51
L03,2024-06-30,rev_espresso_drinks,24864.65
L03,2024-06-30,rev_cold_brew,14742.37
L03,2024-06-30,rev_specialty_seasonal,6852.27
L03,2024-06-30,rev_tea,3884.51
L03,2024-06-30,rev_pastries,9365.09
L03,2024-06-30,rev_sandwiches,7574.8
L03,2024-06-30,rev_breakfast,4400.09
L03,2024-06-30,rev_snacks,2791.51
L03,2024-06-30,rev_whole_bean,3617.12
L03,2024-06-30,rev_brew_equipment,1477.25
L03,2024-06-30,rev_merchandise,975.09
L03,2024-06-30,rev_gift_cards,1759.86
L03,2024-06-30,rev_catering,2451.53
L03,2024-06-30,rev_wholesale,1737.81
L03,2024-06-30,exp_coffee_beans,-8674.3
L03,2024-06-30,exp_dairy,-5272.14
L03,2024-06-30,exp_syrups,-1847.51
L03,2024-06-30,exp_food_ingredients,-4251.69
L03,2024-06-30,exp_packaging,-2213.56
L03,2024-06-30,exp_retail_cogs,-1519.53
L03,2024-06-30,exp_barista_wages,-15644.0
L03,2024-06-30,exp_shift_lead_wages,-4442.88
L03,2024-06-30,exp_store_manager_salary,-5518.64
L03,2024-06-30,exp_payroll_taxes,-2634.0
L03,2024-06-30,exp_employee_benefits,-2128.41
L03,2024-06-30,exp_overtime,-1123.26
L03,2024-06-30,exp_rent,-7382.05
L03,2024-06-30,exp_utilities,-1575.77
L03,2024-06-30,exp_property_insurance,-612.97
L03,2024-06-30,exp_cam,-837.26
L03,2024-06-30,exp_property_tax,-1034.1
L03,2024-06-30,exp_marketing,-1713.71
L03,2024-06-30,exp_pos_software,-576.05
L03,2024-06-30,exp_equipment_maintenance,-893.39
L03,2024-06-30,exp_cleaning,-565.04
L03,2024-06-30,exp_cc_fees,-1406.72
L03,2024-06-30,exp_office_supplies,-315.95
L03,2024-06-30,exp_waste_removal,-380.39
L03,2024-06-30,exp_corporate_overhead,-2135.89
L03,2024-06-30,exp_training,-481.87
L03,2024-06-30,exp_general_liability_ins,-455.58
L03,2024-06-30,exp_bank_fees,-215.73
L03,2024-06-30,exp_depreciation,-1260.91
L03,2024-06-30,exp_professional_fees,-627.85
L03,2024-07-31,rev_drip_coffee,15425.29
L03,2024-07-31,rev_espresso_drinks,24420.63
L03,2024-07-31,rev_cold_brew,15153.89
L03,2024-07-31,rev_specialty_seasonal,7371.9
L03,2024-07-31,rev_tea,3996.57
L03,2024-07-31,rev_pastries,8849.19
L03,2024-07-31,rev_sandwiches,7612.35
L03,2024-07-31,rev_breakfast,4648.51
L03,2024-07-31,rev_snacks,2775.19
L03,2024-07-31,rev_whole_bean,3267.36
L03,2024-07-31,rev_brew_equipment,1478.53
L03,2024-07-31,rev_merchandise,1015.32
L03,2024-07-31,rev_gift_cards,1838.3
L03,2024-07-31,rev_catering,2285.1
L03,2024-07-31,rev_wholesale,1989.62
L03,2024-07-31,exp_coffee_beans,-9605.61
L03,2024-07-31,exp_dairy,-5037.25
L03,2024-07-31,exp_syrups,-1971.25
L03,2024-07-31,exp_food_ingredients,-4475.3
L03,2024-07-31,exp_packaging,-2185.28
L03,2024-07-31,exp_retail_cogs,-1684.93
L03,2024-07-31,exp_barista_wages,-14514.28
L03,2024-07-31,exp_shift_lead_wages,-4615.22
L03,2024-07-31,exp_store_manager_salary,-4846.5
L03,2024-07-31,exp_payroll_taxes,-2502.02
L03,2024-07-31,exp_employee_benefits,-2031.51
L03,2024-07-31,exp_overtime,-1152.71
L03,2024-07-31,exp_rent,-7521.27
L03,2024-07-31,exp_utilities,-1535.37
L03,2024-07-31,exp_property_insurance,-614.14
L03,2024-07-31,exp_cam,-842.74
L03,2024-07-31,exp_property_tax,-1059.0
L03,2024-07-31,exp_marketing,-1694.71
L03,2024-07-31,exp_pos_software,-537.03
L03,2024-07-31,exp_equipment_maintenance,-742.39
L03,2024-07-31,exp_cleaning,-631.21
L03,2024-07-31,exp_cc_fees,-1674.02
L03,2024-07-31,exp_office_supplies,-393.76
L03,2024-07-31,exp_waste_removal,-389.16
L03,2024-07-31,exp_corporate_overhead,-2090.8
L03,2024-07-31,exp_training,-432.42
L03,2024-07-31,exp_general_liability_ins,-477.81
L03,2024-07-31,exp_bank_fees,-163.15
L03,2024-07-31,exp_depreciation,-1343.63
L03,2024-07-31,exp_professional_fees,-653.12
L03,2024-08-31,rev_drip_coffee,15961.16
L03,2024-08-31,rev_espresso_drinks,21944.05
L03,2024-08-31,rev_cold_brew,14708.03
L03,2024-08-31,rev_specialty_seasonal,6684.79
L03,2024-08-31,rev_tea,3391.28
L03,2024-08-31,rev_pastries,9280.37
L03,2024-08-31,rev_sandwiches,7132.68
L03,2024-08-31,rev_breakfast,4631.59
L03,2024-08-31,rev_snacks,1973.04
L03,2024-08-31,rev_whole_bean,3634.02
L03,2024-08-31,rev_brew_equipment,1664.08
L03,2024-08-31,rev_merchandise,959.57
L03,2024-08-31,rev_gift_cards,1777.91
L03,2024-08-31,rev_catering,2444.58
L03,2024-08-31,rev_wholesale,1816.11
L03,2024-08-31,exp_coffee_beans,-9483.89
L03,2024-08-31,exp_dairy,-5199.33
L03,2024-08-31,exp_syrups,-1848.45
L03,2024-08-31,exp_food_ingredients,-4557.78
L03,2024-08-31,exp_packaging,-2209.85
L03,2024-08-31,exp_retail_cogs,-1451.95
L03,2024-08-31,exp_barista_wages,-14657.26
L03,2024-08-31,exp_shift_lead_wages,-4570.71
L03,2024-08-31,exp_store_manager_salary,-5875.65
L03,2024-08-31,exp_payroll_taxes,-2371.62
L03,2024-08-31,exp_employee_benefits,-2081.42
L03,2024-08-31,exp_overtime,-1216.64
L03,2024-08-31,exp_rent,-7345.28
L03,2024-08-31,exp_utilities,-1539.88
L03,2024-08-31,exp_property_insurance,-609.46
L03,2024-08-31,exp_cam,-845.4
L03,2024-08-31,exp_property_tax,-1017.42
L03,2024-08-31,exp_marketing,-1870.78
L03,2024-08-31,exp_pos_software,-540.05
L03,2024-08-31,exp_equipment_maintenance,-927.55
L03,2024-08-31,exp_cleaning,-655.65
L03,2024-08-31,exp_cc_fees,-1392.68
L03,2024-08-31,exp_office_supplies,-301.21
L03,2024-08-31,exp_waste_removal,-440.27
L03,2024-08-31,exp_corporate_overhead,-2309.74
L03,2024-08-31,exp_training,-441.05
L03,2024-08-31,exp_general_liability_ins,-466.64
L03,2024-08-31,exp_bank_fees,-195.21
L03,2024-08-31,exp_depreciation,-1713.43
L03,2024-08-31,exp_professional_fees,-620.97
L03,2024-09-30,rev_drip_coffee,13865.74
L03,2024-09-30,rev_espresso_drinks,23065.03
L03,2024-09-30,rev_cold_brew,8242.06
L03,2024-09-30,rev_specialty_seasonal,6161.14
L03,2024-09-30,rev_tea,3888.43
L03,2024-09-30,rev_pastries,7426.12
L03,2024-09-30,rev_sandwiches,5861.74
L03,2024-09-30,rev_breakfast,3915.71
L03,2024-09-30,rev_snacks,2532.43
L03,2024-09-30,rev_whole_bean,3149.49
L03,2024-09-30,rev_brew_equipment,1288.14
L03,2024-09-30,rev_merchandise,839.0
L03,2024-09-30,rev_gift_cards,1507.4
L03,2024-09-30,rev_catering,2232.54
L03,2024-09-30,rev_wholesale,1965.38
L03,2024-09-30,exp_coffee_beans,-9010.42
L03,2024-09-30,exp_dairy,-5138.9
L03,2024-09-30,exp_syrups,-1650.12
L03,2024-09-30,exp_food_ingredients,-3735.22
L03,2024-09-30,exp_packaging,-2006.01
L03,2024-09-30,exp_retail_cogs,-1301.76
L03,2024-09-30,exp_barista_wages,-14612.76
L03,2024-09-30,exp_shift_lead_wages,-4677.82
L03,2024-09-30,exp_store_manager_salary,-5066.61
L03,2024-09-30,exp_payroll_taxes,-2287.82
L03,2024-09-30,exp_employee_benefits,-1957.73
L03,2024-09-30,exp_overtime,-1159.05
L03,2024-09-30,exp_rent,-7514.48
L03,2024-09-30,exp_utilities,-1527.71
L03,2024-09-30,exp_property_insurance,-614.09
L03,2024-09-30,exp_cam,-836.36
L03,2024-09-30,exp_property_tax,-1015.48
L03,2024-09-30,exp_marketing,-1611.31
L03,2024-09-30,exp_pos_software,-608.86
L03,2024-09-30,exp_equipment_maintenance,-926.37
L03,2024-09-30,exp_cleaning,-521.69
L03,2024-09-30,exp_cc_fees,-1434.26
L03,2024-09-30,exp_office_supplies,-359.38
L03,2024-09-30,exp_waste_removal,-389.84
L03,2024-09-30,exp_corporate_overhead,-1943.26
L03,2024-09-30,exp_training,-606.12
L03,2024-09-30,exp_general_liability_ins,-451.51
L03,2024-09-30,exp_bank_fees,-205.72
L03,2024-09-30,exp_depreciation,-1324.43
L03,2024-09-30,exp_professional_fees,-581.56
L03,2024-10-31,rev_drip_coffee,13204.7
L03,2024-10-31,rev_espresso_drinks,23752.59
L03,2024-10-31,rev_cold_brew,10236.64
L03,2024-10-31,rev_specialty_seasonal,6389.3
L03,2024-10-31,rev_tea,3439.2
L03,2024-10-31,rev_pastries,6758.97
L03,2024-10-31,rev_sandwiches,7353.85
L03,2024-10-31,rev_breakfast,3697.09
L03,2024-10-31,rev_snacks,2274.39
L03,2024-10-31,rev_whole_bean,2604.42
L03,2024-10-31,rev_brew_equipment,1132.71
L03,2024-10-31,rev_merchandise,892.42
L03,2024-10-31,rev_gift_cards,1446.98
L03,2024-10-31,rev_catering,1788.77
L03,2024-10-31,rev_wholesale,1815.79
L03,2024-10-31,exp_coffee_beans,-9281.75
L03,2024-10-31,exp_dairy,-5268.06
L03,2024-10-31,exp_syrups,-1710.86
L03,2024-10-31,exp_food_ingredients,-3924.15
L03,2024-10-31,exp_packaging,-2000.62
L03,2024-10-31,exp_retail_cogs,-1445.05
L03,2024-10-31,exp_barista_wages,-14380.87
L03,2024-10-31,exp_shift_lead_wages,-4563.09
L03,2024-10-31,exp_store_manager_salary,-5487.38
L03,2024-10-31,exp_payroll_taxes,-2496.58
L03,2024-10-31,exp_employee_benefits,-1936.03
L03,2024-10-31,exp_overtime,-1107.17
L03,2024-10-31,exp_rent,-7561.33
L03,2024-10-31,exp_utilities,-1545.9
L03,2024-10-31,exp_property_insurance,-619.04
L03,2024-10-31,exp_cam,-878.22
L03,2024-10-31,exp_property_tax,-1029.68
L03,2024-10-31,exp_marketing,-1973.65
L03,2024-10-31,exp_pos_software,-616.62
L03,2024-10-31,exp_equipment_maintenance,-1189.35
L03,2024-10-31,exp_cleaning,-581.61
L03,2024-10-31,exp_cc_fees,-1449.26
L03,2024-10-31,exp_office_supplies,-334.18
L03,2024-10-31,exp_waste_removal,-402.14
L03,2024-10-31,exp_corporate_overhead,-2705.61
L03,2024-10-31,exp_training,-457.76
L03,2024-10-31,exp_general_liability_ins,-493.79
L03,2024-10-31,exp_bank_fees,-221.14
L03,2024-10-31,exp_depreciation,-1363.29
L03,2024-10-31,exp_professional_fees,-545.73
L03,2024-11-30,rev_drip_coffee,16847.81
L03,2024-11-30,rev_espresso_drinks,24087.22
L03,2024-11-30,rev_cold_brew,10725.11
L03,2024-11-30,rev_specialty_seasonal,9541.8
L03,2024-11-30,rev_tea,3614.87
L03,2024-11-30,rev_pastries,7886.74
L03,2024-11-30,rev_sandwiches,7575.11
L03,2024-11-30,rev_breakfast,4292.32
L03,2024-11-30,rev_snacks,2238.86
L03,2024-11-30,rev_whole_bean,2965.78
L03,2024-11-30,rev_brew_equipment,1374.07
L03,2024-11-30,rev_merchandise,956.58
L03,2024-11-30,rev_gift_cards,1667.29
L03,2024-11-30,rev_catering,2337.06
L03,2024-11-30,rev_wholesale,1955.07
L03,2024-11-30,exp_coffee_beans,-8779.23
L03,2024-11-30,exp_dairy,-5709.75
L03,2024-11-30,exp_syrups,-1846.76
L03,2024-11-30,exp_food_ingredients,-4144.4
L03,2024-11-30,exp_packaging,-2118.75
L03,2024-11-30,exp_retail_cogs,-1342.05
L03,2024-11-30,exp_barista_wages,-14481.3
L03,2024-11-30,exp_shift_lead_wages,-4992.19
L03,2024-11-30,exp_store_manager_salary,-4998.87
L03,2024-11-30,exp_payroll_taxes,-2669.4
L03,2024-11-30,exp_employee_benefits,-2203.77
L03,2024-11-30,exp_overtime,-1129.02
L03,2024-11-30,exp_rent,-7401.21
L03,2024-11-30,exp_utilities,-1543.17
L03,2024-11-30,exp_property_insurance,-607.46
L03,2024-11-30,exp_cam,-863.77
L03,2024-11-30,exp_property_tax,-1023.77
L03,2024-11-30,exp_marketing,-1616.96
L03,2024-11-30,exp_pos_software,-538.14
L03,2024-11-30,exp_equipment_maintenance,-926.91
L03,2024-11-30,exp_cleaning,-736.82
L03,2024-11-30,exp_cc_fees,-1527.9
L03,2024-11-30,exp_office_supplies,-279.97
L03,2024-11-30,exp_waste_removal,-344.9
L03,2024-11-30,exp_corporate_overhead,-2353.42
L03,2024-11-30,exp_training,-581.01
L03,2024-11-30,exp_general_liability_ins,-470.64
L03,2024-11-30,exp_bank_fees,-190.44
L03,2024-11-30,exp_depreciation,-1371.12
L03,2024-11-30,exp_professional_fees,-589.29
L03,2024-12-31,rev_drip_coffee,16587.71
L03,2024-12-31,rev_espresso_drinks,22873.75
L03,2024-12-31,rev_cold_brew,12863.5
L03,2024-12-31,rev_specialty_seasonal,8451.0
L03,2024-12-31,rev_tea,4266.92
L03,2024-12-31,rev_pastries,8632.95
L03,2024-12-31,rev_sandwiches,7872.59
L03,2024-12-31,rev_breakfast,5491.51
L03,2024-12-31,rev_snacks,2558.25
L03,2024-12-31,rev_whole_bean,3458.05
L03,2024-12-31,rev_brew_equipment,1634.32
L03,2024-12-31,rev_merchandise,1096.86
L03,2024-12-31,rev_gift_cards,1820.77
L03,2024-12-31,rev_catering,2268.53
L03,2024-12-31,rev_wholesale,1976.37
L03,2024-12-31,exp_coffee_beans,-10894.36
L03,2024-12-31,exp_dairy,-6031.97
L03,2024-12-31,exp_syrups,-2162.15
L03,2024-12-31,exp_food_ingredients,-4722.8
L03,2024-12-31,exp_packaging,-2259.97
L03,2024-12-31,exp_retail_cogs,-1809.33
L03,2024-12-31,exp_barista_wages,-15928.46
L03,2024-12-31,exp_shift_lead_wages,-4863.34
L03,2024-12-31,exp_store_manager_salary,-6302.89
L03,2024-12-31,exp_payroll_taxes,-2536.17
L03,2024-12-31,exp_employee_benefits,-2064.84
L03,2024-12-31,exp_overtime,-1224.33
L03,2024-12-31,exp_rent,-7358.3
L03,2024-12-31,exp_utilities,-1517.22
L03,2024-12-31,exp_property_insurance,-638.84
L03,2024-12-31,exp_cam,-854.74
L03,2024-12-31,exp_property_tax,-988.35
L03,2024-12-31,exp_marketing,-1753.47
L03,2024-12-31,exp_pos_software,-587.1
L03,2024-12-31,exp_equipment_maintenance,-900.09
L03,2024-12-31,exp_cleaning,-676.6
L03,2024-12-31,exp_cc_fees,-1552.09
L03,2024-12-31,exp_office_supplies,-319.06
L03,2024-12-31,exp_waste_removal,-410.49
L03,2024-12-31,exp_corporate_overhead,-2141.35
L03,2024-12-31,exp_training,-444.06
L03,2024-12-31,exp_general_liability_ins,-589.74
L03,2024-12-31,exp_bank_fees,-183.93
L03,2024-12-31,exp_depreciation,-1286.3
L03,2024-12-31,exp_professional_fees,-513.45
L03,2025-01-31,rev_drip_coffee,13046.93
L03,2025-01-31,rev_espresso_drinks,17323.43
L03,2025-01-31,rev_cold_brew,8427.27
L03,2025-01-31,rev_specialty_seasonal,8684.47
L03,2025-01-31,rev_tea,3145.49
L03,2025-01-31,rev_pastries,7083.35
L03,2025-01-31,rev_sandwiches,5279.62
L03,2025-01-31,rev_breakfast,4192.19
L03,2025-01-31,rev_snacks,1854.9
L03,2025-01-31,rev_whole_bean,3101.54
L03,2025-01-31,rev_brew_equipment,1350.07
L03,2025-01-31,rev_merchandise,839.39
L03,2025-01-31,rev_gift_cards,1328.81
L03,2025-01-31,rev_catering,1985.04
L03,2025-01-31,rev_wholesale,1544.21
L03,2025-01-31,exp_coffee_beans,-7748.38
L03,2025-01-31,exp_dairy,-4484.63
L03,2025-01-31,exp_syrups,-1435.02
L03,2025-01-31,exp_food_ingredients,-3819.11
L03,2025-01-31,exp_packaging,-1758.93
L03,2025-01-31,exp_retail_cogs,-1230.91
L03,2025-01-31,exp_barista_wages,-13700.69
L03,2025-01-31,exp_shift_lead_wages,-4491.33
L03,2025-01-31,exp_store_manager_salary,-4925.25
L03,2025-01-31,exp_payroll_taxes,-2017.3
L03,2025-01-31,exp_employee_benefits,-1930.36
L03,2025-01-31,exp_overtime,-1110.3
L03,2025-01-31,exp_rent,-7328.88
L03,2025-01-31,exp_utilities,-1474.73
L03,2025-01-31,exp_property_insurance,-614.28
L03,2025-01-31,exp_cam,-824.16
L03,2025-01-31,exp_property_tax,-1016.38
L03,2025-01-31,exp_marketing,-1570.59
L03,2025-01-31,exp_pos_software,-634.25
L03,2025-01-31,exp_equipment_maintenance,-863.7
L03,2025-01-31,exp_cleaning,-630.78
L03,2025-01-31,exp_cc_fees,-1860.81
L03,2025-01-31,exp_office_supplies,-332.05
L03,2025-01-31,exp_waste_removal,-399.89
L03,2025-01-31,exp_corporate_overhead,-2180.38
L03,2025-01-31,exp_training,-461.3
L03,2025-01-31,exp_general_liability_ins,-353.81
L03,2025-01-31,exp_bank_fees,-217.3
L03,2025-01-31,exp_depreciation,-1330.64
L03,2025-01-31,exp_professional_fees,-592.94
L03,2025-02-28,rev_drip_coffee,12500.47
L03,2025-02-28,rev_espresso_drinks,19383.11
L03,2025-02-28,rev_cold_brew,7479.9
L03,2025-02-28,rev_specialty_seasonal,7466.52
L03,2025-02-28,rev_tea,2694.27
L03,2025-02-28,rev_pastries,7563.56
L03,2025-02-28,rev_sandwiches,6435.86
L03,2025-02-28,rev_breakfast,2944.08
L03,2025-02-28,rev_snacks,1762.06
L03,2025-02-28,rev_whole_bean,2673.57
L03,2025-02-28,rev_brew_equipment,1174.22
L03,2025-02-28,rev_merchandise,701.39
L03,2025-02-28,rev_gift_cards,1611.66
L03,2025-02-28,rev_catering,1965.62
L03,2025-02-28,rev_wholesale,1628.61
L03,2025-02-28,exp_coffee_beans,-7303.45
L03,2025-02-28,exp_dairy,-4600.81
L03,2025-02-28,exp_syrups,-1532.66
L03,2025-02-28,exp_food_ingredients,-3485.82
L03,2025-02-28,exp_packaging,-1779.6
L03,2025-02-28,exp_retail_cogs,-1132.99
L03,2025-02-28,exp_barista_wages,-15390.21
L03,2025-02-28,exp_shift_lead_wages,-4403.22
L03,2025-02-28,exp_store_manager_salary,-5551.8
L03,2025-02-28,exp_payroll_taxes,-2161.99
L03,2025-02-28,exp_employee_benefits,-1763.27
L03,2025-02-28,exp_overtime,-992.31
L03,2025-02-28,exp_rent,-7395.1
L03,2025-02-28,exp_utilities,-1511.38
L03,2025-02-28,exp_property_insurance,-607.49
L03,2025-02-28,exp_cam,-831.81
L03,2025-02-28,exp_property_tax,-1011.42
L03,2025-02-28,exp_marketing,-1689.83
L03,2025-02-28,exp_pos_software,-557.66
L03,2025-02-28,exp_equipment_maintenance,-834.75
L03,2025-02-28,exp_cleaning,-762.52
L03,2025-02-28,exp_cc_fees,-1543.74
L03,2025-02-28,exp_office_supplies,-361.48
L03,2025-02-28,exp_waste_removal,-366.16
L03,2025-02-28,exp_corporate_overhead,-2319.5
L03,2025-02-28,exp_training,-487.83
L03,2025-02-28,exp_general_liability_ins,-375.95
L03,2025-02-28,exp_bank_fees,-226.4
L03,2025-02-28,exp_depreciation,-1256.33
L03,2025-02-28,exp_professional_fees,-648.82
L03,2025-03-31,rev_drip_coffee,12823.73
L03,2025-03-31,rev_espresso_drinks,19500.58
L03,2025-03-31,rev_cold_brew,8582.36
L03,2025-03-31,rev_specialty_seasonal,6411.14
L03,2025-03-31,rev_tea,3279.14
L03,2025-03-31,rev_pastries,7361.67
L03,2025-03-31,rev_sandwiches,7198.45
L03,2025-03-31,rev_breakfast,4215.04
L03,2025-03-31,rev_snacks,2296.84
L03,2025-03-31,rev_whole_bean,2585.34
L03,2025-03-31,rev_brew_equipment,1244.09
L03,2025-03-31,rev_merchandise,778.89
L03,2025-03-31,rev_gift_cards,1593.24
L03,2025-03-31,rev_catering,2098.48
L03,2025-03-31,rev_wholesale,1505.39
L03,2025-03-31,exp_coffee_beans,-8089.92
L03,2025-03-31,exp_dairy,-4435.55
L03,2025-03-31,exp_syrups,-1682.18
L03,2025-03-31,exp_food_ingredients,-3501.24
L03,2025-03-31,exp_packaging,-1913.5
L03,2025-03-31,exp_retail_cogs,-1356.74
L03,2025-03-31,exp_barista_wages,-16170.53
L03,2025-03-31,exp_shift_lead_wages,-4728.7
L03,2025-03-31,exp_store_manager_salary,-5191.13
L03,2025-03-31,exp_payroll_taxes,-2504.84
L03,2025-03-31,exp_employee_benefits,-1766.76
L03,2025-03-31,exp_overtime,-1038.35
L03,2025-03-31,exp_rent,-7407.29
L03,2025-03-31,exp_utilities,-1444.23
L03,2025-03-31,exp_property_insurance,-612.73
L03,2025-03-31,exp_cam,-831.71
L03,2025-03-31,exp_property_tax,-1039.81
L03,2025-03-31,exp_marketing,-1515.05
L03,2025-03-31,exp_pos_software,-609.7
L03,2025-03-31,exp_equipment_maintenance,-897.93
L03,2025-03-31,exp_cleaning,-752.83
L03,2025-03-31,exp_cc_fees,-1557.6
L03,2025-03-31,exp_office_supplies,-296.09
L03,2025-03-31,exp_waste_removal,-377.23
L03,2025-03-31,exp_corporate_overhead,-1959.73
L03,2025-03-31,exp_training,-510.47
L03,2025-03-31,exp_general_liability_ins,-479.53
L03,2025-03-31,exp_bank_fees,-247.02
L03,2025-03-31,exp_depreciation,-1194.35
L03,2025-03-31,exp_professional_fees,-587.59
L03,2025-04-30,rev_drip_coffee,13701.2
L03,2025-04-30,rev_espresso_drinks,21154.22
L03,2025-04-30,rev_cold_brew,10003.66
L03,2025-04-30,rev_specialty_seasonal,6115.1
L03,2025-04-30,rev_tea,3660.5
L03,2025-04-30,rev_pastries,7156.5
L03,2025-04-30,rev_sandwiches,7373.91
L03,2025-04-30,rev_breakfast,4236.15
L03,2025-04-30,rev_snacks,2276.04
L03,2025-04-30,rev_whole_bean,2993.29
L03,2025-04-30,rev_brew_equipment,1655.96
L03,2025-04-30,rev_merchandise,833.21
L03,2025-04-30,rev_gift_cards,1622.63
L03,2025-04-30,rev_catering,2048.39
L03,2025-04-30,rev_wholesale,2037.66
L03,2025-04-30,exp_coffee_beans,-8978.03
L03,2025-04-30,exp_dairy,-4874.82
L03,2025-04-30,exp_syrups,-1820.94
L03,2025-04-30,exp_food_ingredients,-4069.86
L03,2025-04-30,exp_packaging,-1911.63
L03,2025-04-30,exp_retail_cogs,-1454.79
L03,2025-04-30,exp_barista_wages,-15188.39
L03,2025-04-30,exp_shift_lead_wages,-4662.38
L03,2025-04-30,exp_store_manager_salary,-5434.52
L03,2025-04-30,exp_payroll_taxes,-2505.47
L03,2025-04-30,exp_employee_benefits,-1999.78
L03,2025-04-30,exp_overtime,-1131.22
L03,2025-04-30,exp_rent,-7263.93
L03,2025-04-30,exp_utilities,-1560.52
L03,2025-04-30,exp_property_insurance,-600.31
L03,2025-04-30,exp_cam,-856.29
L03,2025-04-30,exp_property_tax,-1031.06
L03,2025-04-30,exp_marketing,-1996.84
L03,2025-04-30,exp_pos_software,-532.04
L03,2025-04-30,exp_equipment_maintenance,-830.3
L03,2025-04-30,exp_cleaning,-596.31
L03,2025-04-30,exp_cc_fees,-1606.9
L03,2025-04-30,exp_office_supplies,-276.7
L03,2025-04-30,exp_waste_removal,-368.27
L03,2025-04-30,exp_corporate_overhead,-1776.77
L03,2025-04-30,exp_training,-502.34
L03,2025-04-30,exp_general_liability_ins,-430.17
L03,2025-04-30,exp_bank_fees,-168.63
L03,2025-04-30,exp_depreciation,-1411.8
L03,2025-04-30,exp_professional_fees,-524.8
L03,2025-05-31,rev_drip_coffee,16042.39
L03,2025-05-31,rev_espresso_drinks,20616.37
L03,2025-05-31,rev_cold_brew,11498.54
L03,2025-05-31,rev_specialty_seasonal,6835.06
L03,2025-05-31,rev_tea,3251.04
L03,2025-05-31,rev_pastries,7324.55
L03,2025-05-31,rev_sandwiches,7524.07
L03,2025-05-31,rev_breakfast,4174.75
L03,2025-05-31,rev_snacks,2359.74
L03,2025-05-31,rev_whole_bean,3552.35
L03,2025-05-31,rev_brew_equipment,1368.87
L03,2025-05-31,rev_merchandise,942.89
L03,2025-05-31,rev_gift_cards,1791.19
L03,2025-05-31,rev_catering,2436.25
L03,2025-05-31,rev_wholesale,1848.21
L03,2025-05-31,exp_coffee_beans,-8896.28
L03,2025-05-31,exp_dairy,-4837.63
L03,2025-05-31,exp_syrups,-1765.75
L03,2025-05-31,exp_food_ingredients,-4286.15
L03,2025-05-31,exp_packaging,-2046.23
L03,2025-05-31,exp_retail_cogs,-1477.25
L03,2025-05-31,exp_barista_wages,-16120.08
L03,2025-05-31,exp_shift_lead_wages,-4370.59
L03,2025-05-31,exp_store_manager_salary,-5491.23
L03,2025-05-31,exp_payroll_taxes,-2525.24
L03,2025-05-31,exp_employee_benefits,-1931.58
L03,2025-05-31,exp_overtime,-1251.43
L03,2025-05-31,exp_rent,-7491.97
L03,2025-05-31,exp_utilities,-1518.15
L03,2025-05-31,exp_property_insurance,-635.19
L03,2025-05-31,exp_cam,-823.58
L03,2025-05-31,exp_property_tax,-1037.54
L03,2025-05-31,exp_marketing,-1760.27
L03,2025-05-31,exp_pos_software,-531.4
L03,2025-05-31,exp_equipment_maintenance,-923.15
L03,2025-05-31,exp_cleaning,-587.28
L03,2025-05-31,exp_cc_fees,-1664.04
L03,2025-05-31,exp_office_supplies,-354.67
L03,2025-05-31,exp_waste_removal,-397.31
L03,2025-05-31,exp_corporate_overhead,-1844.59
L03,2025-05-31,exp_training,-443.12
L03,2025-05-31,exp_general_liability_ins,-478.39
L03,2025-05-31,exp_bank_fees,-198.53
L03,2025-05-31,exp_depreciation,-930.45
L03,2025-05-31,exp_professional_fees,-678.79
L03,2025-06-30,rev_drip_coffee,16262.16
L03,2025-06-30,rev_espresso_drinks,21770.81
L03,2025-06-30,rev_cold_brew,15845.62
L03,2025-06-30,rev_specialty_seasonal,6505.45
L03,2025-06-30,rev_tea,3564.21
L03,2025-06-30,rev_pastries,8673.15
L03,2025-06-30,rev_sandwiches,8745.54
L03,2025-06-30,rev_breakfast,5139.33
L03,2025-06-30,rev_snacks,2625.05
L03,2025-06-30,rev_whole_bean,3566.36
L03,2025-06-30,rev_brew_equipment,1651.51
L03,2025-06-30,rev_merchandise,898.06
L03,2025-06-30,rev_gift_cards,1866.51
L03,2025-06-30,rev_catering,2297.35
L03,2025-06-30,rev_wholesale,2047.8
L03,2025-06-30,exp_coffee_beans,-9518.94
L03,2025-06-30,exp_dairy,-5793.11
L03,2025-06-30,exp_syrups,-2000.23
L03,2025-06-30,exp_food_ingredients,-3808.78
L03,2025-06-30,exp_packaging,-2217.46
L03,2025-06-30,exp_retail_cogs,-1620.26
L03,2025-06-30,exp_barista_wages,-16057.41
L03,2025-06-30,exp_shift_lead_wages,-4820.21
L03,2025-06-30,exp_store_manager_salary,-6306.54
L03,2025-06-30,exp_payroll_taxes,-2621.58
L03,2025-06-30,exp_employee_benefits,-2133.18
L03,2025-06-30,exp_overtime,-1262.21
L03,2025-06-30,exp_rent,-7411.62
L03,2025-06-30,exp_utilities,-1482.28
L03,2025-06-30,exp_property_insurance,-583.29
L03,2025-06-30,exp_cam,-840.93
L03,2025-06-30,exp_property_tax,-1053.5
L03,2025-06-30,exp_marketing,-1638.1
L03,2025-06-30,exp_pos_software,-631.75
L03,2025-06-30,exp_equipment_maintenance,-909.53
L03,2025-06-30,exp_cleaning,-745.42
L03,2025-06-30,exp_cc_fees,-1510.6
L03,2025-06-30,exp_office_supplies,-335.74
L03,2025-06-30,exp_waste_removal,-406.35
L03,2025-06-30,exp_corporate_overhead,-2604.06
L03,2025-06-30,exp_training,-406.83
L03,2025-06-30,exp_general_liability_ins,-432.06
L03,2025-06-30,exp_bank_fees,-214.92
L03,2025-06-30,exp_depreciation,-1470.42
L03,2025-06-30,exp_professional_fees,-618.25
L03,2025-07-31,rev_drip_coffee,16130.4
L03,2025-07-31,rev_espresso_drinks,25370.34
L03,2025-07-31,rev_cold_brew,16117.84
L03,2025-07-31,rev_specialty_seasonal,6859.31
L03,2025-07-31,rev_tea,3975.34
L03,2025-07-31,rev_pastries,9474.89
L03,2025-07-31,rev_sandwiches,9048.6
L03,2025-07-31,rev_breakfast,4947.83
L03,2025-07-31,rev_snacks,2629.22
L03,2025-07-31,rev_whole_bean,3515.98
L03,2025-07-31,rev_brew_equipment,1665.87
L03,2025-07-31,rev_merchandise,1015.72
L03,2025-07-31,rev_gift_cards,1850.24
L03,2025-07-31,rev_catering,2293.97
L03,2025-07-31,rev_wholesale,2263.17
L03,2025-07-31,exp_coffee_beans,-9322.74
L03,2025-07-31,exp_dairy,-5677.49
L03,2025-07-31,exp_syrups,-2051.71
L03,2025-07-31,exp_food_ingredients,-5080.79
L03,2025-07-31,exp_packaging,-2208.98
L03,2025-07-31,exp_retail_cogs,-1558.23
L03,2025-07-31,exp_barista_wages,-15314.85
L03,2025-07-31,exp_shift_lead_wages,-5400.77
L03,2025-07-31,exp_store_manager_salary,-4832.99
L03,2025-07-31,exp_payroll_taxes,-2449.5
L03,2025-07-31,exp_employee_benefits,-2450.07
L03,2025-07-31,exp_overtime,-1245.55
L03,2025-07-31,exp_rent,-7195.5
L03,2025-07-31,exp_utilities,-1508.12
L03,2025-07-31,exp_property_insurance,-614.02
L03,2025-07-31,exp_cam,-863.4
L03,2025-07-31,exp_property_tax,-1075.88
L03,2025-07-31,exp_marketing,-1764.04
L03,2025-07-31,exp_pos_software,-553.32
L03,2025-07-31,exp_equipment_maintenance,-966.74
L03,2025-07-31,exp_cleaning,-614.25
L03,2025-07-31,exp_cc_fees,-1395.71
L03,2025-07-31,exp_office_supplies,-264.3
L03,2025-07-31,exp_waste_removal,-326.24
L03,2025-07-31,exp_corporate_overhead,-2061.12
L03,2025-07-31,exp_training,-432.77
L03,2025-07-31,exp_general_liability_ins,-467.0
L03,2025-07-31,exp_bank_fees,-174.35
L03,2025-07-31,exp_depreciation,-873.19
L03,2025-07-31,exp_professional_fees,-540.73
L03,2025-08-31,rev_drip_coffee,15202.64
L03,2025-08-31,rev_espresso_drinks,21773.08
L03,2025-08-31,rev_cold_brew,16167.61
L03,2025-08-31,rev_specialty_seasonal,6423.87
L03,2025-08-31,rev_tea,3965.68
L03,2025-08-31,rev_pastries,8268.3
L03,2025-08-31,rev_sandwiches,7492.72
L03,2025-08-31,rev_breakfast,4168.76
L03,2025-08-31,rev_snacks,2494.27
L03,2025-08-31,rev_whole_bean,3170.98
L03,2025-08-31,rev_brew_equipment,1546.17
L03,2025-08-31,rev_merchandise,962.1
L03,2025-08-31,rev_gift_cards,1611.6
L03,2025-08-31,rev_catering,2587.31
L03,2025-08-31,rev_wholesale,2028.23
L03,2025-08-31,exp_coffee_beans,-9244.66
L03,2025-08-31,exp_dairy,-5590.94
L03,2025-08-31,exp_syrups,-1944.79
L03,2025-08-31,exp_food_ingredients,-4228.16
L03,2025-08-31,exp_packaging,-2166.16
L03,2025-08-31,exp_retail_cogs,-1493.95
L03,2025-08-31,exp_barista_wages,-14626.97
L03,2025-08-31,exp_shift_lead_wages,-4340.63
L03,2025-08-31,exp_store_manager_salary,-5569.64
L03,2025-08-31,exp_payroll_taxes,-2638.44
L03,2025-08-31,exp_employee_benefits,-1975.04
L03,2025-08-31,exp_overtime,-1355.79
L03,2025-08-31,exp_rent,-7488.6
L03,2025-08-31,exp_utilities,-1548.76
L03,2025-08-31,exp_property_insurance,-622.94
L03,2025-08-31,exp_cam,-880.49
L03,2025-08-31,exp_property_tax,-1021.37
L03,2025-08-31,exp_marketing,-1263.23
L03,2025-08-31,exp_pos_software,-558.79
L03,2025-08-31,exp_equipment_maintenance,-946.23
L03,2025-08-31,exp_cleaning,-670.36
L03,2025-08-31,exp_cc_fees,-1599.43
L03,2025-08-31,exp_office_supplies,-363.11
L03,2025-08-31,exp_waste_removal,-401.56
L03,2025-08-31,exp_corporate_overhead,-2444.96
L03,2025-08-31,exp_training,-444.46
L03,2025-08-31,exp_general_liability_ins,-403.21
L03,2025-08-31,exp_bank_fees,-230.08
L03,2025-08-31,exp_depreciation,-1286.4
L03,2025-08-31,exp_professional_fees,-566.13
L03,2025-09-30,rev_drip_coffee,13921.74
L03,2025-09-30,rev_espresso_drinks,20115.46
L03,2025-09-30,rev_cold_brew,9339.82
L03,2025-09-30,rev_specialty_seasonal,5621.12
L03,2025-09-30,rev_tea,3022.84
L03,2025-09-30,rev_pastries,7558.84
L03,2025-09-30,rev_sandwiches,6640.71
L03,2025-09-30,rev_breakfast,4509.32
L03,2025-09-30,rev_snacks,2378.28
L03,2025-09-30,rev_whole_bean,3198.55
L03,2025-09-30,rev_brew_equipment,1330.39
L03,2025-09-30,rev_merchandise,900.51
L03,2025-09-30,rev_gift_cards,1663.24
L03,2025-09-30,rev_catering,2350.12
L03,2025-09-30,rev_wholesale,1804.96
L03,2025-09-30,exp_coffee_beans,-9241.9
L03,2025-09-30,exp_dairy,-5148.94
L03,2025-09-30,exp_syrups,-1882.73
L03,2025-09-30,exp_food_ingredients,-3998.06
L03,2025-09-30,exp_packaging,-1820.17
L03,2025-09-30,exp_retail_cogs,-1448.87
L03,2025-09-30,exp_barista_wages,-15626.28
L03,2025-09-30,exp_shift_lead_wages,-4804.33
L03,2025-09-30,exp_store_manager_salary,-5636.25
L03,2025-09-30,exp_payroll_taxes,-2412.63
L03,2025-09-30,exp_employee_benefits,-1893.95
L03,2025-09-30,exp_overtime,-1174.96
L03,2025-09-30,exp_rent,-7421.02
L03,2025-09-30,exp_utilities,-1492.45
L03,2025-09-30,exp_property_insurance,-626.79
L03,2025-09-30,exp_cam,-834.04
L03,2025-09-30,exp_property_tax,-1025.59
L03,2025-09-30,exp_marketing,-1975.94
L03,2025-09-30,exp_pos_software,-635.69
L03,2025-09-30,exp_equipment_maintenance,-864.11
L03,2025-09-30,exp_cleaning,-679.33
L03,2025-09-30,exp_cc_fees,-1580.65
L03,2025-09-30,exp_office_supplies,-232.68
L03,2025-09-30,exp_waste_removal,-351.72
L03,2025-09-30,exp_corporate_overhead,-2252.57
L03,2025-09-30,exp_training,-473.06
L03,2025-09-30,exp_general_liability_ins,-464.01
L03,2025-09-30,exp_bank_fees,-220.48
L03,2025-09-30,exp_depreciation,-1232.6
L03,2025-09-30,exp_professional_fees,-539.9
L03,2025-10-31,rev_drip_coffee,14736.02
L03,2025-10-31,rev_espresso_drinks,20257.71
L03,2025-10-31,rev_cold_brew,9586.05
L03,2025-10-31,rev_specialty_seasonal,5997.97
L03,2025-10-31,rev_tea,3971.83
L03,2025-10-31,rev_pastries,6178.61
L03,2025-10-31,rev_sandwiches,6622.36
L03,2025-10-31,rev_breakfast,4060.0
L03,2025-10-31,rev_snacks,2135.86
L03,2025-10-31,rev_whole_bean,3291.7
L03,2025-10-31,rev_brew_equipment,1476.97
L03,2025-10-31,rev_merchandise,888.08
L03,2025-10-31,rev_gift_cards,1550.54
L03,2025-10-31,rev_catering,2159.66
L03,2025-10-31,rev_wholesale,1768.02
L03,2025-10-31,exp_coffee_beans,-8563.14
L03,2025-10-31,exp_dairy,-4998.53
L03,2025-10-31,exp_syrups,-1797.84
L03,2025-10-31,exp_food_ingredients,-4169.41
L03,2025-10-31,exp_packaging,-1841.61
L03,2025-10-31,exp_retail_cogs,-1328.02
L03,2025-10-31,exp_barista_wages,-13284.65
L03,2025-10-31,exp_shift_lead_wages,-4842.08
L03,2025-10-31,exp_store_manager_salary,-5530.05
L03,2025-10-31,exp_payroll_taxes,-2516.35
L03,2025-10-31,exp_employee_benefits,-1803.44
L03,2025-10-31,exp_overtime,-1247.94
L03,2025-10-31,exp_rent,-7268.66
L03,2025-10-31,exp_utilities,-1514.46
L03,2025-10-31,exp_property_insurance,-623.67
L03,2025-10-31,exp_cam,-832.27
L03,2025-10-31,exp_property_tax,-1026.37
L03,2025-10-31,exp_marketing,-1728.48
L03,2025-10-31,exp_pos_software,-752.02
L03,2025-10-31,exp_equipment_maintenance,-923.19
L03,2025-10-31,exp_cleaning,-766.43
L03,2025-10-31,exp_cc_fees,-1744.23
L03,2025-10-31,exp_office_supplies,-332.55
L03,2025-10-31,exp_waste_removal,-348.52
L03,2025-10-31,exp_corporate_overhead,-2504.02
L03,2025-10-31,exp_training,-417.06
L03,2025-10-31,exp_general_liability_ins,-525.31
L03,2025-10-31,exp_bank_fees,-202.07
L03,2025-10-31,exp_depreciation,-936.03
L03,2025-10-31,exp_professional_fees,-583.2
L03,2025-11-30,rev_drip_coffee,16323.29
L03,2025-11-30,rev_espresso_drinks,22039.35
L03,2025-11-30,rev_cold_brew,11083.51
L03,2025-11-30,rev_specialty_seasonal,8963.31
L03,2025-11-30,rev_tea,3257.23
L03,2025-11-30,rev_pastries,8083.84
L03,2025-11-30,rev_sandwiches,7400.11
L03,2025-11-30,rev_breakfast,4263.85
L03,2025-11-30,rev_snacks,2702.07
L03,2025-11-30,rev_whole_bean,3090.75
L03,2025-11-30,rev_brew_equipment,1535.21
L03,2025-11-30,rev_merchandise,968.04
L03,2025-11-30,rev_gift_cards,1498.48
L03,2025-11-30,rev_catering,2105.16
L03,2025-11-30,rev_wholesale,1927.44
L03,2025-11-30,exp_coffee_beans,-10204.31
L03,2025-11-30,exp_dairy,-5607.48
L03,2025-11-30,exp_syrups,-1752.02
L03,2025-11-30,exp_food_ingredients,-3664.63
L03,2025-11-30,exp_packaging,-2196.98
L03,2025-11-30,exp_retail_cogs,-1506.51
L03,2025-11-30,exp_barista_wages,-16425.92
L03,2025-11-30,exp_shift_lead_wages,-4515.71
L03,2025-11-30,exp_store_manager_salary,-5761.92
L03,2025-11-30,exp_payroll_taxes,-2658.21
L03,2025-11-30,exp_employee_benefits,-1988.42
L03,2025-11-30,exp_overtime,-1137.74
L03,2025-11-30,exp_rent,-7361.98
L03,2025-11-30,exp_utilities,-1525.77
L03,2025-11-30,exp_property_insurance,-613.01
L03,2025-11-30,exp_cam,-865.57
L03,2025-11-30,exp_property_tax,-1028.12
L03,2025-11-30,exp_marketing,-1472.49
L03,2025-11-30,exp_pos_software,-700.52
L03,2025-11-30,exp_equipment_maintenance,-842.01
L03,2025-11-30,exp_cleaning,-622.82
L03,2025-11-30,exp_cc_fees,-1546.31
L03,2025-11-30,exp_office_supplies,-322.9
L03,2025-11-30,exp_waste_removal,-371.82
L03,2025-11-30,exp_corporate_overhead,-2260.13
L03,2025-11-30,exp_training,-488.6
L03,2025-11-30,exp_general_liability_ins,-460.73
L03,2025-11-30,exp_bank_fees,-151.4
L03,2025-11-30,exp_depreciation,-1513.08
L03,2025-11-30,exp_professional_fees,-594.86
L03,2025-12-31,rev_drip_coffee,18336.49
L03,2025-12-31,rev_espresso_drinks,22579.69
L03,2025-12-31,rev_cold_brew,11396.6
L03,2025-12-31,rev_specialty_seasonal,10279.67
L03,2025-12-31,rev_tea,4591.84
L03,2025-12-31,rev_pastries,8753.82
L03,2025-12-31,rev_sandwiches,8844.02
L03,2025-12-31,rev_breakfast,4696.85
L03,2025-12-31,rev_snacks,2678.8
L03,2025-12-31,rev_whole_bean,3672.61
L03,2025-12-31,rev_brew_equipment,1865.6
L03,2025-12-31,rev_merchandise,923.17
L03,2025-12-31,rev_gift_cards,1730.02
L03,2025-12-31,rev_catering,2244.43
L03,2025-12-31,rev_wholesale,1985.97
L03,2025-12-31,exp_coffee_beans,-10062.53
L03,2025-12-31,exp_dairy,-5659.14
L03,2025-12-31,exp_syrups,-2086.52
L03,2025-12-31,exp_food_ingredients,-4408.25
L03,2025-12-31,exp_packaging,-2272.18
L03,2025-12-31,exp_retail_cogs,-1812.66
L03,2025-12-31,exp_barista_wages,-16698.15
L03,2025-12-31,exp_shift_lead_wages,-5112.98
L03,2025-12-31,exp_store_manager_salary,-5624.69
L03,2025-12-31,exp_payroll_taxes,-2435.57
L03,2025-12-31,exp_employee_benefits,-2018.8
L03,2025-12-31,exp_overtime,-1235.02
L03,2025-12-31,exp_rent,-7486.03
L03,2025-12-31,exp_utilities,-1536.63
L03,2025-12-31,exp_property_insurance,-620.92
L03,2025-12-31,exp_cam,-836.51
L03,2025-12-31,exp_property_tax,-1038.21
L03,2025-12-31,exp_marketing,-1643.49
L03,2025-12-31,exp_pos_software,-573.12
L03,2025-12-31,exp_equipment_maintenance,-1078.77
L03,2025-12-31,exp_cleaning,-544.0
L03,2025-12-31,exp_cc_fees,-1520.03
L03,2025-12-31,exp_office_supplies,-359.61
L03,2025-12-31,exp_waste_removal,-330.08
L03,2025-12-31,exp_corporate_overhead,-2118.33
L03,2025-12-31,exp_training,-464.6
L03,2025-12-31,exp_general_liability_ins,-442.71
L03,2025-12-31,exp_bank_fees,-166.49
L03,2025-12-31,exp_depreciation,-1349.36
L03,2025-12-31,exp_professional_fees,-643.98
L04,2023-01-31,rev_drip_coffee,11439.08
L04,2023-01-31,rev_espresso_drinks,17930.07
L04,2023-01-31,rev_cold_brew,7711.92
L04,2023-01-31,rev_specialty_seasonal,7420.19
L04,2023-01-31,rev_tea,3379.69
L04,2023-01-31,rev_pastries,6493.71
L04,2023-01-31,rev_sandwiches,5294.98
L04,2023-01-31,rev_breakfast,3526.73
L04,2023-01-31,rev_snacks,1739.36
L04,2023-01-31,rev_whole_bean,2376.49
L04,2023-01-31,rev_brew_equipment,1088.25
L04,2023-01-31,rev_merchandise,736.02
L04,2023-01-31,rev_gift_cards,1458.41
L04,2023-01-31,rev_catering,1951.8
L04,2023-01-31,rev_wholesale,1590.16
L04,2023-01-31,exp_coffee_beans,-6946.03
L04,2023-01-31,exp_dairy,-4197.29
L04,2023-01-31,exp_syrups,-1538.55
L04,2023-01-31,exp_food_ingredients,-3327.35
L04,2023-01-31,exp_packaging,-1654.34
L04,2023-01-31,exp_retail_cogs,-1224.79
L04,2023-01-31,exp_barista_wages,-13577.35
L04,2023-01-31,exp_shift_lead_wages,-4359.03
L04,2023-01-31,exp_store_manager_salary,-5577.1
L04,2023-01-31,exp_payroll_taxes,-2258.47
L04,2023-01-31,exp_employee_benefits,-1973.58
L04,2023-01-31,exp_overtime,-1088.58
L04,2023-01-31,exp_rent,-7133.2
L04,2023-01-31,exp_utilities,-1474.23
L04,2023-01-31,exp_property_insurance,-602.19
L04,2023-01-31,exp_cam,-833.45
L04,2023-01-31,exp_property_tax,-1034.5
L04,2023-01-31,exp_marketing,-1800.13
L04,2023-01-31,exp_pos_software,-657.46
L04,2023-01-31,exp_equipment_maintenance,-922.64
L04,2023-01-31,exp_cleaning,-630.12
L04,2023-01-31,exp_cc_fees,-1230.87
L04,2023-01-31,exp_office_supplies,-322.6
L04,2023-01-31,exp_waste_removal,-387.28
L04,2023-01-31,exp_corporate_overhead,-2302.55
L04,2023-01-31,exp_training,-593.11
L04,2023-01-31,exp_general_liability_ins,-508.34
L04,2023-01-31,exp_bank_fees,-213.39
L04,2023-01-31,exp_depreciation,-1149.55
L04,2023-01-31,exp_professional_fees,-572.05
L04,2023-02-28,rev_drip_coffee,11930.75
L04,2023-02-28,rev_espresso_drinks,16331.07
L04,2023-02-28,rev_cold_brew,8450.5
L04,2023-02-28,rev_specialty_seasonal,7666.44
L04,2023-02-28,rev_tea,2573.51
L04,2023-02-28,rev_pastries,6904.48
L04,2023-02-28,rev_sandwiches,5767.62
L04,2023-02-28,rev_breakfast,2929.1
L04,2023-02-28,rev_snacks,1899.1
L04,2023-02-28,rev_whole_bean,2628.03
L04,2023-02-28,rev_brew_equipment,1251.07
L04,2023-02-28,rev_merchandise,726.05
L04,2023-02-28,rev_gift_cards,1414.43
L04,2023-02-28,rev_catering,1851.33
L04,2023-02-28,rev_wholesale,1335.38
L04,2023-02-28,exp_coffee_beans,-6678.04
L04,2023-02-28,exp_dairy,-4454.95
L04,2023-02-28,exp_syrups,-1572.93
L04,2023-02-28,exp_food_ingredients,-3413.16
L04,2023-02-28,exp_packaging,-1763.09
L04,2023-02-28,exp_retail_cogs,-1233.62
L04,2023-02-28,exp_barista_wages,-14304.96
L04,2023-02-28,exp_shift_lead_wages,-4028.53
L04,2023-02-28,exp_store_manager_salary,-5568.31
L04,2023-02-28,exp_payroll_taxes,-2333.99
L04,2023-02-28,exp_employee_benefits,-1784.1
L04,2023-02-28,exp_overtime,-1001.8
L04,2023-02-28,exp_rent,-7386.59
L04,2023-02-28,exp_utilities,-1457.08
L04,2023-02-28,exp_property_insurance,-620.97
L04,2023-02-28,exp_cam,-831.77
L04,2023-02-28,exp_property_tax,-1044.06
L04,2023-02-28,exp_marketing,-1607.43
L04,2023-02-28,exp_pos_software,-568.69
L04,2023-02-28,exp_equipment_maintenance,-827.3
L04,2023-02-28,exp_cleaning,-648.88
L04,2023-02-28,exp_cc_fees,-1848.28
L04,2023-02-28,exp_office_supplies,-364.7
L04,2023-02-28,exp_waste_removal,-399.98
L04,2023-02-28,exp_corporate_overhead,-2255.47
L04,2023-02-28,exp_training,-531.28
L04,2023-02-28,exp_general_liability_ins,-503.34
L04,2023-02-28,exp_bank_fees,-181.44
L04,2023-02-28,exp_depreciation,-1262.07
L04,2023-02-28,exp_professional_fees,-493.12
L04,2023-03-31,rev_drip_coffee,14144.33
L04,2023-03-31,rev_espresso_drinks,21901.25
L04,2023-03-31,rev_cold_brew,8827.71
L04,2023-03-31,rev_specialty_seasonal,4605.93
L04,2023-03-31,rev_tea,3191.41
L04,2023-03-31,rev_pastries,6310.4
L04,2023-03-31,rev_sandwiches,5848.12
L04,2023-03-31,rev_breakfast,3853.66
L04,2023-03-31,rev_snacks,2100.54
L04,2023-03-31,rev_whole_bean,2666.32
L04,2023-03-31,rev_brew_equipment,1187.95
L04,2023-03-31,rev_merchandise,813.66
L04,2023-03-31,rev_gift_cards,1385.17
L04,2023-03-31,rev_catering,1794.38
L04,2023-03-31,rev_wholesale,1568.23
L04,2023-03-31,exp_coffee_beans,-7889.93
L04,2023-03-31,exp_dairy,-4513.18
L04,2023-03-31,exp_syrups,-1489.0
L04,2023-03-31,exp_food_ingredients,-3805.44
L04,2023-03-31,exp_packaging,-1528.39
L04,2023-03-31,exp_retail_cogs,-1236.69
L04,2023-03-31,exp_barista_wages,-13655.33
L04,2023-03-31,exp_shift_lead_wages,-4437.67
L04,2023-03-31,exp_store_manager_salary,-5381.92
L04,2023-03-31,exp_payroll_taxes,-2491.72
L04,2023-03-31,exp_employee_benefits,-1804.52
L04,2023-03-31,exp_overtime,-1115.11
L04,2023-03-31,exp_rent,-7377.63
L04,2023-03-31,exp_utilities,-1455.86
L04,2023-03-31,exp_property_insurance,-635.68
L04,2023-03-31,exp_cam,-823.54
L04,2023-03-31,exp_property_tax,-1045.07
L04,2023-03-31,exp_marketing,-1762.02
L04,2023-03-31,exp_pos_software,-600.24
L04,2023-03-31,exp_equipment_maintenance,-850.79
L04,2023-03-31,exp_cleaning,-714.07
L04,2023-03-31,exp_cc_fees,-1312.0
L04,2023-03-31,exp_office_supplies,-318.23
L04,2023-03-31,exp_waste_removal,-364.5
L04,2023-03-31,exp_corporate_overhead,-2108.04
L04,2023-03-31,exp_training,-510.93
L04,2023-03-31,exp_general_liability_ins,-500.96
L04,2023-03-31,exp_bank_fees,-191.06
L04,2023-03-31,exp_depreciation,-1371.21
L04,2023-03-31,exp_professional_fees,-605.98
L04,2023-04-30,rev_drip_coffee,12685.65
L04,2023-04-30,rev_espresso_drinks,19377.07
L04,2023-04-30,rev_cold_brew,9011.95
L04,2023-04-30,rev_specialty_seasonal,5515.84
L04,2023-04-30,rev_tea,3313.15
L04,2023-04-30,rev_pastries,7294.83
L04,2023-04-30,rev_sandwiches,5673.65
L04,2023-04-30,rev_breakfast,3352.49
L04,2023-04-30,rev_snacks,2240.59
L04,2023-04-30,rev_whole_bean,2730.2
L04,2023-04-30,rev_brew_equipment,1350.9
L04,2023-04-30,rev_merchandise,900.92
L04,2023-04-30,rev_gift_cards,1354.18
L04,2023-04-30,rev_catering,1838.69
L04,2023-04-30,rev_wholesale,1923.06
L04,2023-04-30,exp_coffee_beans,-8310.08
L04,2023-04-30,exp_dairy,-4692.92
L04,2023-04-30,exp_syrups,-1607.81
L04,2023-04-30,exp_food_ingredients,-3719.55
L04,2023-04-30,exp_packaging,-1753.13
L04,2023-04-30,exp_retail_cogs,-1390.31
L04,2023-04-30,exp_barista_wages,-13822.97
L04,2023-04-30,exp_shift_lead_wages,-4791.45
L04,2023-04-30,exp_store_manager_salary,-5194.36
L04,2023-04-30,exp_payroll_taxes,-2236.5
L04,2023-04-30,exp_employee_benefits,-1877.75
L04,2023-04-30,exp_overtime,-927.79
L04,2023-04-30,exp_rent,-7331.1
L04,2023-04-30,exp_utilities,-1502.33
L04,2023-04-30,exp_property_insurance,-622.51
L04,2023-04-30,exp_cam,-815.95
L04,2023-04-30,exp_property_tax,-1060.46
L04,2023-04-30,exp_marketing,-1835.05
L04,2023-04-30,exp_pos_software,-657.28
L04,2023-04-30,exp_equipment_maintenance,-890.33
L04,2023-04-30,exp_cleaning,-726.38
L04,2023-04-30,exp_cc_fees,-1325.85
L04,2023-04-30,exp_office_supplies,-343.18
L04,2023-04-30,exp_waste_removal,-356.5
L04,2023-04-30,exp_corporate_overhead,-1887.77
L04,2023-04-30,exp_training,-434.85
L04,2023-04-30,exp_general_liability_ins,-452.49
L04,2023-04-30,exp_bank_fees,-181.54
L04,2023-04-30,exp_depreciation,-1319.75
L04,2023-04-30,exp_professional_fees,-493.95
L04,2023-05-31,rev_drip_coffee,11903.44
L04,2023-05-31,rev_espresso_drinks,23055.5
L04,2023-05-31,rev_cold_brew,10395.8
L04,2023-05-31,rev_specialty_seasonal,5618.6
L04,2023-05-31,rev_tea,3362.71
L04,2023-05-31,rev_pastries,8131.65
L04,2023-05-31,rev_sandwiches,7054.87
L04,2023-05-31,rev_breakfast,4104.1
L04,2023-05-31,rev_snacks,2474.66
L04,2023-05-31,rev_whole_bean,2887.46
L04,2023-05-31,rev_brew_equipment,1388.43
L04,2023-05-31,rev_merchandise,889.07
L04,2023-05-31,rev_gift_cards,1548.29
L04,2023-05-31,rev_catering,2108.52
L04,2023-05-31,rev_wholesale,1791.06
L04,2023-05-31,exp_coffee_beans,-8589.61
L04,2023-05-31,exp_dairy,-4769.23
L04,2023-05-31,exp_syrups,-1841.89
L04,2023-05-31,exp_food_ingredients,-3812.15
L04,2023-05-31,exp_packaging,-1935.95
L04,2023-05-31,exp_retail_cogs,-1377.43
L04,2023-05-31,exp_barista_wages,-15132.55
L04,2023-05-31,exp_shift_lead_wages,-4010.14
L04,2023-05-31,exp_store_manager_salary,-5728.83
L04,2023-05-31,exp_payroll_taxes,-2338.77
L04,2023-05-31,exp_employee_benefits,-2113.11
L04,2023-05-31,exp_overtime,-1092.85
L04,2023-05-31,exp_rent,-7341.67
L04,2023-05-31,exp_utilities,-1565.16
L04,2023-05-31,exp_property_insurance,-609.01
L04,2023-05-31,exp_cam,-868.95
L04,2023-05-31,exp_property_tax,-1037.19
L04,2023-05-31,exp_marketing,-1766.34
L04,2023-05-31,exp_pos_software,-588.23
L04,2023-05-31,exp_equipment_maintenance,-970.94
L04,2023-05-31,exp_cleaning,-614.3
L04,2023-05-31,exp_cc_fees,-1401.59
L04,2023-05-31,exp_office_supplies,-299.88
L04,2023-05-31,exp_waste_removal,-390.14
L04,2023-05-31,exp_corporate_overhead,-2211.25
L04,2023-05-31,exp_training,-524.72
L04,2023-05-31,exp_general_liability_ins,-511.24
L04,2023-05-31,exp_bank_fees,-178.55
L04,2023-05-31,exp_depreciation,-1178.56
L04,2023-05-31,exp_professional_fees,-516.38
L04,2023-06-30,rev_drip_coffee,17785.97
L04,2023-06-30,rev_espresso_drinks,22699.72
L04,2023-06-30,rev_cold_brew,14496.42
L04,2023-06-30,rev_specialty_seasonal,5840.91
L04,2023-06-30,rev_tea,3587.41
L04,2023-06-30,rev_pastries,8346.39
L04,2023-06-30,rev_sandwiches,7133.79
L04,2023-06-30,rev_breakfast,4698.71
L04,2023-06-30,rev_snacks,2875.87
L04,2023-06-30,rev_whole_bean,3023.34
L04,2023-06-30,rev_brew_equipment,1356.51
L04,2023-06-30,rev_merchandise,883.01
L04,2023-06-30,rev_gift_cards,1905.3
L04,2023-06-30,rev_catering,2515.07
L04,2023-06-30,rev_wholesale,1878.8
L04,2023-06-30,exp_coffee_beans,-9163.23
L04,2023-06-30,exp_dairy,-5149.42
L04,2023-06-30,exp_syrups,-1973.01
L04,2023-06-30,exp_food_ingredients,-4193.8
L04,2023-06-30,exp_packaging,-2060.64
L04,2023-06-30,exp_retail_cogs,-1536.67
L04,2023-06-30,exp_barista_wages,-15083.95
L04,2023-06-30,exp_shift_lead_wages,-4664.6
L04,2023-06-30,exp_store_manager_salary,-5603.87
L04,2023-06-30,exp_payroll_taxes,-2630.29
L04,2023-06-30,exp_employee_benefits,-2228.02
L04,2023-06-30,exp_overtime,-1199.39
L04,2023-06-30,exp_rent,-7466.92
L04,2023-06-30,exp_utilities,-1501.43
L04,2023-06-30,exp_property_insurance,-603.74
L04,2023-06-30,exp_cam,-859.04
L04,2023-06-30,exp_property_tax,-1039.93
L04,2023-06-30,exp_marketing,-1454.63
L04,2023-06-30,exp_pos_software,-564.98
L04,2023-06-30,exp_equipment_maintenance,-887.63
L04,2023-06-30,exp_cleaning,-625.85
L04,2023-06-30,exp_cc_fees,-1784.91
L04,2023-06-30,exp_office_supplies,-335.71
L04,2023-06-30,exp_waste_removal,-439.33
L04,2023-06-30,exp_corporate_overhead,-2320.75
L04,2023-06-30,exp_training,-493.91
L04,2023-06-30,exp_general_liability_ins,-409.88
L04,2023-06-30,exp_bank_fees,-198.09
L04,2023-06-30,exp_depreciation,-1273.58
L04,2023-06-30,exp_professional_fees,-520.55
L04,2023-07-31,rev_drip_coffee,15032.42
L04,2023-07-31,rev_espresso_drinks,22164.72
L04,2023-07-31,rev_cold_brew,14808.66
L04,2023-07-31,rev_specialty_seasonal,6965.54
L04,2023-07-31,rev_tea,3512.53
L04,2023-07-31,rev_pastries,8543.35
L04,2023-07-31,rev_sandwiches,7367.14
L04,2023-07-31,rev_breakfast,3422.47
L04,2023-07-31,rev_snacks,2395.38
L04,2023-07-31,rev_whole_bean,3648.73
L04,2023-07-31,rev_brew_equipment,1312.79
L04,2023-07-31,rev_merchandise,983.93
L04,2023-07-31,rev_gift_cards,1953.43
L04,2023-07-31,rev_catering,2238.62
L04,2023-07-31,rev_wholesale,1950.61
L04,2023-07-31,exp_coffee_beans,-8779.17
L04,2023-07-31,exp_dairy,-5960.9
L04,2023-07-31,exp_syrups,-1931.47
L04,2023-07-31,exp_food_ingredients,-4399.74
L04,2023-07-31,exp_packaging,-2288.88
L04,2023-07-31,exp_retail_cogs,-1581.87
L04,2023-07-31,exp_barista_wages,-14633.91
L04,2023-07-31,exp_shift_lead_wages,-4603.99
L04,2023-07-31,exp_store_manager_salary,-5838.19
L04,2023-07-31,exp_payroll_taxes,-2446.47
L04,2023-07-31,exp_employee_benefits,-1792.08
L04,2023-07-31,exp_overtime,-1169.32
L04,2023-07-31,exp_rent,-7131.29
L04,2023-07-31,exp_utilities,-1556.19
L04,2023-07-31,exp_property_insurance,-614.57
L04,2023-07-31,exp_cam,-832.59
L04,2023-07-31,exp_property_tax,-1021.9
L04,2023-07-31,exp_marketing,-1375.47
L04,2023-07-31,exp_pos_software,-519.92
L04,2023-07-31,exp_equipment_maintenance,-986.02
L04,2023-07-31,exp_cleaning,-806.7
L04,2023-07-31,exp_cc_fees,-1667.49
L04,2023-07-31,exp_office_supplies,-317.39
L04,2023-07-31,exp_waste_removal,-369.6
L04,2023-07-31,exp_corporate_overhead,-2044.9
L04,2023-07-31,exp_training,-590.84
L04,2023-07-31,exp_general_liability_ins,-443.7
L04,2023-07-31,exp_bank_fees,-239.71
L04,2023-07-31,exp_depreciation,-1449.16
L04,2023-07-31,exp_professional_fees,-498.02
L04,2023-08-31,rev_drip_coffee,14226.85
L04,2023-08-31,rev_espresso_drinks,20599.02
L04,2023-08-31,rev_cold_brew,13623.68
L04,2023-08-31,rev_specialty_seasonal,6394.53
L04,2023-08-31,rev_tea,4368.3
L04,2023-08-31,rev_pastries,7197.68
L04,2023-08-31,rev_sandwiches,7281.99
L04,2023-08-31,rev_breakfast,4458.71
L04,2023-08-31,rev_snacks,2383.37
L04,2023-08-31,rev_whole_bean,3241.09
L04,2023-08-31,rev_brew_equipment,1329.65
L04,2023-08-31,rev_merchandise,940.68
L04,2023-08-31,rev_gift_cards,1726.04
L04,2023-08-31,rev_catering,2339.78
L04,2023-08-31,rev_wholesale,1950.57
L04,2023-08-31,exp_coffee_beans,-9617.67
L04,2023-08-31,exp_dairy,-5519.76
L04,2023-08-31,exp_syrups,-1861.84
L04,2023-08-31,exp_food_ingredients,-3952.67
L04,2023-08-31,exp_packaging,-1988.99
L04,2023-08-31,exp_retail_cogs,-1448.56
L04,2023-08-31,exp_barista_wages,-15358.89
L04,2023-08-31,exp_shift_lead_wages,-4557.49
L04,2023-08-31,exp_store_manager_salary,-5242.16
L04,2023-08-31,exp_payroll_taxes,-2312.22
L04,2023-08-31,exp_employee_benefits,-1811.7
L04,2023-08-31,exp_overtime,-1132.9
L04,2023-08-31,exp_rent,-7132.84
L04,2023-08-31,exp_utilities,-1477.29
L04,2023-08-31,exp_property_insurance,-607.58
L04,2023-08-31,exp_cam,-825.29
L04,2023-08-31,exp_property_tax,-1044.25
L04,2023-08-31,exp_marketing,-1821.42
L04,2023-08-31,exp_pos_software,-552.05
L04,2023-08-31,exp_equipment_maintenance,-855.94
L04,2023-08-31,exp_cleaning,-694.96
L04,2023-08-31,exp_cc_fees,-1443.57
L04,2023-08-31,exp_office_supplies,-295.26
L04,2023-08-31,exp_waste_removal,-432.5
L04,2023-08-31,exp_corporate_overhead,-2461.12
L04,2023-08-31,exp_training,-519.39
L04,2023-08-31,exp_general_liability_ins,-494.1
L04,2023-08-31,exp_bank_fees,-158.73
L04,2023-08-31,exp_depreciation,-1444.11
L04,2023-08-31,exp_professional_fees,-626.62
L04,2023-09-30,rev_drip_coffee,15061.33
L04,2023-09-30,rev_espresso_drinks,20806.14
L04,2023-09-30,rev_cold_brew,9454.7
L04,2023-09-30,rev_specialty_seasonal,5826.99
L04,2023-09-30,rev_tea,3363.38
L04,2023-09-30,rev_pastries,7121.48
L04,2023-09-30,rev_sandwiches,7091.31
L04,2023-09-30,rev_breakfast,3440.05
L04,2023-09-30,rev_snacks,2114.54
L04,2023-09-30,rev_whole_bean,3466.45
L04,2023-09-30,rev_brew_equipment,1278.02
L04,2023-09-30,rev_merchandise,848.39
L04,2023-09-30,rev_gift_cards,1429.04
L04,2023-09-30,rev_catering,2171.01
L04,2023-09-30,rev_wholesale,1627.92
L04,2023-09-30,exp_coffee_beans,-8252.55
L04,2023-09-30,exp_dairy,-5096.78
L04,2023-09-30,exp_syrups,-1660.19
L04,2023-09-30,exp_food_ingredients,-4046.82
L04,2023-09-30,exp_packaging,-1979.55
L04,2023-09-30,exp_retail_cogs,-1429.77
L04,2023-09-30,exp_barista_wages,-14748.23
L04,2023-09-30,exp_shift_lead_wages,-5417.63
L04,2023-09-30,exp_store_manager_salary,-5708.32
L04,2023-09-30,exp_payroll_taxes,-2453.54
L04,2023-09-30,exp_employee_benefits,-1841.66
L04,2023-09-30,exp_overtime,-1104.28
L04,2023-09-30,exp_rent,-7558.49
L04,2023-09-30,exp_utilities,-1559.0
L04,2023-09-30,exp_property_insurance,-630.51
L04,2023-09-30,exp_cam,-861.26
L04,2023-09-30,exp_property_tax,-1010.35
L04,2023-09-30,exp_marketing,-1778.51
L04,2023-09-30,exp_pos_software,-511.62
L04,2023-09-30,exp_equipment_maintenance,-761.92
L04,2023-09-30,exp_cleaning,-675.29
L04,2023-09-30,exp_cc_fees,-1635.9
L04,2023-09-30,exp_office_supplies,-349.27
L04,2023-09-30,exp_waste_removal,-405.49
L04,2023-09-30,exp_corporate_overhead,-2381.39
L04,2023-09-30,exp_training,-441.68
L04,2023-09-30,exp_general_liability_ins,-447.49
L04,2023-09-30,exp_bank_fees,-168.03
L04,2023-09-30,exp_depreciation,-1017.1
L04,2023-09-30,exp_professional_fees,-647.64
L04,2023-10-31,rev_drip_coffee,12838.23
L04,2023-10-31,rev_espresso_drinks,21166.38
L04,2023-10-31,rev_cold_brew,10051.86
L04,2023-10-31,rev_specialty_seasonal,5551.98
L04,2023-10-31,rev_tea,3354.62
L04,2023-10-31,rev_pastries,6781.69
L04,2023-10-31,rev_sandwiches,5540.92
L04,2023-10-31,rev_breakfast,3900.96
L04,2023-10-31,rev_snacks,2085.34
L04,2023-10-31,rev_whole_bean,2817.87
L04,2023-10-31,rev_brew_equipment,1527.47
L04,2023-10-31,rev_merchandise,744.44
L04,2023-10-31,rev_gift_cards,1553.63
L04,2023-10-31,rev_catering,1907.79
L04,2023-10-31,rev_wholesale,1819.11
L04,2023-10-31,exp_coffee_beans,-8288.39
L04,2023-10-31,exp_dairy,-4884.31
L04,2023-10-31,exp_syrups,-1606.88
L04,2023-10-31,exp_food_ingredients,-3670.85
L04,2023-10-31,exp_packaging,-1950.52
L04,2023-10-31,exp_retail_cogs,-1449.39
L04,2023-10-31,exp_barista_wages,-14916.51
L04,2023-10-31,exp_shift_lead_wages,-4254.31
L04,2023-10-31,exp_store_manager_salary,-5430.54
L04,2023-10-31,exp_payroll_taxes,-2733.35
L04,2023-10-31,exp_employee_benefits,-1938.88
L04,2023-10-31,exp_overtime,-1197.75
L04,2023-10-31,exp_rent,-7240.04
L04,2023-10-31,exp_utilities,-1506.19
L04,2023-10-31,exp_property_insurance,-619.99
L04,2023-10-31,exp_cam,-854.68
L04,2023-10-31,exp_property_tax,-1020.49
L04,2023-10-31,exp_marketing,-1558.6
L04,2023-10-31,exp_pos_software,-641.87
L04,2023-10-31,exp_equipment_maintenance,-1001.7
L04,2023-10-31,exp_cleaning,-759.24
L04,2023-10-31,exp_cc_fees,-1835.0
L04,2023-10-31,exp_office_supplies,-324.65
L04,2023-10-31,exp_waste_removal,-374.26
L04,2023-10-31,exp_corporate_overhead,-2566.67
L04,2023-10-31,exp_training,-524.86
L04,2023-10-31,exp_general_liability_ins,-407.81
L04,2023-10-31,exp_bank_fees,-177.4
L04,2023-10-31,exp_depreciation,-1334.49
L04,2023-10-31,exp_professional_fees,-592.29
L04,2023-11-30,rev_drip_coffee,14723.03
L04,2023-11-30,rev_espresso_drinks,23201.64
L04,2023-11-30,rev_cold_brew,10577.34
L04,2023-11-30,rev_specialty_seasonal,10120.84
L04,2023-11-30,rev_tea,2925.02
L04,2023-11-30,rev_pastries,7890.02
L04,2023-11-30,rev_sandwiches,7411.17
L04,2023-11-30,rev_breakfast,3662.39
L04,2023-11-30,rev_snacks,2217.71
L04,2023-11-30,rev_whole_bean,2942.26
L04,2023-11-30,rev_brew_equipment,1427.02
L04,2023-11-30,rev_merchandise,1035.04
L04,2023-11-30,rev_gift_cards,1891.48
L04,2023-11-30,rev_catering,2092.75
L04,2023-11-30,rev_wholesale,1908.71
L04,2023-11-30,exp_coffee_beans,-9066.28
L04,2023-11-30,exp_dairy,-5277.2
L04,2023-11-30,exp_syrups,-1857.83
L04,2023-11-30,exp_food_ingredients,-4184.93
L04,2023-11-30,exp_packaging,-2183.1
L04,2023-11-30,exp_retail_cogs,-1517.29
L04,2023-11-30,exp_barista_wages,-14049.22
L04,2023-11-30,exp_shift_lead_wages,-4875.16
L04,2023-11-30,exp_store_manager_salary,-5802.54
L04,2023-11-30,exp_payroll_taxes,-2515.6
L04,2023-11-30,exp_employee_benefits,-2129.52
L04,2023-11-30,exp_overtime,-1152.37
L04,2023-11-30,exp_rent,-7378.31
L04,2023-11-30,exp_utilities,-1511.11
L04,2023-11-30,exp_property_insurance,-587.68
L04,2023-11-30,exp_cam,-846.58
L04,2023-11-30,exp_property_tax,-1022.53
L04,2023-11-30,exp_marketing,-1494.68
L04,2023-11-30,exp_pos_software,-667.91
L04,2023-11-30,exp_equipment_maintenance,-940.18
L04,2023-11-30,exp_cleaning,-657.54
L04,2023-11-30,exp_cc_fees,-1466.76
L04,2023-11-30,exp_office_supplies,-329.82
L04,2023-11-30,exp_waste_removal,-424.58
L04,2023-11-30,exp_corporate_overhead,-2074.19
L04,2023-11-30,exp_training,-489.69
L04,2023-11-30,exp_general_liability_ins,-491.49
L04,2023-11-30,exp_bank_fees,-159.55
L04,2023-11-30,exp_depreciation,-1264.59
L04,2023-11-30,exp_professional_fees,-577.1
L04,2023-12-31,rev_drip_coffee,16488.38
L04,2023-12-31,rev_espresso_drinks,23169.48
L04,2023-12-31,rev_cold_brew,11388.49
L04,2023-12-31,rev_specialty_seasonal,11923.64
L04,2023-12-31,rev_tea,3806.81
L04,2023-12-31,rev_pastries,8939.57
L04,2023-12-31,rev_sandwiches,9196.75
L04,2023-12-31,rev_breakfast,4505.32
L04,2023-12-31,rev_snacks,3027.5
L04,2023-12-31,rev_whole_bean,3564.77
L04,2023-12-31,rev_brew_equipment,1838.61
L04,2023-12-31,rev_merchandise,1096.58
L04,2023-12-31,rev_gift_cards,1884.28
L04,2023-12-31,rev_catering,2515.48
L04,2023-12-31,rev_wholesale,1965.69
L04,2023-12-31,exp_coffee_beans,-10000.92
L04,2023-12-31,exp_dairy,-6110.33
L04,2023-12-31,exp_syrups,-2056.26
L04,2023-12-31,exp_food_ingredients,-4582.98
L04,2023-12-31,exp_packaging,-2245.68
L04,2023-12-31,exp_retail_cogs,-1705.04
L04,2023-12-31,exp_barista_wages,-17055.03
L04,2023-12-31,exp_shift_lead_wages,-4729.81
L04,2023-12-31,exp_store_manager_salary,-5598.05
L04,2023-12-31,exp_payroll_taxes,-2673.85
L04,2023-12-31,exp_employee_benefits,-2305.12
L04,2023-12-31,exp_overtime,-1289.59
L04,2023-12-31,exp_rent,-7164.86
L04,2023-12-31,exp_utilities,-1499.49
L04,2023-12-31,exp_property_insurance,-601.01
L04,2023-12-31,exp_cam,-843.41
L04,2023-12-31,exp_property_tax,-1069.63
L04,2023-12-31,exp_marketing,-1454.63
L04,2023-12-31,exp_pos_software,-489.58
L04,2023-12-31,exp_equipment_maintenance,-820.89
L04,2023-12-31,exp_cleaning,-678.46
L04,2023-12-31,exp_cc_fees,-1651.06
L04,2023-12-31,exp_office_supplies,-334.35
L04,2023-12-31,exp_waste_removal,-431.7
L04,2023-12-31,exp_corporate_overhead,-1862.52
L04,2023-12-31,exp_training,-548.14
L04,2023-12-31,exp_general_liability_ins,-438.12
L04,2023-12-31,exp_bank_fees,-212.33
L04,2023-12-31,exp_depreciation,-1103.59
L04,2023-12-31,exp_professional_fees,-603.28
L04,2024-01-31,rev_drip_coffee,12840.78
L04,2024-01-31,rev_espresso_drinks,19939.58
L04,2024-01-31,rev_cold_brew,7437.4
L04,2024-01-31,rev_specialty_seasonal,7832.82
L04,2024-01-31,rev_tea,2698.53
L04,2024-01-31,rev_pastries,6872.61
L04,2024-01-31,rev_sandwiches,6369.97
L04,2024-01-31,rev_breakfast,3930.43
L04,2024-01-31,rev_snacks,1913.47
L04,2024-01-31,rev_whole_bean,2894.2
L04,2024-01-31,rev_brew_equipment,1349.28
L04,2024-01-31,rev_merchandise,679.4
L04,2024-01-31,rev_gift_cards,1458.75
L04,2024-01-31,rev_catering,2058.74
L04,2024-01-31,rev_wholesale,1532.08
L04,2024-01-31,exp_coffee_beans,-7077.55
L04,2024-01-31,exp_dairy,-4630.39
L04,2024-01-31,exp_syrups,-1462.54
L04,2024-01-31,exp_food_ingredients,-3489.75
L04,2024-01-31,exp_packaging,-1716.18
L04,2024-01-31,exp_retail_cogs,-1272.25
L04,2024-01-31,exp_barista_wages,-13482.82
L04,2024-01-31,exp_shift_lead_wages,-4166.27
L04,2024-01-31,exp_store_manager_salary,-5173.27
L04,2024-01-31,exp_payroll_taxes,-2444.58
L04,2024-01-31,exp_employee_benefits,-2117.59
L04,2024-01-31,exp_overtime,-967.78
L04,2024-01-31,exp_rent,-7395.2
L04,2024-01-31,exp_utilities,-1474.7
L04,2024-01-31,exp_property_insurance,-624.88
L04,2024-01-31,exp_cam,-832.03
L04,2024-01-31,exp_property_tax,-1022.39
L04,2024-01-31,exp_marketing,-1595.95
L04,2024-01-31,exp_pos_software,-579.69
L04,2024-01-31,exp_equipment_maintenance,-923.98
L04,2024-01-31,exp_cleaning,-691.41
L04,2024-01-31,exp_cc_fees,-1553.67
L04,2024-01-31,exp_office_supplies,-277.73
L04,2024-01-31,exp_waste_removal,-414.4
L04,2024-01-31,exp_corporate_overhead,-2249.21
L04,2024-01-31,exp_training,-546.84
L04,2024-01-31,exp_general_liability_ins,-420.23
L04,2024-01-31,exp_bank_fees,-166.15
L04,2024-01-31,exp_depreciation,-1267.59
L04,2024-01-31,exp_professional_fees,-681.13
L04,2024-02-29,rev_drip_coffee,12481.17
L04,2024-02-29,rev_espresso_drinks,17561.33
L04,2024-02-29,rev_cold_brew,7748.44
L04,2024-02-29,rev_specialty_seasonal,8714.3
L04,2024-02-29,rev_tea,2651.42
L04,2024-02-29,rev_pastries,6083.89
L04,2024-02-29,rev_sandwiches,6131.22
L04,2024-02-29,rev_breakfast,2966.94
L04,2024-02-29,rev_snacks,2153.91
L04,2024-02-29,rev_whole_bean,2766.02
L04,2024-02-29,rev_brew_equipment,1275.35
L04,2024-02-29,rev_merchandise,799.0
L04,2024-02-29,rev_gift_cards,1342.2
L04,2024-02-29,rev_catering,1710.61
L04,2024-02-29,rev_wholesale,1512.55
L04,2024-02-29,exp_coffee_beans,-7007.02
L04,2024-02-29,exp_dairy,-4428.74
L04,2024-02-29,exp_syrups,-1582.65
L04,2024-02-29,exp_food_ingredients,-3697.13
L04,2024-02-29,exp_packaging,-1712.67
L04,2024-02-29,exp_retail_cogs,-1256.53
L04,2024-02-29,exp_barista_wages,-13632.71
L04,2024-02-29,exp_shift_lead_wages,-4181.08
L04,2024-02-29,exp_store_manager_salary,-5240.06
L04,2024-02-29,exp_payroll_taxes,-2231.11
L04,2024-02-29,exp_employee_benefits,-1874.63
L04,2024-02-29,exp_overtime,-987.07
L04,2024-02-29,exp_rent,-7219.27
L04,2024-02-29,exp_utilities,-1526.61
L04,2024-02-29,exp_property_insurance,-623.26
L04,2024-02-29,exp_cam,-831.23
L04,2024-02-29,exp_property_tax,-1050.28
L04,2024-02-29,exp_marketing,-1605.54
L04,2024-02-29,exp_pos_software,-585.1
L04,2024-02-29,exp_equipment_maintenance,-1021.88
L04,2024-02-29,exp_cleaning,-712.77
L04,2024-02-29,exp_cc_fees,-1678.29
L04,2024-02-29,exp_office_supplies,-381.48
L04,2024-02-29,exp_waste_removal,-359.1
L04,2024-02-29,exp_corporate_overhead,-2038.26
L04,2024-02-29,exp_training,-454.54
L04,2024-02-29,exp_general_liability_ins,-440.73
L04,2024-02-29,exp_bank_fees,-151.27
L04,2024-02-29,exp_depreciation,-1245.53
L04,2024-02-29,exp_professional_fees,-570.15
L04,2024-03-31,rev_drip_coffee,14136.81
L04,2024-03-31,rev_espresso_drinks,19809.18
L04,2024-03-31,rev_cold_brew,8558.74
L04,2024-03-31,rev_specialty_seasonal,5956.52
L04,2024-03-31,rev_tea,3299.74
L04,2024-03-31,rev_pastries,6543.77
L04,2024-03-31,rev_sandwiches,6080.58
L04,2024-03-31,rev_breakfast,3091.81
L04,2024-03-31,rev_snacks,1925.97
L04,2024-03-31,rev_whole_bean,2675.1
L04,2024-03-31,rev_brew_equipment,1292.02
L04,2024-03-31,rev_merchandise,763.24
L04,2024-03-31,rev_gift_cards,1407.59
L04,2024-03-31,rev_catering,1820.49
L04,2024-03-31,rev_wholesale,1673.98
L04,2024-03-31,exp_coffee_beans,-8121.42
L04,2024-03-31,exp_dairy,-4761.47
L04,2024-03-31,exp_syrups,-1643.31
L04,2024-03-31,exp_food_ingredients,-3430.38
L04,2024-03-31,exp_packaging,-1758.9
L04,2024-03-31,exp_retail_cogs,-1270.14
L04,2024-03-31,exp_barista_wages,-13986.18
L04,2024-03-31,exp_shift_lead_wages,-4465.04
L04,2024-03-31,exp_store_manager_salary,-5711.51
L04,2024-03-31,exp_payroll_taxes,-2473.52
L04,2024-03-31,exp_employee_benefits,-1792.15
L04,2024-03-31,exp_overtime,-1132.89
L04,2024-03-31,exp_rent,-7442.96
L04,2024-03-31,exp_utilities,-1483.15
L04,2024-03-31,exp_property_insurance,-622.8
L04,2024-03-31,exp_cam,-845.22
L04,2024-03-31,exp_property_tax,-1007.15
L04,2024-03-31,exp_marketing,-1773.09
L04,2024-03-31,exp_pos_software,-596.81
L04,2024-03-31,exp_equipment_maintenance,-874.67
L04,2024-03-31,exp_cleaning,-657.04
L04,2024-03-31,exp_cc_fees,-1442.78
L04,2024-03-31,exp_office_supplies,-339.88
L04,2024-03-31,exp_waste_removal,-384.61
L04,2024-03-31,exp_corporate_overhead,-2298.82
L04,2024-03-31,exp_training,-507.42
L04,2024-03-31,exp_general_liability_ins,-400.02
L04,2024-03-31,exp_bank_fees,-180.16
L04,2024-03-31,exp_depreciation,-990.83
L04,2024-03-31,exp_professional_fees,-637.04
L04,2024-04-30,rev_drip_coffee,12644.91
L04,2024-04-30,rev_espresso_drinks,20495.08
L04,2024-04-30,rev_cold_brew,9744.88
L04,2024-04-30,rev_specialty_seasonal,6275.95
L04,2024-04-30,rev_tea,2967.16
L04,2024-04-30,rev_pastries,7301.17
L04,2024-04-30,rev_sandwiches,7553.81
L04,2024-04-30,rev_breakfast,4502.45
L04,2024-04-30,rev_snacks,2396.58
L04,2024-04-30,rev_whole_bean,3074.54
L04,2024-04-30,rev_brew_equipment,1243.29
L04,2024-04-30,rev_merchandise,919.11
L04,2024-04-30,rev_gift_cards,1525.61
L04,2024-04-30,rev_catering,2219.84
L04,2024-04-30,rev_wholesale,1650.28
L04,2024-04-30,exp_coffee_beans,-8298.31
L04,2024-04-30,exp_dairy,-4953.56
L04,2024-04-30,exp_syrups,-1750.02
L04,2024-04-30,exp_food_ingredients,-4008.97
L04,2024-04-30,exp_packaging,-1855.37
L04,2024-04-30,exp_retail_cogs,-1273.12
L04,2024-04-30,exp_barista_wages,-16085.28
L04,2024-04-30,exp_shift_lead_wages,-5224.23
L04,2024-04-30,exp_store_manager_salary,-5524.65
L04,2024-04-30,exp_payroll_taxes,-2220.23
L04,2024-04-30,exp_employee_benefits,-1857.64
L04,2024-04-30,exp_overtime,-1147.15
L04,2024-04-30,exp_rent,-7545.96
L04,2024-04-30,exp_utilities,-1470.89
L04,2024-04-30,exp_property_insurance,-610.88
L04,2024-04-30,exp_cam,-851.27
L04,2024-04-30,exp_property_tax,-1054.3
L04,2024-04-30,exp_marketing,-1637.62
L04,2024-04-30,exp_pos_software,-492.79
L04,2024-04-30,exp_equipment_maintenance,-950.65
L04,2024-04-30,exp_cleaning,-733.69
L04,2024-04-30,exp_cc_fees,-1541.73
L04,2024-04-30,exp_office_supplies,-333.32
L04,2024-04-30,exp_waste_removal,-367.96
L04,2024-04-30,exp_corporate_overhead,-2069.94
L04,2024-04-30,exp_training,-540.21
L04,2024-04-30,exp_general_liability_ins,-469.76
L04,2024-04-30,exp_bank_fees,-207.56
L04,2024-04-30,exp_depreciation,-1462.97
L04,2024-04-30,exp_professional_fees,-539.38
L04,2024-05-31,rev_drip_coffee,14053.69
L04,2024-05-31,rev_espresso_drinks,21563.04
L04,2024-05-31,rev_cold_brew,9488.59
L04,2024-05-31,rev_specialty_seasonal,6680.67
L04,2024-05-31,rev_tea,3395.91
L04,2024-05-31,rev_pastries,7094.49
L04,2024-05-31,rev_sandwiches,7033.41
L04,2024-05-31,rev_breakfast,4214.05
L04,2024-05-31,rev_snacks,2506.59
L04,2024-05-31,rev_whole_bean,3242.26
L04,2024-05-31,rev_brew_equipment,1471.97
L04,2024-05-31,rev_merchandise,935.98
L04,2024-05-31,rev_gift_cards,1597.97
L04,2024-05-31,rev_catering,2102.98
L04,2024-05-31,rev_wholesale,1867.38
L04,2024-05-31,exp_coffee_beans,-8642.83
L04,2024-05-31,exp_dairy,-5594.77
L04,2024-05-31,exp_syrups,-1936.98
L04,2024-05-31,exp_food_ingredients,-4237.99
L04,2024-05-31,exp_packaging,-2044.2
L04,2024-05-31,exp_retail_cogs,-1426.72
L04,2024-05-31,exp_barista_wages,-13846.42
L04,2024-05-31,exp_shift_lead_wages,-4585.41
L04,2024-05-31,exp_store_manager_salary,-5532.41
L04,2024-05-31,exp_payroll_taxes,-2498.99
L04,2024-05-31,exp_employee_benefits,-2047.09
L04,2024-05-31,exp_overtime,-1200.61
L04,2024-05-31,exp_rent,-7247.12
L04,2024-05-31,exp_utilities,-1486.86
L04,2024-05-31,exp_property_insurance,-630.17
L04,2024-05-31,exp_cam,-861.02
L04,2024-05-31,exp_property_tax,-1028.28
L04,2024-05-31,exp_marketing,-1677.71
L04,2024-05-31,exp_pos_software,-578.14
L04,2024-05-31,exp_equipment_maintenance,-897.88
L04,2024-05-31,exp_cleaning,-690.69
L04,2024-05-31,exp_cc_fees,-1948.65
L04,2024-05-31,exp_office_supplies,-326.41
L04,2024-05-31,exp_waste_removal,-411.88
L04,2024-05-31,exp_corporate_overhead,-1879.84
L04,2024-05-31,exp_training,-466.17
L04,2024-05-31,exp_general_liability_ins,-507.81
L04,2024-05-31,exp_bank_fees,-205.81
L04,2024-05-31,exp_depreciation,-713.66
L04,2024-05-31,exp_professional_fees,-643.63
L04,2024-06-30,rev_drip_coffee,18089.84
L04,2024-06-30,rev_espresso_drinks,19086.86
L04,2024-06-30,rev_cold_brew,16048.91
L04,2024-06-30,rev_specialty_seasonal,5218.84
L04,2024-06-30,rev_tea,3953.4
L04,2024-06-30,rev_pastries,8214.47
L04,2024-06-30,rev_sandwiches,6060.01
L04,2024-06-30,rev_breakfast,4592.83
L04,2024-06-30,rev_snacks,2716.71
L04,2024-06-30,rev_whole_bean,3450.57
L04,2024-06-30,rev_brew_equipment,1585.09
L04,2024-06-30,rev_merchandise,941.38
L04,2024-06-30,rev_gift_cards,1472.86
L04,2024-06-30,rev_catering,2511.22
L04,2024-06-30,rev_wholesale,2219.41
L04,2024-06-30,exp_coffee_beans,-9904.68
L04,2024-06-30,exp_dairy,-4955.87
L04,2024-06-30,exp_syrups,-1789.52
L04,2024-06-30,exp_food_ingredients,-4196.53
L04,2024-06-30,exp_packaging,-1969.54
L04,2024-06-30,exp_retail_cogs,-1531.94
L04,2024-06-30,exp_barista_wages,-15797.04
L04,2024-06-30,exp_shift_lead_wages,-4375.39
L04,2024-06-30,exp_store_manager_salary,-5929.34
L04,2024-06-30,exp_payroll_taxes,-2631.16
L04,2024-06-30,exp_employee_benefits,-1983.73
L04,2024-06-30,exp_overtime,-1159.97
L04,2024-06-30,exp_rent,-7062.27
L04,2024-06-30,exp_utilities,-1497.44
L04,2024-06-30,exp_property_insurance,-612.49
L04,2024-06-30,exp_cam,-850.81
L04,2024-06-30,exp_property_tax,-1044.23
L04,2024-06-30,exp_marketing,-1737.31
L04,2024-06-30,exp_pos_software,-568.7
L04,2024-06-30,exp_equipment_maintenance,-920.67
L04,2024-06-30,exp_cleaning,-725.6
L04,2024-06-30,exp_cc_fees,-1539.72
L04,2024-06-30,exp_office_supplies,-330.51
L04,2024-06-30,exp_waste_removal,-379.09
L04,2024-06-30,exp_corporate_overhead,-2114.94
L04,2024-06-30,exp_training,-515.54
L04,2024-06-30,exp_general_liability_ins,-427.13
L04,2024-06-30,exp_bank_fees,-205.49
L04,2024-06-30,exp_depreciation,-1275.51
L04,2024-06-30,exp_professional_fees,-584.66
L04,2024-07-31,rev_drip_coffee,15680.55
L04,2024-07-31,rev_espresso_drinks,22373.97
L04,2024-07-31,rev_cold_brew,12758.34
L04,2024-07-31,rev_specialty_seasonal,7096.46
L04,2024-07-31,rev_tea,3845.89
L04,2024-07-31,rev_pastries,9014.06
L04,2024-07-31,rev_sandwiches,7337.14
L04,2024-07-31,rev_breakfast,5243.77
L04,2024-07-31,rev_snacks,2476.72
L04,2024-07-31,rev_whole_bean,3201.75
L04,2024-07-31,rev_brew_equipment,1431.2
L04,2024-07-31,rev_merchandise,860.87
L04,2024-07-31,rev_gift_cards,1994.78
L04,2024-07-31,rev_catering,2711.25
L04,2024-07-31,rev_wholesale,2095.1
L04,2024-07-31,exp_coffee_beans,-9194.99
L04,2024-07-31,exp_dairy,-6161.92
L04,2024-07-31,exp_syrups,-1953.08
L04,2024-07-31,exp_food_ingredients,-4438.73
L04,2024-07-31,exp_packaging,-2355.21
L04,2024-07-31,exp_retail_cogs,-1621.21
L04,2024-07-31,exp_barista_wages,-17690.6
L04,2024-07-31,exp_shift_lead_wages,-4918.62
L04,2024-07-31,exp_store_manager_salary,-5599.78
L04,2024-07-31,exp_payroll_taxes,-2477.11
L04,2024-07-31,exp_employee_benefits,-1846.81
L04,2024-07-31,exp_overtime,-1167.01
L04,2024-07-31,exp_rent,-7517.08
L04,2024-07-31,exp_utilities,-1525.51
L04,2024-07-31,exp_property_insurance,-612.65
L04,2024-07-31,exp_cam,-831.07
L04,2024-07-31,exp_property_tax,-1041.08
L04,2024-07-31,exp_marketing,-1867.65
L04,2024-07-31,exp_pos_software,-609.3
L04,2024-07-31,exp_equipment_maintenance,-909.98
L04,2024-07-31,exp_cleaning,-606.95
L04,2024-07-31,exp_cc_fees,-1689.37
L04,2024-07-31,exp_office_supplies,-220.01
L04,2024-07-31,exp_waste_removal,-401.07
L04,2024-07-31,exp_corporate_overhead,-2842.38
L04,2024-07-31,exp_training,-416.02
L04,2024-07-31,exp_general_liability_ins,-441.32
L04,2024-07-31,exp_bank_fees,-197.7
L04,2024-07-31,exp_depreciation,-1213.08
L04,2024-07-31,exp_professional_fees,-665.47
L04,2024-08-31,rev_drip_coffee,15985.32
L04,2024-08-31,rev_espresso_drinks,22579.8
L04,2024-08-31,rev_cold_brew,14950.43
L04,2024-08-31,rev_specialty_seasonal,6595.0
L04,2024-08-31,rev_tea,4530.57
L04,2024-08-31,rev_pastries,8171.12
L04,2024-08-31,rev_sandwiches,7444.28
L04,2024-08-31,rev_breakfast,3759.39
L04,2024-08-31,rev_snacks,2337.03
L04,2024-08-31,rev_whole_bean,3595.36
L04,2024-08-31,rev_brew_equipment,1328.31
L04,2024-08-31,rev_merchandise,791.04
L04,2024-08-31,rev_gift_cards,1704.05
L04,2024-08-31,rev_catering,2593.31
L04,2024-08-31,rev_wholesale,1918.6
L04,2024-08-31,exp_coffee_beans,-9053.01
L04,2024-08-31,exp_dairy,-4902.34
L04,2024-08-31,exp_syrups,-1944.6
L04,2024-08-31,exp_food_ingredients,-4445.92
L04,2024-08-31,exp_packaging,-1914.53
L04,2024-08-31,exp_retail_cogs,-1586.43
L04,2024-08-31,exp_barista_wages,-16006.43
L04,2024-08-31,exp_shift_lead_wages,-5068.42
L04,2024-08-31,exp_store_manager_salary,-5814.38
L04,2024-08-31,exp_payroll_taxes,-2617.05
L04,2024-08-31,exp_employee_benefits,-2097.54
L04,2024-08-31,exp_overtime,-1222.85
L04,2024-08-31,exp_rent,-7081.54
L04,2024-08-31,exp_utilities,-1462.2
L04,2024-08-31,exp_property_insurance,-603.39
L04,2024-08-31,exp_cam,-845.74
L04,2024-08-31,exp_property_tax,-1044.42
L04,2024-08-31,exp_marketing,-1750.95
L04,2024-08-31,exp_pos_software,-649.39
L04,2024-08-31,exp_equipment_maintenance,-997.85
L04,2024-08-31,exp_cleaning,-601.98
L04,2024-08-31,exp_cc_fees,-1591.65
L04,2024-08-31,exp_office_supplies,-293.18
L04,2024-08-31,exp_waste_removal,-379.01
L04,2024-08-31,exp_corporate_overhead,-2333.95
L04,2024-08-31,exp_training,-322.92
L04,2024-08-31,exp_general_liability_ins,-561.28
L04,2024-08-31,exp_bank_fees,-209.06
L04,2024-08-31,exp_depreciation,-1196.15
L04,2024-08-31,exp_professional_fees,-719.2
L04,2024-09-30,rev_drip_coffee,13885.93
L04,2024-09-30,rev_espresso_drinks,20904.9
L04,2024-09-30,rev_cold_brew,9277.1
L04,2024-09-30,rev_specialty_seasonal,6914.3
L04,2024-09-30,rev_tea,3320.97
L04,2024-09-30,rev_pastries,7575.74
L04,2024-09-30,rev_sandwiches,7451.24
L04,2024-09-30,rev_breakfast,4227.67
L04,2024-09-30,rev_snacks,2255.72
L04,2024-09-30,rev_whole_bean,3324.84
L04,2024-09-30,rev_brew_equipment,1659.09
L04,2024-09-30,rev_merchandise,909.04
L04,2024-09-30,rev_gift_cards,1590.77
L04,2024-09-30,rev_catering,2196.64
L04,2024-09-30,rev_wholesale,1958.93
L04,2024-09-30,exp_coffee_beans,-8282.3
L04,2024-09-30,exp_dairy,-4941.76
L04,2024-09-30,exp_syrups,-1627.76
L04,2024-09-30,exp_food_ingredients,-3754.42
L04,2024-09-30,exp_packaging,-1898.46
L04,2024-09-30,exp_retail_cogs,-1388.19
L04,2024-09-30,exp_barista_wages,-16355.29
L04,2024-09-30,exp_shift_lead_wages,-4732.95
L04,2024-09-30,exp_store_manager_salary,-5130.68
L04,2024-09-30,exp_payroll_taxes,-2326.84
L04,2024-09-30,exp_employee_benefits,-2127.31
L04,2024-09-30,exp_overtime,-1198.88
L04,2024-09-30,exp_rent,-7352.99
L04,2024-09-30,exp_utilities,-1494.11
L04,2024-09-30,exp_property_insurance,-626.18
L04,2024-09-30,exp_cam,-831.1
L04,2024-09-30,exp_property_tax,-1044.5
L04,2024-09-30,exp_marketing,-2081.31
L04,2024-09-30,exp_pos_software,-596.14
L04,2024-09-30,exp_equipment_maintenance,-825.63
L04,2024-09-30,exp_cleaning,-686.58
L04,2024-09-30,exp_cc_fees,-1481.5
L04,2024-09-30,exp_office_supplies,-275.68
L04,2024-09-30,exp_waste_removal,-413.37
L04,2024-09-30,exp_corporate_overhead,-2513.95
L04,2024-09-30,exp_training,-474.69
L04,2024-09-30,exp_general_liability_ins,-435.18
L04,2024-09-30,exp_bank_fees,-178.83
L04,2024-09-30,exp_depreciation,-1252.85
L04,2024-09-30,exp_professional_fees,-569.07
L04,2024-10-31,rev_drip_coffee,12870.27
L04,2024-10-31,rev_espresso_drinks,23349.86
L04,2024-10-31,rev_cold_brew,9817.19
L04,2024-10-31,rev_specialty_seasonal,6261.6
L04,2024-10-31,rev_tea,3515.48
L04,2024-10-31,rev_pastries,7792.15
L04,2024-10-31,rev_sandwiches,6443.21
L04,2024-10-31,rev_breakfast,4045.76
L04,2024-10-31,rev_snacks,2173.34
L04,2024-10-31,rev_whole_bean,3098.73
L04,2024-10-31,rev_brew_equipment,1388.96
L04,2024-10-31,rev_merchandise,842.54
L04,2024-10-31,rev_gift_cards,1380.83
L04,2024-10-31,rev_catering,2149.43
L04,2024-10-31,rev_wholesale,1709.88
L04,2024-10-31,exp_coffee_beans,-7579.51
L04,2024-10-31,exp_dairy,-5037.94
L04,2024-10-31,exp_syrups,-1812.17
L04,2024-10-31,exp_food_ingredients,-4406.98
L04,2024-10-31,exp_packaging,-1873.33
L04,2024-10-31,exp_retail_cogs,-1328.03
L04,2024-10-31,exp_barista_wages,-13680.85
L04,2024-10-31,exp_shift_lead_wages,-4602.26
L04,2024-10-31,exp_store_manager_salary,-5445.53
L04,2024-10-31,exp_payroll_taxes,-2294.42
L04,2024-10-31,exp_employee_benefits,-1927.56
L04,2024-10-31,exp_overtime,-981.0
L04,2024-10-31,exp_rent,-7485.01
L04,2024-10-31,exp_utilities,-1484.22
L04,2024-10-31,exp_property_insurance,-611.98
L04,2024-10-31,exp_cam,-823.75
L04,2024-10-31,exp_property_tax,-1024.31
L04,2024-10-31,exp_marketing,-1648.47
L04,2024-10-31,exp_pos_software,-583.48
L04,2024-10-31,exp_equipment_maintenance,-937.99
L04,2024-10-31,exp_cleaning,-754.42
L04,2024-10-31,exp_cc_fees,-1668.47
L04,2024-10-31,exp_office_supplies,-351.16
L04,2024-10-31,exp_waste_removal,-442.15
L04,2024-10-31,exp_corporate_overhead,-2390.01
L04,2024-10-31,exp_training,-488.13
L04,2024-10-31,exp_general_liability_ins,-497.87
L04,2024-10-31,exp_bank_fees,-219.08
L04,2024-10-31,exp_depreciation,-1354.41
L04,2024-10-31,exp_professional_fees,-515.27
L04,2024-11-30,rev_drip_coffee,14105.05
L04,2024-11-30,rev_espresso_drinks,21420.8
L04,2024-11-30,rev_cold_brew,10858.61
L04,2024-11-30,rev_specialty_seasonal,9360.3
L04,2024-11-30,rev_tea,3868.62
L04,2024-11-30,rev_pastries,8760.61
L04,2024-11-30,rev_sandwiches,7886.89
L04,2024-11-30,rev_breakfast,4688.59
L04,2024-11-30,rev_snacks,2199.83
L04,2024-11-30,rev_whole_bean,3358.05
L04,2024-11-30,rev_brew_equipment,1389.19
L04,2024-11-30,rev_merchandise,814.84
L04,2024-11-30,rev_gift_cards,1630.38
L04,2024-11-30,rev_catering,2537.71
L04,2024-11-30,rev_wholesale,1946.55
L04,2024-11-30,exp_coffee_beans,-9952.43
L04,2024-11-30,exp_dairy,-5353.31
L04,2024-11-30,exp_syrups,-2095.53
L04,2024-11-30,exp_food_ingredients,-4262.88
L04,2024-11-30,exp_packaging,-2065.88
L04,2024-11-30,exp_retail_cogs,-1379.68
L04,2024-11-30,exp_barista_wages,-16185.09
L04,2024-11-30,exp_shift_lead_wages,-4564.08
L04,2024-11-30,exp_store_manager_salary,-5353.95
L04,2024-11-30,exp_payroll_taxes,-2688.94
L04,2024-11-30,exp_employee_benefits,-2156.95
L04,2024-11-30,exp_overtime,-1230.73
L04,2024-11-30,exp_rent,-7295.62
L04,2024-11-30,exp_utilities,-1505.92
L04,2024-11-30,exp_property_insurance,-611.67
L04,2024-11-30,exp_cam,-861.21
L04,2024-11-30,exp_property_tax,-1068.58
L04,2024-11-30,exp_marketing,-1758.32
L04,2024-11-30,exp_pos_software,-699.5
L04,2024-11-30,exp_equipment_maintenance,-975.36
L04,2024-11-30,exp_cleaning,-644.03
L04,2024-11-30,exp_cc_fees,-1683.39
L04,2024-11-30,exp_office_supplies,-374.98
L04,2024-11-30,exp_waste_removal,-463.48
L04,2024-11-30,exp_corporate_overhead,-2529.56
L04,2024-11-30,exp_training,-491.18
L04,2024-11-30,exp_general_liability_ins,-442.44
L04,2024-11-30,exp_bank_fees,-209.25
L04,2024-11-30,exp_depreciation,-1484.83
L04,2024-11-30,exp_professional_fees,-629.14
L04,2024-12-31,rev_drip_coffee,17704.69
L04,2024-12-31,rev_espresso_drinks,24843.33
L04,2024-12-31,rev_cold_brew,11243.21
L04,2024-12-31,rev_specialty_seasonal,10454.38
L04,2024-12-31,rev_tea,4049.18
L04,2024-12-31,rev_pastries,10184.83
L04,2024-12-31,rev_sandwiches,7973.49
L04,2024-12-31,rev_breakfast,4850.83
L04,2024-12-31,rev_snacks,2522.19
L04,2024-12-31,rev_whole_bean,3861.72
L04,2024-12-31,rev_brew_equipment,1829.78
L04,2024-12-31,rev_merchandise,1198.16
L04,2024-12-31,rev_gift_cards,1915.74
L04,2024-12-31,rev_catering,2711.07
L04,2024-12-31,rev_wholesale,2094.66
L04,2024-12-31,exp_coffee_beans,-10481.86
L04,2024-12-31,exp_dairy,-6088.24
L04,2024-12-31,exp_syrups,-2115.19
L04,2024-12-31,exp_food_ingredients,-4805.99
L04,2024-12-31,exp_packaging,-2383.73
L04,2024-12-31,exp_retail_cogs,-1640.55
L04,2024-12-31,exp_barista_wages,-15845.71
L04,2024-12-31,exp_shift_lead_wages,-5497.58
L04,2024-12-31,exp_store_manager_salary,-6862.63
L04,2024-12-31,exp_payroll_taxes,-2454.81
L04,2024-12-31,exp_employee_benefits,-1975.67
L04,2024-12-31,exp_overtime,-1151.11
L04,2024-12-31,exp_rent,-7333.67
L04,2024-12-31,exp_utilities,-1534.46
L04,2024-12-31,exp_property_insurance,-619.65
L04,2024-12-31,exp_cam,-850.86
L04,2024-12-31,exp_property_tax,-1047.34
L04,2024-12-31,exp_marketing,-1578.52
L04,2024-12-31,exp_pos_software,-569.88
L04,2024-12-31,exp_equipment_maintenance,-893.25
L04,2024-12-31,exp_cleaning,-555.03
L04,2024-12-31,exp_cc_fees,-1374.03
L04,2024-12-31,exp_office_supplies,-284.41
L04,2024-12-31,exp_waste_removal,-415.8
L04,2024-12-31,exp_corporate_overhead,-2316.66
L04,2024-12-31,exp_training,-519.86
L04,2024-12-31,exp_general_liability_ins,-369.04
L04,2024-12-31,exp_bank_fees,-168.5
L04,2024-12-31,exp_depreciation,-1356.27
L04,2024-12-31,exp_professional_fees,-435.43
L04,2025-01-31,rev_drip_coffee,14174.74
L04,2025-01-31,rev_espresso_drinks,15969.9
L04,2025-01-31,rev_cold_brew,9314.03
L04,2025-01-31,rev_specialty_seasonal,7435.18
L04,2025-01-31,rev_tea,3281.18
L04,2025-01-31,rev_pastries,8503.26
L04,2025-01-31,rev_sandwiches,5026.16
L04,2025-01-31,rev_breakfast,3853.47
L04,2025-01-31,rev_snacks,1751.57
L04,2025-01-31,rev_whole_bean,2854.29
L04,2025-01-31,rev_brew_equipment,1225.86
L04,2025-01-31,rev_merchandise,809.63
L04,2025-01-31,rev_gift_cards,1320.65
L04,2025-01-31,rev_catering,2081.06
L04,2025-01-31,rev_wholesale,1416.92
L04,2025-01-31,exp_coffee_beans,-8196.48
L04,2025-01-31,exp_dairy,-4437.07
L04,2025-01-31,exp_syrups,-1482.02
L04,2025-01-31,exp_food_ingredients,-3894.68
L04,2025-01-31,exp_packaging,-1755.64
L04,2025-01-31,exp_retail_cogs,-1378.28
L04,2025-01-31,exp_barista_wages,-15188.6
L04,2025-01-31,exp_shift_lead_wages,-4178.6
L04,2025-01-31,exp_store_manager_salary,-5168.38
L04,2025-01-31,exp_payroll_taxes,-2345.65
L04,2025-01-31,exp_employee_benefits,-2053.15
L04,2025-01-31,exp_overtime,-1103.02
L04,2025-01-31,exp_rent,-7374.76
L04,2025-01-31,exp_utilities,-1501.43
L04,2025-01-31,exp_property_insurance,-611.78
L04,2025-01-31,exp_cam,-870.07
L04,2025-01-31,exp_property_tax,-1036.45
L04,2025-01-31,exp_marketing,-1628.9
L04,2025-01-31,exp_pos_software,-551.16
L04,2025-01-31,exp_equipment_maintenance,-845.49
L04,2025-01-31,exp_cleaning,-567.04
L04,2025-01-31,exp_cc_fees,-1437.91
L04,2025-01-31,exp_office_supplies,-368.33
L04,2025-01-31,exp_waste_removal,-378.31
L04,2025-01-31,exp_corporate_overhead,-2420.47
L04,2025-01-31,exp_training,-368.48
L04,2025-01-31,exp_general_liability_ins,-477.94
L04,2025-01-31,exp_bank_fees,-194.66
L04,2025-01-31,exp_depreciation,-1210.68
L04,2025-01-31,exp_professional_fees,-613.89
L04,2025-02-28,rev_drip_coffee,12122.36
L04,2025-02-28,rev_espresso_drinks,15175.44
L04,2025-02-28,rev_cold_brew,9160.9
L04,2025-02-28,rev_specialty_seasonal,7978.45
L04,2025-02-28,rev_tea,2885.55
L04,2025-02-28,rev_pastries,6104.83
L04,2025-02-28,rev_sandwiches,5300.5
L04,2025-02-28,rev_breakfast,3633.21
L04,2025-02-28,rev_snacks,2260.72
L04,2025-02-28,rev_whole_bean,2742.59
L04,2025-02-28,rev_brew_equipment,1083.96
L04,2025-02-28,rev_merchandise,797.61
L04,2025-02-28,rev_gift_cards,1386.95
L04,2025-02-28,rev_catering,2047.61
L04,2025-02-28,rev_wholesale,1643.06
L04,2025-02-28,exp_coffee_beans,-6419.34
L04,2025-02-28,exp_dairy,-4549.85
L04,2025-02-28,exp_syrups,-1480.2
L04,2025-02-28,exp_food_ingredients,-3276.16
L04,2025-02-28,exp_packaging,-1706.2
L04,2025-02-28,exp_retail_cogs,-1255.59
L04,2025-02-28,exp_barista_wages,-12638.93
L04,2025-02-28,exp_shift_lead_wages,-4531.47
L04,2025-02-28,exp_store_manager_salary,-5381.92
L04,2025-02-28,exp_payroll_taxes,-2313.43
L04,2025-02-28,exp_employee_benefits,-1766.29
L04,2025-02-28,exp_overtime,-1002.17
L04,2025-02-28,exp_rent,-7499.64
L04,2025-02-28,exp_utilities,-1461.89
L04,2025-02-28,exp_property_insurance,-625.44
L04,2025-02-28,exp_cam,-845.14
L04,2025-02-28,exp_property_tax,-1034.39
L04,2025-02-28,exp_marketing,-1406.22
L04,2025-02-28,exp_pos_software,-575.57
L04,2025-02-28,exp_equipment_maintenance,-949.97
L04,2025-02-28,exp_cleaning,-571.37
L04,2025-02-28,exp_cc_fees,-1632.08
L04,2025-02-28,exp_office_supplies,-323.19
L04,2025-02-28,exp_waste_removal,-361.42
L04,2025-02-28,exp_corporate_overhead,-2454.44
L04,2025-02-28,exp_training,-382.03
L04,2025-02-28,exp_general_liability_ins,-467.92
L04,2025-02-28,exp_bank_fees,-229.89
L04,2025-02-28,exp_depreciation,-1455.07
L04,2025-02-28,exp_professional_fees,-626.49
L04,2025-03-31,rev_drip_coffee,13298.29
L04,2025-03-31,rev_espresso_drinks,18732.05
L04,2025-03-31,rev_cold_brew,8986.89
L04,2025-03-31,rev_specialty_seasonal,6080.28
L04,2025-03-31,rev_tea,2988.98
L04,2025-03-31,rev_pastries,7575.31
L04,2025-03-31,rev_sandwiches,7591.28
L04,2025-03-31,rev_breakfast,3834.12
L04,2025-03-31,rev_snacks,1929.07
L04,2025-03-31,rev_whole_bean,2599.97
L04,2025-03-31,rev_brew_equipment,1397.47
L04,2025-03-31,rev_merchandise,841.78
L04,2025-03-31,rev_gift_cards,1609.17
L04,2025-03-31,rev_catering,1979.3
L04,2025-03-31,rev_wholesale,1804.06
L04,2025-03-31,exp_coffee_beans,-8081.64
L04,2025-03-31,exp_dairy,-4606.29
L04,2025-03-31,exp_syrups,-1648.62
L04,2025-03-31,exp_food_ingredients,-3579.54
L04,2025-03-31,exp_packaging,-2044.39
L04,2025-03-31,exp_retail_cogs,-1321.77
L04,2025-03-31,exp_barista_wages,-15042.97
L04,2025-03-31,exp_shift_lead_wages,-4346.85
L04,2025-03-31,exp_store_manager_salary,-4980.95
L04,2025-03-31,exp_payroll_taxes,-2349.82
L04,2025-03-31,exp_employee_benefits,-2052.13
L04,2025-03-31,exp_overtime,-1065.6
L04,2025-03-31,exp_rent,-7220.9
L04,2025-03-31,exp_utilities,-1512.14
L04,2025-03-31,exp_property_insurance,-618.52
L04,2025-03-31,exp_cam,-875.81
L04,2025-03-31,exp_property_tax,-1043.71
L04,2025-03-31,exp_marketing,-1805.1
L04,2025-03-31,exp_pos_software,-626.16
L04,2025-03-31,exp_equipment_maintenance,-791.85
L04,2025-03-31,exp_cleaning,-595.98
L04,2025-03-31,exp_cc_fees,-1386.07
L04,2025-03-31,exp_office_supplies,-277.66
L04,2025-03-31,exp_waste_removal,-417.01
L04,2025-03-31,exp_corporate_overhead,-2326.77
L04,2025-03-31,exp_training,-493.82
L04,2025-03-31,exp_general_liability_ins,-334.98
L04,2025-03-31,exp_bank_fees,-238.52
L04,2025-03-31,exp_depreciation,-1158.17
L04,2025-03-31,exp_professional_fees,-726.7
L04,2025-04-30,rev_drip_coffee,12681.31
L04,2025-04-30,rev_espresso_drinks,19424.45
L04,2025-04-30,rev_cold_brew,7986.33
L04,2025-04-30,rev_specialty_seasonal,6311.15
L04,2025-04-30,rev_tea,3067.19
L04,2025-04-30,rev_pastries,6873.06
L04,2025-04-30,rev_sandwiches,6076.45
L04,2025-04-30,rev_breakfast,4308.24
L04,2025-04-30,rev_snacks,2404.82
L04,2025-04-30,rev_whole_bean,3511.29
L04,2025-04-30,rev_brew_equipment,1309.0
L04,2025-04-30,rev_merchandise,905.93
L04,2025-04-30,rev_gift_cards,1419.57
L04,2025-04-30,rev_catering,2118.06
L04,2025-04-30,rev_wholesale,1706.77
L04,2025-04-30,exp_coffee_beans,-8773.98
L04,2025-04-30,exp_dairy,-5289.0
L04,2025-04-30,exp_syrups,-1858.65
L04,2025-04-30,exp_food_ingredients,-3838.92
L04,2025-04-30,exp_packaging,-2055.02
L04,2025-04-30,exp_retail_cogs,-1394.99
L04,2025-04-30,exp_barista_wages,-14525.73
L04,2025-04-30,exp_shift_lead_wages,-4398.98
L04,2025-04-30,exp_store_manager_salary,-5255.44
L04,2025-04-30,exp_payroll_taxes,-2692.63
L04,2025-04-30,exp_employee_benefits,-2005.3
L04,2025-04-30,exp_overtime,-1136.92
L04,2025-04-30,exp_rent,-7310.31
L04,2025-04-30,exp_utilities,-1581.2
L04,2025-04-30,exp_property_insurance,-628.39
L04,2025-04-30,exp_cam,-835.72
L04,2025-04-30,exp_property_tax,-1030.71
L04,2025-04-30,exp_marketing,-1659.56
L04,2025-04-30,exp_pos_software,-592.66
L04,2025-04-30,exp_equipment_maintenance,-832.29
L04,2025-04-30,exp_cleaning,-688.45
L04,2025-04-30,exp_cc_fees,-1780.3
L04,2025-04-30,exp_office_supplies,-278.25
L04,2025-04-30,exp_waste_removal,-342.71
L04,2025-04-30,exp_corporate_overhead,-2151.93
L04,2025-04-30,exp_training,-468.52
L04,2025-04-30,exp_general_liability_ins,-542.61
L04,2025-04-30,exp_bank_fees,-217.67
L04,2025-04-30,exp_depreciation,-1392.03
L04,2025-04-30,exp_professional_fees,-587.04
L04,2025-05-31,rev_drip_coffee,14716.62
L04,2025-05-31,rev_espresso_drinks,19280.04
L04,2025-05-31,rev_cold_brew,10816.19
L04,2025-05-31,rev_specialty_seasonal,6693.13
L04,2025-05-31,rev_tea,3895.03
L04,2025-05-31,rev_pastries,7761.21
L04,2025-05-31,rev_sandwiches,7085.96
L04,2025-05-31,rev_breakfast,4316.74
L04,2025-05-31,rev_snacks,2559.55
L04,2025-05-31,rev_whole_bean,2841.33
L04,2025-05-31,rev_brew_equipment,1539.86
L04,2025-05-31,rev_merchandise,933.33
L04,2025-05-31,rev_gift_cards,1521.22
L04,2025-05-31,rev_catering,1904.11
L04,2025-05-31,rev_wholesale,1849.3
L04,2025-05-31,exp_coffee_beans,-9655.33
L04,2025-05-31,exp_dairy,-5727.23
L04,2025-05-31,exp_syrups,-1892.48
L04,2025-05-31,exp_food_ingredients,-4621.03
L04,2025-05-31,exp_packaging,-2050.76
L04,2025-05-31,exp_retail_cogs,-1537.95
L04,2025-05-31,exp_barista_wages,-14735.54
L04,2025-05-31,exp_shift_lead_wages,-4552.02
L04,2025-05-31,exp_store_manager_salary,-5333.77
L04,2025-05-31,exp_payroll_taxes,-2184.18
L04,2025-05-31,exp_employee_benefits,-2168.48
L04,2025-05-31,exp_overtime,-1106.01
L04,2025-05-31,exp_rent,-7231.06
L04,2025-05-31,exp_utilities,-1471.88
L04,2025-05-31,exp_property_insurance,-609.9
L04,2025-05-31,exp_cam,-877.85
L04,2025-05-31,exp_property_tax,-1079.78
L04,2025-05-31,exp_marketing,-1414.22
L04,2025-05-31,exp_pos_software,-563.43
L04,2025-05-31,exp_equipment_maintenance,-802.47
L04,2025-05-31,exp_cleaning,-724.69
L04,2025-05-31,exp_cc_fees,-1599.12
L04,2025-05-31,exp_office_supplies,-299.94
L04,2025-05-31,exp_waste_removal,-389.09
L04,2025-05-31,exp_corporate_overhead,-2153.23
L04,2025-05-31,exp_training,-569.01
L04,2025-05-31,exp_general_liability_ins,-476.97
L04,2025-05-31,exp_bank_fees,-211.11
L04,2025-05-31,exp_depreciation,-932.71
L04,2025-05-31,exp_professional_fees,-598.96
L04,2025-06-30,rev_drip_coffee,18743.18
L04,2025-06-30,rev_espresso_drinks,25736.06
L04,2025-06-30,rev_cold_brew,12492.53
L04,2025-06-30,rev_specialty_seasonal,6697.23
L04,2025-06-30,rev_tea,3405.03
L04,2025-06-30,rev_pastries,9573.34
L04,2025-06-30,rev_sandwiches,7794.47
L04,2025-06-30,rev_breakfast,4263.69
L04,2025-06-30,rev_snacks,2555.32
L04,2025-06-30,rev_whole_bean,2718.29
L04,2025-06-30,rev_brew_equipment,1416.54
L04,2025-06-30,rev_merchandise,1000.09
L04,2025-06-30,rev_gift_cards,1892.7
L04,2025-06-30,rev_catering,2058.99
L04,2025-06-30,rev_wholesale,1933.55
L04,2025-06-30,exp_coffee_beans,-10088.68
L04,2025-06-30,exp_dairy,-5227.94
L04,2025-06-30,exp_syrups,-2006.13
L04,2025-06-30,exp_food_ingredients,-4503.56
L04,2025-06-30,exp_packaging,-2380.09
L04,2025-06-30,exp_retail_cogs,-1547.83
L04,2025-06-30,exp_barista_wages,-15448.75
L04,2025-06-30,exp_shift_lead_wages,-5089.24
L04,2025-06-30,exp_store_manager_salary,-5274.06
L04,2025-06-30,exp_payroll_taxes,-2534.6
L04,2025-06-30,exp_employee_benefits,-2017.95
L04,2025-06-30,exp_overtime,-1175.65
L04,2025-06-30,exp_rent,-7473.55
L04,2025-06-30,exp_utilities,-1524.16
L04,2025-06-30,exp_property_insurance,-603.23
L04,2025-06-30,exp_cam,-850.26
L04,2025-06-30,exp_property_tax,-1067.27
L04,2025-06-30,exp_marketing,-1554.9
L04,2025-06-30,exp_pos_software,-592.62
L04,2025-06-30,exp_equipment_maintenance,-877.76
L04,2025-06-30,exp_cleaning,-655.36
L04,2025-06-30,exp_cc_fees,-1301.07
L04,2025-06-30,exp_office_supplies,-365.53
L04,2025-06-30,exp_waste_removal,-356.37
L04,2025-06-30,exp_corporate_overhead,-2493.2
L04,2025-06-30,exp_training,-459.48
L04,2025-06-30,exp_general_liability_ins,-423.95
L04,2025-06-30,exp_bank_fees,-221.86
L04,2025-06-30,exp_depreciation,-1398.33
L04,2025-06-30,exp_professional_fees,-615.56
L04,2025-07-31,rev_drip_coffee,17500.53
L04,2025-07-31,rev_espresso_drinks,23339.33
L04,2025-07-31,rev_cold_brew,15041.15
L04,2025-07-31,rev_specialty_seasonal,6680.14
L04,2025-07-31,rev_tea,4147.8
L04,2025-07-31,rev_pastries,8166.57
L04,2025-07-31,rev_sandwiches,8782.5
L04,2025-07-31,rev_breakfast,4546.55
L04,2025-07-31,rev_snacks,2620.91
L04,2025-07-31,rev_whole_bean,3740.81
L04,2025-07-31,rev_brew_equipment,1595.76
L04,2025-07-31,rev_merchandise,999.49
L04,2025-07-31,rev_gift_cards,1815.88
L04,2025-07-31,rev_catering,2681.82
L04,2025-07-31,rev_wholesale,1939.2
L04,2025-07-31,exp_coffee_beans,-9798.84
L04,2025-07-31,exp_dairy,-5791.0
L04,2025-07-31,exp_syrups,-2124.57
L04,2025-07-31,exp_food_ingredients,-4585.98
L04,2025-07-31,exp_packaging,-2454.41
L04,2025-07-31,exp_retail_cogs,-1595.2
L04,2025-07-31,exp_barista_wages,-15582.83
L04,2025-07-31,exp_shift_lead_wages,-4852.26
L04,2025-07-31,exp_store_manager_salary,-5344.61
L04,2025-07-31,exp_payroll_taxes,-2439.55
L04,2025-07-31,exp_employee_benefits,-2034.2
L04,2025-07-31,exp_overtime,-1282.45
L04,2025-07-31,exp_rent,-7343.98
L04,2025-07-31,exp_utilities,-1492.84
L04,2025-07-31,exp_property_insurance,-627.43
L04,2025-07-31,exp_cam,-874.25
L04,2025-07-31,exp_property_tax,-1062.4
L04,2025-07-31,exp_marketing,-1551.21
L04,2025-07-31,exp_pos_software,-555.21
L04,2025-07-31,exp_equipment_maintenance,-1057.39
L04,2025-07-31,exp_cleaning,-675.42
L04,2025-07-31,exp_cc_fees,-1512.96
L04,2025-07-31,exp_office_supplies,-343.35
L04,2025-07-31,exp_waste_removal,-425.2
L04,2025-07-31,exp_corporate_overhead,-2131.97
L04,2025-07-31,exp_training,-500.67
L04,2025-07-31,exp_general_liability_ins,-494.14
L04,2025-07-31,exp_bank_fees,-174.9
L04,2025-07-31,exp_depreciation,-1273.49
L04,2025-07-31,exp_professional_fees,-535.79
L04,2025-08-31,rev_drip_coffee,14537.25
L04,2025-08-31,rev_espresso_drinks,21822.66
L04,2025-08-31,rev_cold_brew,14946.34
L04,2025-08-31,rev_specialty_seasonal,6573.0
L04,2025-08-31,rev_tea,3507.94
L04,2025-08-31,rev_pastries,8304.39
L04,2025-08-31,rev_sandwiches,6819.58
L04,2025-08-31,rev_breakfast,4614.65
L04,2025-08-31,rev_snacks,2729.38
L04,2025-08-31,rev_whole_bean,3352.03
L04,2025-08-31,rev_brew_equipment,1498.77
L04,2025-08-31,rev_merchandise,1008.63
L04,2025-08-31,rev_gift_cards,1458.57
L04,2025-08-31,rev_catering,2496.84
L04,2025-08-31,rev_wholesale,2444.82
L04,2025-08-31,exp_coffee_beans,-9374.48
L04,2025-08-31,exp_dairy,-5503.4
L04,2025-08-31,exp_syrups,-2020.41
L04,2025-08-31,exp_food_ingredients,-4771.27
L04,2025-08-31,exp_packaging,-2257.99
L04,2025-08-31,exp_retail_cogs,-1372.13
L04,2025-08-31,exp_barista_wages,-16000.11
L04,2025-08-31,exp_shift_lead_wages,-5540.49
L04,2025-08-31,exp_store_manager_salary,-5893.59
L04,2025-08-31,exp_payroll_taxes,-2370.4
L04,2025-08-31,exp_employee_benefits,-2091.84
L04,2025-08-31,exp_overtime,-1085.14
L04,2025-08-31,exp_rent,-7530.04
L04,2025-08-31,exp_utilities,-1478.64
L04,2025-08-31,exp_property_insurance,-613.31
L04,2025-08-31,exp_cam,-833.4
L04,2025-08-31,exp_property_tax,-1025.05
L04,2025-08-31,exp_marketing,-1947.92
L04,2025-08-31,exp_pos_software,-590.18
L04,2025-08-31,exp_equipment_maintenance,-845.0
L04,2025-08-31,exp_cleaning,-583.98
L04,2025-08-31,exp_cc_fees,-1263.6
L04,2025-08-31,exp_office_supplies,-280.25
L04,2025-08-31,exp_waste_removal,-390.61
L04,2025-08-31,exp_corporate_overhead,-2482.83
L04,2025-08-31,exp_training,-462.47
L04,2025-08-31,exp_general_liability_ins,-523.26
L04,2025-08-31,exp_bank_fees,-183.66
L04,2025-08-31,exp_depreciation,-1241.64
L04,2025-08-31,exp_professional_fees,-537.89
L04,2025-09-30,rev_drip_coffee,15790.97
L04,2025-09-30,rev_espresso_drinks,24745.85
L04,2025-09-30,rev_cold_brew,8494.96
L04,2025-09-30,rev_specialty_seasonal,6082.88
L04,2025-09-30,rev_tea,3777.92
L04,2025-09-30,rev_pastries,6781.1
L04,2025-09-30,rev_sandwiches,7278.11
L04,2025-09-30,rev_breakfast,4541.39
L04,2025-09-30,rev_snacks,2335.35
L04,2025-09-30,rev_whole_bean,3265.77
L04,2025-09-30,rev_brew_equipment,1611.68
L04,2025-09-30,rev_merchandise,1049.71
L04,2025-09-30,rev_gift_cards,1606.48
L04,2025-09-30,rev_catering,2125.37
L04,2025-09-30,rev_wholesale,1682.62
L04,2025-09-30,exp_coffee_beans,-9173.6
L04,2025-09-30,exp_dairy,-4781.61
L04,2025-09-30,exp_syrups,-1783.5
L04,2025-09-30,exp_food_ingredients,-4108.96
L04,2025-09-30,exp_packaging,-1946.24
L04,2025-09-30,exp_retail_cogs,-1445.99
L04,2025-09-30,exp_barista_wages,-17246.66
L04,2025-09-30,exp_shift_lead_wages,-4601.58
L04,2025-09-30,exp_store_manager_salary,-5343.45
L04,2025-09-30,exp_payroll_taxes,-2609.44
L04,2025-09-30,exp_employee_benefits,-2015.15
L04,2025-09-30,exp_overtime,-1233.23
L04,2025-09-30,exp_rent,-7373.06
L04,2025-09-30,exp_utilities,-1499.97
L04,2025-09-30,exp_property_insurance,-590.56
L04,2025-09-30,exp_cam,-820.48
L04,2025-09-30,exp_property_tax,-998.33
L04,2025-09-30,exp_marketing,-1760.22
L04,2025-09-30,exp_pos_software,-504.57
L04,2025-09-30,exp_equipment_maintenance,-1007.43
L04,2025-09-30,exp_cleaning,-661.51
L04,2025-09-30,exp_cc_fees,-1516.6
L04,2025-09-30,exp_office_supplies,-293.3
L04,2025-09-30,exp_waste_removal,-410.32
L04,2025-09-30,exp_corporate_overhead,-2079.27
L04,2025-09-30,exp_training,-441.65
L04,2025-09-30,exp_general_liability_ins,-505.98
L04,2025-09-30,exp_bank_fees,-204.87
L04,2025-09-30,exp_depreciation,-1242.04
L04,2025-09-30,exp_professional_fees,-641.66
L04,2025-10-31,rev_drip_coffee,14354.64
L04,2025-10-31,rev_espresso_drinks,21411.19
L04,2025-10-31,rev_cold_brew,9061.29
L04,2025-10-31,rev_specialty_seasonal,7149.36
L04,2025-10-31,rev_tea,3207.55
L04,2025-10-31,rev_pastries,8454.34
L04,2025-10-31,rev_sandwiches,6722.81
L04,2025-10-31,rev_breakfast,4317.89
L04,2025-10-31,rev_snacks,2408.96
L04,2025-10-31,rev_whole_bean,3348.1
L04,2025-10-31,rev_brew_equipment,1291.84
L04,2025-10-31,rev_merchandise,966.96
L04,2025-10-31,rev_gift_cards,1816.64
L04,2025-10-31,rev_catering,2131.35
L04,2025-10-31,rev_wholesale,1785.63
L04,2025-10-31,exp_coffee_beans,-8350.43
L04,2025-10-31,exp_dairy,-4945.88
L04,2025-10-31,exp_syrups,-1922.43
L04,2025-10-31,exp_food_ingredients,-3806.57
L04,2025-10-31,exp_packaging,-1865.1
L04,2025-10-31,exp_retail_cogs,-1510.68
L04,2025-10-31,exp_barista_wages,-15369.38
L04,2025-10-31,exp_shift_lead_wages,-5178.79
L04,2025-10-31,exp_store_manager_salary,-5291.17
L04,2025-10-31,exp_payroll_taxes,-2456.26
L04,2025-10-31,exp_employee_benefits,-1890.93
L04,2025-10-31,exp_overtime,-1134.81
L04,2025-10-31,exp_rent,-7088.1
L04,2025-10-31,exp_utilities,-1528.11
L04,2025-10-31,exp_property_insurance,-616.37
L04,2025-10-31,exp_cam,-846.97
L04,2025-10-31,exp_property_tax,-1028.29
L04,2025-10-31,exp_marketing,-1544.15
L04,2025-10-31,exp_pos_software,-626.65
L04,2025-10-31,exp_equipment_maintenance,-790.23
L04,2025-10-31,exp_cleaning,-693.27
L04,2025-10-31,exp_cc_fees,-1877.05
L04,2025-10-31,exp_office_supplies,-367.92
L04,2025-10-31,exp_waste_removal,-328.14
L04,2025-10-31,exp_corporate_overhead,-2139.82
L04,2025-10-31,exp_training,-510.57
L04,2025-10-31,exp_general_liability_ins,-449.06
L04,2025-10-31,exp_bank_fees,-170.17
L04,2025-10-31,exp_depreciation,-1320.93
L04,2025-10-31,exp_professional_fees,-602.38
L04,2025-11-30,rev_drip_coffee,17864.47
L04,2025-11-30,rev_espresso_drinks,21982.08
L04,2025-11-30,rev_cold_brew,11448.77
L04,2025-11-30,rev_specialty_seasonal,8631.37
L04,2025-11-30,rev_tea,3333.85
L04,2025-11-30,rev_pastries,8588.7
L04,2025-11-30,rev_sandwiches,8011.17
L04,2025-11-30,rev_breakfast,4044.97
L04,2025-11-30,rev_snacks,2462.08
L04,2025-11-30,rev_whole_bean,2946.0
L04,2025-11-30,rev_brew_equipment,1474.09
L04,2025-11-30,rev_merchandise,1025.95
L04,2025-11-30,rev_gift_cards,1649.97
L04,2025-11-30,rev_catering,2303.67
L04,2025-11-30,rev_wholesale,1749.32
L04,2025-11-30,exp_coffee_beans,-8960.63
L04,2025-11-30,exp_dairy,-5913.54
L04,2025-11-30,exp_syrups,-1919.54
L04,2025-11-30,exp_food_ingredients,-4111.52
L04,2025-11-30,exp_packaging,-2080.62
L04,2025-11-30,exp_retail_cogs,-1389.32
L04,2025-11-30,exp_barista_wages,-14410.69
L04,2025-11-30,exp_shift_lead_wages,-5147.11
L04,2025-11-30,exp_store_manager_salary,-5584.6
L04,2025-11-30,exp_payroll_taxes,-2811.48
L04,2025-11-30,exp_employee_benefits,-2027.78
L04,2025-11-30,exp_overtime,-1162.88
L04,2025-11-30,exp_rent,-7443.05
L04,2025-11-30,exp_utilities,-1426.88
L04,2025-11-30,exp_property_insurance,-614.91
L04,2025-11-30,exp_cam,-847.11
L04,2025-11-30,exp_property_tax,-1067.18
L04,2025-11-30,exp_marketing,-1859.49
L04,2025-11-30,exp_pos_software,-517.92
L04,2025-11-30,exp_equipment_maintenance,-1006.23
L04,2025-11-30,exp_cleaning,-642.21
L04,2025-11-30,exp_cc_fees,-1413.96
L04,2025-11-30,exp_office_supplies,-326.65
L04,2025-11-30,exp_waste_removal,-378.45
L04,2025-11-30,exp_corporate_overhead,-2609.06
L04,2025-11-30,exp_training,-506.61
L04,2025-11-30,exp_general_liability_ins,-461.54
L04,2025-11-30,exp_bank_fees,-215.67
L04,2025-11-30,exp_depreciation,-1410.92
L04,2025-11-30,exp_professional_fees,-650.23
L04,2025-12-31,rev_drip_coffee,19487.42
L04,2025-12-31,rev_espresso_drinks,26579.22
L04,2025-12-31,rev_cold_brew,11986.33
L04,2025-12-31,rev_specialty_seasonal,11925.71
L04,2025-12-31,rev_tea,4073.65
L04,2025-12-31,rev_pastries,9196.89
L04,2025-12-31,rev_sandwiches,9474.6
L04,2025-12-31,rev_breakfast,5590.38
L04,2025-12-31,rev_snacks,2774.07
L04,2025-12-31,rev_whole_bean,3605.66
L04,2025-12-31,rev_brew_equipment,1887.45
L04,2025-12-31,rev_merchandise,1155.77
L04,2025-12-31,rev_gift_cards,1979.8
L04,2025-12-31,rev_catering,2586.83
L04,2025-12-31,rev_wholesale,2230.08
L04,2025-12-31,exp_coffee_beans,-10449.97
L04,2025-12-31,exp_dairy,-5936.38
L04,2025-12-31,exp_syrups,-2174.43
L04,2025-12-31,exp_food_ingredients,-4954.42
L04,2025-12-31,exp_packaging,-2343.09
L04,2025-12-31,exp_retail_cogs,-1782.73
L04,2025-12-31,exp_barista_wages,-17530.48
L04,2025-12-31,exp_shift_lead_wages,-5340.1
L04,2025-12-31,exp_store_manager_salary,-5874.32
L04,2025-12-31,exp_payroll_taxes,-2799.13
L04,2025-12-31,exp_employee_benefits,-2172.87
L04,2025-12-31,exp_overtime,-1144.23
L04,2025-12-31,exp_rent,-7447.73
L04,2025-12-31,exp_utilities,-1511.86
L04,2025-12-31,exp_property_insurance,-644.17
L04,2025-12-31,exp_cam,-872.66
L04,2025-12-31,exp_property_tax,-1051.12
L04,2025-12-31,exp_marketing,-1738.15
L04,2025-12-31,exp_pos_software,-593.7
L04,2025-12-31,exp_equipment_maintenance,-805.22
L04,2025-12-31,exp_cleaning,-544.82
L04,2025-12-31,exp_cc_fees,-1418.92
L04,2025-12-31,exp_office_supplies,-318.81
L04,2025-12-31,exp_waste_removal,-304.95
L04,2025-12-31,exp_corporate_overhead,-2138.1
L04,2025-12-31,exp_training,-477.79
L04,2025-12-31,exp_general_liability_ins,-442.49
L04,2025-12-31,exp_bank_fees,-184.76
L04,2025-12-31,exp_depreciation,-1228.48
L04,2025-12-31,exp_professional_fees,-706.93
L05,2023-01-31,rev_drip_coffee,7204.29
L05,2023-01-31,rev_espresso_drinks,10863.7
L05,2023-01-31,rev_cold_brew,5086.06
L05,2023-01-31,rev_specialty_seasonal,4388.98
L05,2023-01-31,rev_tea,1659.74
L05,2023-01-31,rev_pastries,4272.83
L05,2023-01-31,rev_sandwiches,3468.59
L05,2023-01-31,rev_breakfast,1945.9
L05,2023-01-31,rev_snacks,1192.25
L05,2023-01-31,rev_whole_bean,1627.73
L05,2023-01-31,rev_brew_equipment,613.3
L05,2023-01-31,rev_merchandise,466.62
L05,2023-01-31,rev_gift_cards,890.05
L05,2023-01-31,rev_catering,1185.67
L05,2023-01-31,rev_wholesale,1103.31
L05,2023-01-31,exp_coffee_beans,-2938.84
L05,2023-01-31,exp_dairy,-1741.03
L05,2023-01-31,exp_syrups,-651.17
L05,2023-01-31,exp_food_ingredients,-1341.73
L05,2023-01-31,exp_packaging,-636.48
L05,2023-01-31,exp_retail_cogs,-472.91
L05,2023-01-31,exp_barista_wages,-6919.72
L05,2023-01-31,exp_shift_lead_wages,-2234.84
L05,2023-01-31,exp_store_manager_salary,-2526.2
L05,2023-01-31,exp_payroll_taxes,-1206.36
L05,2023-01-31,exp_employee_benefits,-914.42
L05,2023-01-31,exp_overtime,-521.38
L05,2023-01-31,exp_rent,-4545.36
L05,2023-01-31,exp_utilities,-922.19
L05,2023-01-31,exp_property_insurance,-361.19
L05,2023-01-31,exp_cam,-505.02
L05,2023-01-31,exp_property_tax,-621.17
L05,2023-01-31,exp_marketing,-948.47
L05,2023-01-31,exp_pos_software,-373.19
L05,2023-01-31,exp_equipment_maintenance,-561.08
L05,2023-01-31,exp_cleaning,-447.67
L05,2023-01-31,exp_cc_fees,-1025.42
L05,2023-01-31,exp_office_supplies,-217.57
L05,2023-01-31,exp_waste_removal,-251.38
L05,2023-01-31,exp_corporate_overhead,-1416.19
L05,2023-01-31,exp_training,-333.58
L05,2023-01-31,exp_general_liability_ins,-302.93
L05,2023-01-31,exp_bank_fees,-125.94
L05,2023-01-31,exp_depreciation,-879.42
L05,2023-01-31,exp_professional_fees,-283.12
L05,2023-02-28,rev_drip_coffee,7203.39
L05,2023-02-28,rev_espresso_drinks,10419.41
L05,2023-02-28,rev_cold_brew,5443.95
L05,2023-02-28,rev_specialty_seasonal,5147.15
L05,2023-02-28,rev_tea,1528.64
L05,2023-02-28,rev_pastries,4301.77
L05,2023-02-28,rev_sandwiches,3180.49
L05,2023-02-28,rev_breakfast,1894.9
L05,2023-02-28,rev_snacks,1147.86
L05,2023-02-28,rev_whole_bean,1536.54
L05,2023-02-28,rev_brew_equipment,623.27
L05,2023-02-28,rev_merchandise,481.54
L05,2023-02-28,rev_gift_cards,858.0
L05,2023-02-28,rev_catering,1213.28
L05,2023-02-28,rev_wholesale,883.74
L05,2023-02-28,exp_coffee_beans,-2699.01
L05,2023-02-28,exp_dairy,-1584.93
L05,2023-02-28,exp_syrups,-605.65
L05,2023-02-28,exp_food_ingredients,-1084.87
L05,2023-02-28,exp_packaging,-587.76
L05,2023-02-28,exp_retail_cogs,-441.05
L05,2023-02-28,exp_barista_wages,-6649.2
L05,2023-02-28,exp_shift_lead_wages,-2171.58
L05,2023-02-28,exp_store_manager_salary,-2591.16
L05,2023-02-28,exp_payroll_taxes,-1124.22
L05,2023-02-28,exp_employee_benefits,-948.98
L05,2023-02-28,exp_overtime,-560.55
L05,2023-02-28,exp_rent,-4486.78
L05,2023-02-28,exp_utilities,-916.35
L05,2023-02-28,exp_property_insurance,-374.43
L05,2023-02-28,exp_cam,-520.09
L05,2023-02-28,exp_property_tax,-613.63
L05,2023-02-28,exp_marketing,-1088.34
L05,2023-02-28,exp_pos_software,-342.17
L05,2023-02-28,exp_equipment_maintenance,-618.33
L05,2023-02-28,exp_cleaning,-428.48
L05,2023-02-28,exp_cc_fees,-1065.21
L05,2023-02-28,exp_office_supplies,-176.64
L05,2023-02-28,exp_waste_removal,-228.16
L05,2023-02-28,exp_corporate_overhead,-1214.76
L05,2023-02-28,exp_training,-279.35
L05,2023-02-28,exp_general_liability_ins,-312.16
L05,2023-02-28,exp_bank_fees,-139.43
L05,2023-02-28,exp_depreciation,-690.66
L05,2023-02-28,exp_professional_fees,-352.94
L05,2023-03-31,rev_drip_coffee,7912.86
L05,2023-03-31,rev_espresso_drinks,12070.47
L05,2023-03-31,rev_cold_brew,4623.27
L05,2023-03-31,rev_specialty_seasonal,2967.63
L05,2023-03-31,rev_tea,1939.93
L05,2023-03-31,rev_pastries,3522.22
L05,2023-03-31,rev_sandwiches,3653.11
L05,2023-03-31,rev_breakfast,2280.34
L05,2023-03-31,rev_snacks,1304.83
L05,2023-03-31,rev_whole_bean,1682.79
L05,2023-03-31,rev_brew_equipment,746.19
L05,2023-03-31,rev_merchandise,527.54
L05,2023-03-31,rev_gift_cards,898.54
L05,2023-03-31,rev_catering,1145.41
L05,2023-03-31,rev_wholesale,991.29
L05,2023-03-31,exp_coffee_beans,-2975.42
L05,2023-03-31,exp_dairy,-1860.83
L05,2023-03-31,exp_syrups,-626.64
L05,2023-03-31,exp_food_ingredients,-1447.41
L05,2023-03-31,exp_packaging,-646.06
L05,2023-03-31,exp_retail_cogs,-463.53
L05,2023-03-31,exp_barista_wages,-7175.92
L05,2023-03-31,exp_shift_lead_wages,-2237.88
L05,2023-03-31,exp_store_manager_salary,-2510.33
L05,2023-03-31,exp_payroll_taxes,-1288.74
L05,2023-03-31,exp_employee_benefits,-1018.7
L05,2023-03-31,exp_overtime,-542.68
L05,2023-03-31,exp_rent,-4565.94
L05,2023-03-31,exp_utilities,-928.86
L05,2023-03-31,exp_property_insurance,-381.08
L05,2023-03-31,exp_cam,-506.18
L05,2023-03-31,exp_property_tax,-633.9
L05,2023-03-31,exp_marketing,-1034.29
L05,2023-03-31,exp_pos_software,-380.68
L05,2023-03-31,exp_equipment_maintenance,-514.56
L05,2023-03-31,exp_cleaning,-303.43
L05,2023-03-31,exp_cc_fees,-850.48
L05,2023-03-31,exp_office_supplies,-195.31
L05,2023-03-31,exp_waste_removal,-238.48
L05,2023-03-31,exp_corporate_overhead,-1620.66
L05,2023-03-31,exp_training,-318.05
L05,2023-03-31,exp_general_liability_ins,-279.68
L05,2023-03-31,exp_bank_fees,-120.98
L05,2023-03-31,exp_depreciation,-866.4
L05,2023-03-31,exp_professional_fees,-348.07
L05,2023-04-30,rev_drip_coffee,8286.36
L05,2023-04-30,rev_espresso_drinks,11079.51
L05,2023-04-30,rev_cold_brew,6306.94
L05,2023-04-30,rev_specialty_seasonal,3695.86
L05,2023-04-30,rev_tea,1853.84
L05,2023-04-30,rev_pastries,4352.27
L05,2023-04-30,rev_sandwiches,4150.52
L05,2023-04-30,rev_breakfast,2322.1
L05,2023-04-30,rev_snacks,1272.47
L05,2023-04-30,rev_whole_bean,1697.89
L05,2023-04-30,rev_brew_equipment,831.08
L05,2023-04-30,rev_merchandise,505.26
L05,2023-04-30,rev_gift_cards,891.17
L05,2023-04-30,rev_catering,1135.61
L05,2023-04-30,rev_wholesale,1046.79
L05,2023-04-30,exp_coffee_beans,-3045.29
L05,2023-04-30,exp_dairy,-1774.79
L05,2023-04-30,exp_syrups,-640.98
L05,2023-04-30,exp_food_ingredients,-1490.08
L05,2023-04-30,exp_packaging,-726.08
L05,2023-04-30,exp_retail_cogs,-514.9
L05,2023-04-30,exp_barista_wages,-7290.65
L05,2023-04-30,exp_shift_lead_wages,-2216.11
L05,2023-04-30,exp_store_manager_salary,-2545.44
L05,2023-04-30,exp_payroll_taxes,-1173.98
L05,2023-04-30,exp_employee_benefits,-984.37
L05,2023-04-30,exp_overtime,-535.33
L05,2023-04-30,exp_rent,-4516.74
L05,2023-04-30,exp_utilities,-906.88
L05,2023-04-30,exp_property_insurance,-363.19
L05,2023-04-30,exp_cam,-528.69
L05,2023-04-30,exp_property_tax,-629.72
L05,2023-04-30,exp_marketing,-953.25
L05,2023-04-30,exp_pos_software,-319.14
L05,2023-04-30,exp_equipment_maintenance,-572.29
L05,2023-04-30,exp_cleaning,-460.2
L05,2023-04-30,exp_cc_fees,-915.19
L05,2023-04-30,exp_office_supplies,-192.27
L05,2023-04-30,exp_waste_removal,-262.36
L05,2023-04-30,exp_corporate_overhead,-1135.98
L05,2023-04-30,exp_training,-359.65
L05,2023-04-30,exp_general_liability_ins,-345.22
L05,2023-04-30,exp_bank_fees,-88.52
L05,2023-04-30,exp_depreciation,-772.64
L05,2023-04-30,exp_professional_fees,-343.3
L05,2023-05-31,rev_drip_coffee,8613.04
L05,2023-05-31,rev_espresso_drinks,12317.45
L05,2023-05-31,rev_cold_brew,6333.42
L05,2023-05-31,rev_specialty_seasonal,3728.63
L05,2023-05-31,rev_tea,1912.96
L05,2023-05-31,rev_pastries,4548.58
L05,2023-05-31,rev_sandwiches,4359.76
L05,2023-05-31,rev_breakfast,2252.5
L05,2023-05-31,rev_snacks,1211.95
L05,2023-05-31,rev_whole_bean,2181.17
L05,2023-05-31,rev_brew_equipment,805.94
L05,2023-05-31,rev_merchandise,540.17
L05,2023-05-31,rev_gift_cards,940.07
L05,2023-05-31,rev_catering,1393.63
L05,2023-05-31,rev_wholesale,1247.26
L05,2023-05-31,exp_coffee_beans,-3320.36
L05,2023-05-31,exp_dairy,-1750.2
L05,2023-05-31,exp_syrups,-620.28
L05,2023-05-31,exp_food_ingredients,-1478.09
L05,2023-05-31,exp_packaging,-726.67
L05,2023-05-31,exp_retail_cogs,-480.81
L05,2023-05-31,exp_barista_wages,-7885.72
L05,2023-05-31,exp_shift_lead_wages,-2179.05
L05,2023-05-31,exp_store_manager_salary,-3006.33
L05,2023-05-31,exp_payroll_taxes,-1371.96
L05,2023-05-31,exp_employee_benefits,-984.11
L05,2023-05-31,exp_overtime,-585.89
L05,2023-05-31,exp_rent,-4397.01
L05,2023-05-31,exp_utilities,-936.27
L05,2023-05-31,exp_property_insurance,-371.93
L05,2023-05-31,exp_cam,-508.85
L05,2023-05-31,exp_property_tax,-632.08
L05,2023-05-31,exp_marketing,-991.87
L05,2023-05-31,exp_pos_software,-346.68
L05,2023-05-31,exp_equipment_maintenance,-601.2
L05,2023-05-31,exp_cleaning,-372.8
L05,2023-05-31,exp_cc_fees,-1119.09
L05,2023-05-31,exp_office_supplies,-170.47
L05,2023-05-31,exp_waste_removal,-275.24
L05,2023-05-31,exp_corporate_overhead,-1246.1
L05,2023-05-31,exp_training,-300.51
L05,2023-05-31,exp_general_liability_ins,-263.82
L05,2023-05-31,exp_bank_fees,-117.2
L05,2023-05-31,exp_depreciation,-842.77
L05,2023-05-31,exp_professional_fees,-425.37
L05,2023-06-30,rev_drip_coffee,10280.01
L05,2023-06-30,rev_espresso_drinks,13153.33
L05,2023-06-30,rev_cold_brew,8690.21
L05,2023-06-30,rev_specialty_seasonal,3762.25
L05,2023-06-30,rev_tea,2026.29
L05,2023-06-30,rev_pastries,4468.44
L05,2023-06-30,rev_sandwiches,4310.12
L05,2023-06-30,rev_breakfast,2706.99
L05,2023-06-30,rev_snacks,1261.11
L05,2023-06-30,rev_whole_bean,1999.23
L05,2023-06-30,rev_brew_equipment,1016.15
L05,2023-06-30,rev_merchandise,634.87
L05,2023-06-30,rev_gift_cards,987.22
L05,2023-06-30,rev_catering,1264.95
L05,2023-06-30,rev_wholesale,1208.03
L05,2023-06-30,exp_coffee_beans,-3043.1
L05,2023-06-30,exp_dairy,-2132.4
L05,2023-06-30,exp_syrups,-703.24
L05,2023-06-30,exp_food_ingredients,-1756.03
L05,2023-06-30,exp_packaging,-717.82
L05,2023-06-30,exp_retail_cogs,-586.94
L05,2023-06-30,exp_barista_wages,-7636.14
L05,2023-06-30,exp_shift_lead_wages,-2335.21
L05,2023-06-30,exp_store_manager_salary,-2588.36
L05,2023-06-30,exp_payroll_taxes,-1309.39
L05,2023-06-30,exp_employee_benefits,-1062.51
L05,2023-06-30,exp_overtime,-645.97
L05,2023-06-30,exp_rent,-4598.97
L05,2023-06-30,exp_utilities,-913.75
L05,2023-06-30,exp_property_insurance,-368.13
L05,2023-06-30,exp_cam,-505.93
L05,2023-06-30,exp_property_tax,-654.49
L05,2023-06-30,exp_marketing,-959.37
L05,2023-06-30,exp_pos_software,-411.38
L05,2023-06-30,exp_equipment_maintenance,-577.89
L05,2023-06-30,exp_cleaning,-417.92
L05,2023-06-30,exp_cc_fees,-924.37
L05,2023-06-30,exp_office_supplies,-209.49
L05,2023-06-30,exp_waste_removal,-236.6
L05,2023-06-30,exp_corporate_overhead,-1335.89
L05,2023-06-30,exp_training,-321.46
L05,2023-06-30,exp_general_liability_ins,-273.43
L05,2023-06-30,exp_bank_fees,-111.68
L05,2023-06-30,exp_depreciation,-827.05
L05,2023-06-30,exp_professional_fees,-367.53
L05,2023-07-31,rev_drip_coffee,10014.42
L05,2023-07-31,rev_espresso_drinks,13450.93
L05,2023-07-31,rev_cold_brew,7942.78
L05,2023-07-31,rev_specialty_seasonal,4692.85
L05,2023-07-31,rev_tea,2539.43
L05,2023-07-31,rev_pastries,5408.51
L05,2023-07-31,rev_sandwiches,4443.82
L05,2023-07-31,rev_breakfast,2659.61
L05,2023-07-31,rev_snacks,1697.76
L05,2023-07-31,rev_whole_bean,2002.1
L05,2023-07-31,rev_brew_equipment,883.43
L05,2023-07-31,rev_merchandise,687.78
L05,2023-07-31,rev_gift_cards,1059.39
L05,2023-07-31,rev_catering,1669.11
L05,2023-07-31,rev_wholesale,1062.54
L05,2023-07-31,exp_coffee_beans,-3625.68
L05,2023-07-31,exp_dairy,-2289.18
L05,2023-07-31,exp_syrups,-730.96
L05,2023-07-31,exp_food_ingredients,-1630.01
L05,2023-07-31,exp_packaging,-759.6
L05,2023-07-31,exp_retail_cogs,-607.4
L05,2023-07-31,exp_barista_wages,-7395.44
L05,2023-07-31,exp_shift_lead_wages,-2390.96
L05,2023-07-31,exp_store_manager_salary,-2635.48
L05,2023-07-31,exp_payroll_taxes,-1395.12
L05,2023-07-31,exp_employee_benefits,-1101.97
L05,2023-07-31,exp_overtime,-587.77
L05,2023-07-31,exp_rent,-4404.02
L05,2023-07-31,exp_utilities,-953.14
L05,2023-07-31,exp_property_insurance,-372.92
L05,2023-07-31,exp_cam,-508.67
L05,2023-07-31,exp_property_tax,-613.35
L05,2023-07-31,exp_marketing,-973.13
L05,2023-07-31,exp_pos_software,-306.21
L05,2023-07-31,exp_equipment_maintenance,-514.86
L05,2023-07-31,exp_cleaning,-434.69
L05,2023-07-31,exp_cc_fees,-917.83
L05,2023-07-31,exp_office_supplies,-203.5
L05,2023-07-31,exp_waste_removal,-219.82
L05,2023-07-31,exp_corporate_overhead,-1396.14
L05,2023-07-31,exp_training,-358.27
L05,2023-07-31,exp_general_liability_ins,-267.75
L05,2023-07-31,exp_bank_fees,-126.04
L05,2023-07-31,exp_depreciation,-658.1
L05,2023-07-31,exp_professional_fees,-426.12
L05,2023-08-31,rev_drip_coffee,8866.52
L05,2023-08-31,rev_espresso_drinks,14472.9
L05,2023-08-31,rev_cold_brew,8328.16
L05,2023-08-31,rev_specialty_seasonal,4134.54
L05,2023-08-31,rev_tea,2277.6
L05,2023-08-31,rev_pastries,4656.85
L05,2023-08-31,rev_sandwiches,4769.9
L05,2023-08-31,rev_breakfast,2448.33
L05,2023-08-31,rev_snacks,1553.24
L05,2023-08-31,rev_whole_bean,1909.32
L05,2023-08-31,rev_brew_equipment,914.95
L05,2023-08-31,rev_merchandise,551.03
L05,2023-08-31,rev_gift_cards,1021.28
L05,2023-08-31,rev_catering,1278.41
L05,2023-08-31,rev_wholesale,1167.02
L05,2023-08-31,exp_coffee_beans,-3387.92
L05,2023-08-31,exp_dairy,-1930.59
L05,2023-08-31,exp_syrups,-696.22
L05,2023-08-31,exp_food_ingredients,-1590.58
L05,2023-08-31,exp_packaging,-747.85
L05,2023-08-31,exp_retail_cogs,-547.61
L05,2023-08-31,exp_barista_wages,-7174.33
L05,2023-08-31,exp_shift_lead_wages,-2701.06
L05,2023-08-31,exp_store_manager_salary,-2980.81
L05,2023-08-31,exp_payroll_taxes,-1276.97
L05,2023-08-31,exp_employee_benefits,-1086.14
L05,2023-08-31,exp_overtime,-511.01
L05,2023-08-31,exp_rent,-4277.48
L05,2023-08-31,exp_utilities,-917.35
L05,2023-08-31,exp_property_insurance,-365.32
L05,2023-08-31,exp_cam,-517.7
L05,2023-08-31,exp_property_tax,-638.37
L05,2023-08-31,exp_marketing,-1136.08
L05,2023-08-31,exp_pos_software,-317.55
L05,2023-08-31,exp_equipment_maintenance,-571.0
L05,2023-08-31,exp_cleaning,-405.15
L05,2023-08-31,exp_cc_fees,-986.77
L05,2023-08-31,exp_office_supplies,-186.29
L05,2023-08-31,exp_waste_removal,-269.74
L05,2023-08-31,exp_corporate_overhead,-1372.74
L05,2023-08-31,exp_training,-353.86
L05,2023-08-31,exp_general_liability_ins,-255.49
L05,2023-08-31,exp_bank_fees,-130.39
L05,2023-08-31,exp_depreciation,-775.59
L05,2023-08-31,exp_professional_fees,-357.77
L05,2023-09-30,rev_drip_coffee,8980.42
L05,2023-09-30,rev_espresso_drinks,12083.59
L05,2023-09-30,rev_cold_brew,4546.97
L05,2023-09-30,rev_specialty_seasonal,2759.43
L05,2023-09-30,rev_tea,2208.39
L05,2023-09-30,rev_pastries,4921.3
L05,2023-09-30,rev_sandwiches,4681.85
L05,2023-09-30,rev_breakfast,2413.64
L05,2023-09-30,rev_snacks,1215.68
L05,2023-09-30,rev_whole_bean,1766.16
L05,2023-09-30,rev_brew_equipment,826.08
L05,2023-09-30,rev_merchandise,487.82
L05,2023-09-30,rev_gift_cards,1067.63
L05,2023-09-30,rev_catering,1529.3
L05,2023-09-30,rev_wholesale,1101.73
L05,2023-09-30,exp_coffee_beans,-3132.9
L05,2023-09-30,exp_dairy,-1720.75
L05,2023-09-30,exp_syrups,-697.42
L05,2023-09-30,exp_food_ingredients,-1470.68
L05,2023-09-30,exp_packaging,-705.16
L05,2023-09-30,exp_retail_cogs,-523.37
L05,2023-09-30,exp_barista_wages,-7183.33
L05,2023-09-30,exp_shift_lead_wages,-2329.23
L05,2023-09-30,exp_store_manager_salary,-2496.43
L05,2023-09-30,exp_payroll_taxes,-1305.03
L05,2023-09-30,exp_employee_benefits,-983.32
L05,2023-09-30,exp_overtime,-604.75
L05,2023-09-30,exp_rent,-4489.95
L05,2023-09-30,exp_utilities,-922.22
L05,2023-09-30,exp_property_insurance,-366.56
L05,2023-09-30,exp_cam,-528.07
L05,2023-09-30,exp_property_tax,-624.62
L05,2023-09-30,exp_marketing,-989.72
L05,2023-09-30,exp_pos_software,-358.37
L05,2023-09-30,exp_equipment_maintenance,-555.72
L05,2023-09-30,exp_cleaning,-335.55
L05,2023-09-30,exp_cc_fees,-931.62
L05,2023-09-30,exp_office_supplies,-212.13
L05,2023-09-30,exp_waste_removal,-228.0
L05,2023-09-30,exp_corporate_overhead,-1355.93
L05,2023-09-30,exp_training,-305.42
L05,2023-09-30,exp_general_liability_ins,-273.93
L05,2023-09-30,exp_bank_fees,-108.86
L05,2023-09-30,exp_depreciation,-777.41
L05,2023-09-30,exp_professional_fees,-406.66
L05,2023-10-31,rev_drip_coffee,7675.67
L05,2023-10-31,rev_espresso_drinks,11773.54
L05,2023-10-31,rev_cold_brew,5037.96
L05,2023-10-31,rev_specialty_seasonal,3853.21
L05,2023-10-31,rev_tea,1950.54
L05,2023-10-31,rev_pastries,4093.73
L05,2023-10-31,rev_sandwiches,4017.36
L05,2023-10-31,rev_breakfast,2141.47
L05,2023-10-31,rev_snacks,1219.4
L05,2023-10-31,rev_whole_bean,1582.39
L05,2023-10-31,rev_brew_equipment,740.09
L05,2023-10-31,rev_merchandise,576.65
L05,2023-10-31,rev_gift_cards,870.5
L05,2023-10-31,rev_catering,1318.94
L05,2023-10-31,rev_wholesale,970.72
L05,2023-10-31,exp_coffee_beans,-3189.85
L05,2023-10-31,exp_dairy,-1711.26
L05,2023-10-31,exp_syrups,-635.92
L05,2023-10-31,exp_food_ingredients,-1440.15
L05,2023-10-31,exp_packaging,-783.12
L05,2023-10-31,exp_retail_cogs,-516.85
L05,2023-10-31,exp_barista_wages,-7134.31
L05,2023-10-31,exp_shift_lead_wages,-2388.45
L05,2023-10-31,exp_store_manager_salary,-3063.9
L05,2023-10-31,exp_payroll_taxes,-1098.28
L05,2023-10-31,exp_employee_benefits,-933.51
L05,2023-10-31,exp_overtime,-553.85
L05,2023-10-31,exp_rent,-4470.48
L05,2023-10-31,exp_utilities,-918.58
L05,2023-10-31,exp_property_insurance,-365.87
L05,2023-10-31,exp_cam,-534.77
L05,2023-10-31,exp_property_tax,-617.67
L05,2023-10-31,exp_marketing,-1019.5
L05,2023-10-31,exp_pos_software,-395.81
L05,2023-10-31,exp_equipment_maintenance,-547.4
L05,2023-10-31,exp_cleaning,-364.95
L05,2023-10-31,exp_cc_fees,-825.02
L05,2023-10-31,exp_office_supplies,-191.99
L05,2023-10-31,exp_waste_removal,-219.02
L05,2023-10-31,exp_corporate_overhead,-1415.57
L05,2023-10-31,exp_training,-258.42
L05,2023-10-31,exp_general_liability_ins,-299.98
L05,2023-10-31,exp_bank_fees,-122.77
L05,2023-10-31,exp_depreciation,-795.06
L05,2023-10-31,exp_professional_fees,-423.2
L05,2023-11-30,rev_drip_coffee,8733.85
L05,2023-11-30,rev_espresso_drinks,12346.99
L05,2023-11-30,rev_cold_brew,5849.06
L05,2023-11-30,rev_specialty_seasonal,5525.09
L05,2023-11-30,rev_tea,2106.82
L05,2023-11-30,rev_pastries,4428.63
L05,2023-11-30,rev_sandwiches,3609.89
L05,2023-11-30,rev_breakfast,2444.36
L05,2023-11-30,rev_snacks,1476.98
L05,2023-11-30,rev_whole_bean,1956.1
L05,2023-11-30,rev_brew_equipment,957.74
L05,2023-11-30,rev_merchandise,649.66
L05,2023-11-30,rev_gift_cards,1059.38
L05,2023-11-30,rev_catering,1525.11
L05,2023-11-30,rev_wholesale,1192.47
L05,2023-11-30,exp_coffee_beans,-3602.75
L05,2023-11-30,exp_dairy,-2128.39
L05,2023-11-30,exp_syrups,-718.04
L05,2023-11-30,exp_food_ingredients,-1606.06
L05,2023-11-30,exp_packaging,-749.82
L05,2023-11-30,exp_retail_cogs,-540.02
L05,2023-11-30,exp_barista_wages,-7433.67
L05,2023-11-30,exp_shift_lead_wages,-2440.79
L05,2023-11-30,exp_store_manager_salary,-2664.89
L05,2023-11-30,exp_payroll_taxes,-1234.25
L05,2023-11-30,exp_employee_benefits,-865.96
L05,2023-11-30,exp_overtime,-635.84
L05,2023-11-30,exp_rent,-4488.2
L05,2023-11-30,exp_utilities,-933.16
L05,2023-11-30,exp_property_insurance,-386.63
L05,2023-11-30,exp_cam,-523.29
L05,2023-11-30,exp_property_tax,-654.12
L05,2023-11-30,exp_marketing,-911.15
L05,2023-11-30,exp_pos_software,-444.24
L05,2023-11-30,exp_equipment_maintenance,-608.75
L05,2023-11-30,exp_cleaning,-413.04
L05,2023-11-30,exp_cc_fees,-1089.53
L05,2023-11-30,exp_office_supplies,-173.54
L05,2023-11-30,exp_waste_removal,-230.12
L05,2023-11-30,exp_corporate_overhead,-1587.43
L05,2023-11-30,exp_training,-244.43
L05,2023-11-30,exp_general_liability_ins,-292.97
L05,2023-11-30,exp_bank_fees,-127.83
L05,2023-11-30,exp_depreciation,-933.89
L05,2023-11-30,exp_professional_fees,-311.34
L05,2023-12-31,rev_drip_coffee,11540.66
L05,2023-12-31,rev_espresso_drinks,14144.58
L05,2023-12-31,rev_cold_brew,6662.97
L05,2023-12-31,rev_specialty_seasonal,5719.25
L05,2023-12-31,rev_tea,2188.74
L05,2023-12-31,rev_pastries,5531.83
L05,2023-12-31,rev_sandwiches,4432.32
L05,2023-12-31,rev_breakfast,3062.16
L05,2023-12-31,rev_snacks,1535.74
L05,2023-12-31,rev_whole_bean,1973.72
L05,2023-12-31,rev_brew_equipment,945.47
L05,2023-12-31,rev_merchandise,651.69
L05,2023-12-31,rev_gift_cards,1103.14
L05,2023-12-31,rev_catering,1555.49
L05,2023-12-31,rev_wholesale,1339.89
L05,2023-12-31,exp_coffee_beans,-3952.14
L05,2023-12-31,exp_dairy,-2166.52
L05,2023-12-31,exp_syrups,-733.87
L05,2023-12-31,exp_food_ingredients,-1759.03
L05,2023-12-31,exp_packaging,-875.94
L05,2023-12-31,exp_retail_cogs,-566.64
L05,2023-12-31,exp_barista_wages,-7496.76
L05,2023-12-31,exp_shift_lead_wages,-2350.21
L05,2023-12-31,exp_store_manager_salary,-2871.08
L05,2023-12-31,exp_payroll_taxes,-1243.78
L05,2023-12-31,exp_employee_benefits,-1097.31
L05,2023-12-31,exp_overtime,-543.59
L05,2023-12-31,exp_rent,-4365.65
L05,2023-12-31,exp_utilities,-918.56
L05,2023-12-31,exp_property_insurance,-374.35
L05,2023-12-31,exp_cam,-505.03
L05,2023-12-31,exp_property_tax,-628.04
L05,2023-12-31,exp_marketing,-998.61
L05,2023-12-31,exp_pos_software,-344.24
L05,2023-12-31,exp_equipment_maintenance,-557.4
L05,2023-12-31,exp_cleaning,-377.81
L05,2023-12-31,exp_cc_fees,-1094.56
L05,2023-12-31,exp_office_supplies,-206.1
L05,2023-12-31,exp_waste_removal,-217.84
L05,2023-12-31,exp_corporate_overhead,-1400.21
L05,2023-12-31,exp_training,-304.27
L05,2023-12-31,exp_general_liability_ins,-311.12
L05,2023-12-31,exp_bank_fees,-114.08
L05,2023-12-31,exp_depreciation,-840.12
L05,2023-12-31,exp_professional_fees,-371.44
L05,2024-01-31,rev_drip_coffee,8653.42
L05,2024-01-31,rev_espresso_drinks,12352.8
L05,2024-01-31,rev_cold_brew,5307.38
L05,2024-01-31,rev_specialty_seasonal,4692.6
L05,2024-01-31,rev_tea,1886.24
L05,2024-01-31,rev_pastries,3993.58
L05,2024-01-31,rev_sandwiches,4173.38
L05,2024-01-31,rev_breakfast,2199.71
L05,2024-01-31,rev_snacks,1186.49
L05,2024-01-31,rev_whole_bean,1592.05
L05,2024-01-31,rev_brew_equipment,674.0
L05,2024-01-31,rev_merchandise,501.22
L05,2024-01-31,rev_gift_cards,797.11
L05,2024-01-31,rev_catering,1276.02
L05,2024-01-31,rev_wholesale,860.44
L05,2024-01-31,exp_coffee_beans,-2853.01
L05,2024-01-31,exp_dairy,-1759.7
L05,2024-01-31,exp_syrups,-522.48
L05,2024-01-31,exp_food_ingredients,-1458.76
L05,2024-01-31,exp_packaging,-633.35
L05,2024-01-31,exp_retail_cogs,-465.48
L05,2024-01-31,exp_barista_wages,-7460.73
L05,2024-01-31,exp_shift_lead_wages,-2334.53
L05,2024-01-31,exp_store_manager_salary,-2691.47
L05,2024-01-31,exp_payroll_taxes,-1258.05
L05,2024-01-31,exp_employee_benefits,-988.6
L05,2024-01-31,exp_overtime,-605.74
L05,2024-01-31,exp_rent,-4555.18
L05,2024-01-31,exp_utilities,-961.07
L05,2024-01-31,exp_property_insurance,-382.44
L05,2024-01-31,exp_cam,-501.38
L05,2024-01-31,exp_property_tax,-668.96
L05,2024-01-31,exp_marketing,-980.58
L05,2024-01-31,exp_pos_software,-411.93
L05,2024-01-31,exp_equipment_maintenance,-550.53
L05,2024-01-31,exp_cleaning,-447.5
L05,2024-01-31,exp_cc_fees,-887.98
L05,2024-01-31,exp_office_supplies,-208.8
L05,2024-01-31,exp_waste_removal,-230.96
L05,2024-01-31,exp_corporate_overhead,-1606.13
L05,2024-01-31,exp_training,-313.72
L05,2024-01-31,exp_general_liability_ins,-303.39
L05,2024-01-31,exp_bank_fees,-95.11
L05,2024-01-31,exp_depreciation,-773.57
L05,2024-01-31,exp_professional_fees,-385.08
L05,2024-02-29,rev_drip_coffee,7694.36
L05,2024-02-29,rev_espresso_drinks,11789.5
L05,2024-02-29,rev_cold_brew,4959.38
L05,2024-02-29,rev_specialty_seasonal,4704.95
L05,2024-02-29,rev_tea,1939.98
L05,2024-02-29,rev_pastries,3239.77
L05,2024-02-29,rev_sandwiches,3766.7
L05,2024-02-29,rev_breakfast,2080.32
L05,2024-02-29,rev_snacks,1111.52
L05,2024-02-29,rev_whole_bean,1659.6
L05,2024-02-29,rev_brew_equipment,801.52
L05,2024-02-29,rev_merchandise,508.19
L05,2024-02-29,rev_gift_cards,825.1
L05,2024-02-29,rev_catering,1227.25
L05,2024-02-29,rev_wholesale,1003.54
L05,2024-02-29,exp_coffee_beans,-2759.86
L05,2024-02-29,exp_dairy,-1570.64
L05,2024-02-29,exp_syrups,-554.29
L05,2024-02-29,exp_food_ingredients,-1349.87
L05,2024-02-29,exp_packaging,-631.4
L05,2024-02-29,exp_retail_cogs,-428.31
L05,2024-02-29,exp_barista_wages,-6440.43
L05,2024-02-29,exp_shift_lead_wages,-2332.87
L05,2024-02-29,exp_store_manager_salary,-2543.8
L05,2024-02-29,exp_payroll_taxes,-1202.38
L05,2024-02-29,exp_employee_benefits,-1023.11
L05,2024-02-29,exp_overtime,-501.42
L05,2024-02-29,exp_rent,-4504.01
L05,2024-02-29,exp_utilities,-921.58
L05,2024-02-29,exp_property_insurance,-378.53
L05,2024-02-29,exp_cam,-533.05
L05,2024-02-29,exp_property_tax,-618.85
L05,2024-02-29,exp_marketing,-1099.6
L05,2024-02-29,exp_pos_software,-395.3
L05,2024-02-29,exp_equipment_maintenance,-538.83
L05,2024-02-29,exp_cleaning,-399.01
L05,2024-02-29,exp_cc_fees,-993.54
L05,2024-02-29,exp_office_supplies,-203.28
L05,2024-02-29,exp_waste_removal,-250.76
L05,2024-02-29,exp_corporate_overhead,-1464.96
L05,2024-02-29,exp_training,-271.03
L05,2024-02-29,exp_general_liability_ins,-304.89
L05,2024-02-29,exp_bank_fees,-135.53
L05,2024-02-29,exp_depreciation,-794.76
L05,2024-02-29,exp_professional_fees,-314.63
L05,2024-03-31,rev_drip_coffee,8085.52
L05,2024-03-31,rev_espresso_drinks,12002.35
L05,2024-03-31,rev_cold_brew,5010.29
L05,2024-03-31,rev_specialty_seasonal,3388.76
L05,2024-03-31,rev_tea,1697.74
L05,2024-03-31,rev_pastries,4484.99
L05,2024-03-31,rev_sandwiches,3934.79
L05,2024-03-31,rev_breakfast,2003.63
L05,2024-03-31,rev_snacks,1330.81
L05,2024-03-31,rev_whole_bean,1736.76
L05,2024-03-31,rev_brew_equipment,820.45
L05,2024-03-31,rev_merchandise,490.64
L05,2024-03-31,rev_gift_cards,842.72
L05,2024-03-31,rev_catering,1161.78
L05,2024-03-31,rev_wholesale,969.4
L05,2024-03-31,exp_coffee_beans,-2995.29
L05,2024-03-31,exp_dairy,-1769.44
L05,2024-03-31,exp_syrups,-612.12
L05,2024-03-31,exp_food_ingredients,-1369.05
L05,2024-03-31,exp_packaging,-671.06
L05,2024-03-31,exp_retail_cogs,-549.08
L05,2024-03-31,exp_barista_wages,-6995.92
L05,2024-03-31,exp_shift_lead_wages,-2198.66
L05,2024-03-31,exp_store_manager_salary,-3224.79
L05,2024-03-31,exp_payroll_taxes,-1237.54
L05,2024-03-31,exp_employee_benefits,-894.2
L05,2024-03-31,exp_overtime,-585.27
L05,2024-03-31,exp_rent,-4426.03
L05,2024-03-31,exp_utilities,-941.55
L05,2024-03-31,exp_property_insurance,-374.09
L05,2024-03-31,exp_cam,-515.59
L05,2024-03-31,exp_property_tax,-656.22
L05,2024-03-31,exp_marketing,-1099.25
L05,2024-03-31,exp_pos_software,-393.2
L05,2024-03-31,exp_equipment_maintenance,-572.94
L05,2024-03-31,exp_cleaning,-386.59
L05,2024-03-31,exp_cc_fees,-1011.93
L05,2024-03-31,exp_office_supplies,-220.27
L05,2024-03-31,exp_waste_removal,-240.16
L05,2024-03-31,exp_corporate_overhead,-1637.01
L05,2024-03-31,exp_training,-326.1
L05,2024-03-31,exp_general_liability_ins,-283.3
L05,2024-03-31,exp_bank_fees,-124.42
L05,2024-03-31,exp_depreciation,-790.95
L05,2024-03-31,exp_professional_fees,-323.61
L05,2024-04-30,rev_drip_coffee,8528.02
L05,2024-04-30,rev_espresso_drinks,12660.71
L05,2024-04-30,rev_cold_brew,5612.35
L05,2024-04-30,rev_specialty_seasonal,3772.15
L05,2024-04-30,rev_tea,2017.62
L05,2024-04-30,rev_pastries,4780.98
L05,2024-04-30,rev_sandwiches,4304.46
L05,2024-04-30,rev_breakfast,2461.35
L05,2024-04-30,rev_snacks,1213.51
L05,2024-04-30,rev_whole_bean,2099.55
L05,2024-04-30,rev_brew_equipment,819.96
L05,2024-04-30,rev_merchandise,529.72
L05,2024-04-30,rev_gift_cards,921.88
L05,2024-04-30,rev_catering,1252.37
L05,2024-04-30,rev_wholesale,1198.05
L05,2024-04-30,exp_coffee_beans,-3368.27
L05,2024-04-30,exp_dairy,-1889.98
L05,2024-04-30,exp_syrups,-647.04
L05,2024-04-30,exp_food_ingredients,-1517.84
L05,2024-04-30,exp_packaging,-721.67
L05,2024-04-30,exp_retail_cogs,-508.7
L05,2024-04-30,exp_barista_wages,-7608.12
L05,2024-04-30,exp_shift_lead_wages,-2251.35
L05,2024-04-30,exp_store_manager_salary,-2778.75
L05,2024-04-30,exp_payroll_taxes,-1242.11
L05,2024-04-30,exp_employee_benefits,-1026.95
L05,2024-04-30,exp_overtime,-545.3
L05,2024-04-30,exp_rent,-4572.11
L05,2024-04-30,exp_utilities,-907.97
L05,2024-04-30,exp_property_insurance,-371.37
L05,2024-04-30,exp_cam,-514.66
L05,2024-04-30,exp_property_tax,-622.12
L05,2024-04-30,exp_marketing,-1145.99
L05,2024-04-30,exp_pos_software,-323.61
L05,2024-04-30,exp_equipment_maintenance,-510.69
L05,2024-04-30,exp_cleaning,-455.36
L05,2024-04-30,exp_cc_fees,-899.22
L05,2024-04-30,exp_office_supplies,-192.81
L05,2024-04-30,exp_waste_removal,-212.98
L05,2024-04-30,exp_corporate_overhead,-1502.64
L05,2024-04-30,exp_training,-325.99
L05,2024-04-30,exp_general_liability_ins,-297.92
L05,2024-04-30,exp_bank_fees,-127.9
L05,2024-04-30,exp_depreciation,-785.99
L05,2024-04-30,exp_professional_fees,-350.5
L05,2024-05-31,rev_drip_coffee,8431.37
L05,2024-05-31,rev_espresso_drinks,14410.57
L05,2024-05-31,rev_cold_brew,6468.85
L05,2024-05-31,rev_specialty_seasonal,3642.68
L05,2024-05-31,rev_tea,2121.64
L05,2024-05-31,rev_pastries,4613.92
L05,2024-05-31,rev_sandwiches,3904.62
L05,2024-05-31,rev_breakfast,2586.56
L05,2024-05-31,rev_snacks,1383.11
L05,2024-05-31,rev_whole_bean,1781.35
L05,2024-05-31,rev_brew_equipment,767.79
L05,2024-05-31,rev_merchandise,489.79
L05,2024-05-31,rev_gift_cards,965.67
L05,2024-05-31,rev_catering,1359.15
L05,2024-05-31,rev_wholesale,1041.25
L05,2024-05-31,exp_coffee_beans,-3415.08
L05,2024-05-31,exp_dairy,-1934.98
L05,2024-05-31,exp_syrups,-702.77
L05,2024-05-31,exp_food_ingredients,-1531.74
L05,2024-05-31,exp_packaging,-725.25
L05,2024-05-31,exp_retail_cogs,-542.34
L05,2024-05-31,exp_barista_wages,-7004.41
L05,2024-05-31,exp_shift_lead_wages,-2426.39
L05,2024-05-31,exp_store_manager_salary,-2625.58
L05,2024-05-31,exp_payroll_taxes,-1315.81
L05,2024-05-31,exp_employee_benefits,-986.82
L05,2024-05-31,exp_overtime,-612.28
L05,2024-05-31,exp_rent,-4406.87
L05,2024-05-31,exp_utilities,-912.2
L05,2024-05-31,exp_property_insurance,-378.54
L05,2024-05-31,exp_cam,-532.34
L05,2024-05-31,exp_property_tax,-656.95
L05,2024-05-31,exp_marketing,-1044.63
L05,2024-05-31,exp_pos_software,-424.19
L05,2024-05-31,exp_equipment_maintenance,-533.16
L05,2024-05-31,exp_cleaning,-449.02
L05,2024-05-31,exp_cc_fees,-863.78
L05,2024-05-31,exp_office_supplies,-204.76
L05,2024-05-31,exp_waste_removal,-181.47
L05,2024-05-31,exp_corporate_overhead,-1231.53
L05,2024-05-31,exp_training,-314.56
L05,2024-05-31,exp_general_liability_ins,-241.01
L05,2024-05-31,exp_bank_fees,-126.55
L05,2024-05-31,exp_depreciation,-850.97
L05,2024-05-31,exp_professional_fees,-351.35
L05,2024-06-30,rev_drip_coffee,8874.95
L05,2024-06-30,rev_espresso_drinks,13404.88
L05,2024-06-30,rev_cold_brew,8099.83
L05,2024-06-30,rev_specialty_seasonal,4080.37
L05,2024-06-30,rev_tea,2274.32
L05,2024-06-30,rev_pastries,4919.13
L05,2024-06-30,rev_sandwiches,5191.37
L05,2024-06-30,rev_breakfast,2563.78
L05,2024-06-30,rev_snacks,1695.92
L05,2024-06-30,rev_whole_bean,1885.51
L05,2024-06-30,rev_brew_equipment,934.3
L05,2024-06-30,rev_merchandise,653.67
L05,2024-06-30,rev_gift_cards,1157.68
L05,2024-06-30,rev_catering,1410.62
L05,2024-06-30,rev_wholesale,1247.33
L05,2024-06-30,exp_coffee_beans,-3602.26
L05,2024-06-30,exp_dairy,-2014.86
L05,2024-06-30,exp_syrups,-751.04
L05,2024-06-30,exp_food_ingredients,-1802.5
L05,2024-06-30,exp_packaging,-824.29
L05,2024-06-30,exp_retail_cogs,-591.5
L05,2024-06-30,exp_barista_wages,-8061.48
L05,2024-06-30,exp_shift_lead_wages,-2192.5
L05,2024-06-30,exp_store_manager_salary,-2923.11
L05,2024-06-30,exp_payroll_taxes,-1197.36
L05,2024-06-30,exp_employee_benefits,-993.47
L05,2024-06-30,exp_overtime,-664.87
L05,2024-06-30,exp_rent,-4485.25
L05,2024-06-30,exp_utilities,-911.05
L05,2024-06-30,exp_property_insurance,-384.33
L05,2024-06-30,exp_cam,-510.3
L05,2024-06-30,exp_property_tax,-630.07
L05,2024-06-30,exp_marketing,-1170.27
L05,2024-06-30,exp_pos_software,-359.87
L05,2024-06-30,exp_equipment_maintenance,-463.32
L05,2024-06-30,exp_cleaning,-426.58
L05,2024-06-30,exp_cc_fees,-915.82
L05,2024-06-30,exp_office_supplies,-226.77
L05,2024-06-30,exp_waste_removal,-222.6
L05,2024-06-30,exp_corporate_overhead,-1532.92
L05,2024-06-30,exp_training,-353.91
L05,2024-06-30,exp_general_liability_ins,-253.81
L05,2024-06-30,exp_bank_fees,-119.03
L05,2024-06-30,exp_depreciation,-810.57
L05,2024-06-30,exp_professional_fees,-338.18
L05,2024-07-31,rev_drip_coffee,10092.02
L05,2024-07-31,rev_espresso_drinks,14049.23
L05,2024-07-31,rev_cold_brew,8836.49
L05,2024-07-31,rev_specialty_seasonal,4240.41
L05,2024-07-31,rev_tea,2329.52
L05,2024-07-31,rev_pastries,5245.53
L05,2024-07-31,rev_sandwiches,4475.57
L05,2024-07-31,rev_breakfast,2669.15
L05,2024-07-31,rev_snacks,1552.05
L05,2024-07-31,rev_whole_bean,2104.37
L05,2024-07-31,rev_brew_equipment,920.29
L05,2024-07-31,rev_merchandise,629.03
L05,2024-07-31,rev_gift_cards,931.78
L05,2024-07-31,rev_catering,1411.21
L05,2024-07-31,rev_wholesale,1198.82
L05,2024-07-31,exp_coffee_beans,-3467.4
L05,2024-07-31,exp_dairy,-2299.43
L05,2024-07-31,exp_syrups,-748.82
L05,2024-07-31,exp_food_ingredients,-1708.07
L05,2024-07-31,exp_packaging,-806.89
L05,2024-07-31,exp_retail_cogs,-590.15
L05,2024-07-31,exp_barista_wages,-7251.66
L05,2024-07-31,exp_shift_lead_wages,-2401.09
L05,2024-07-31,exp_store_manager_salary,-2709.94
L05,2024-07-31,exp_payroll_taxes,-1265.74
L05,2024-07-31,exp_employee_benefits,-879.95
L05,2024-07-31,exp_overtime,-553.87
L05,2024-07-31,exp_rent,-4640.07
L05,2024-07-31,exp_utilities,-940.09
L05,2024-07-31,exp_property_insurance,-385.58
L05,2024-07-31,exp_cam,-534.6
L05,2024-07-31,exp_property_tax,-644.31
L05,2024-07-31,exp_marketing,-993.21
L05,2024-07-31,exp_pos_software,-321.17
L05,2024-07-31,exp_equipment_maintenance,-612.02
L05,2024-07-31,exp_cleaning,-407.18
L05,2024-07-31,exp_cc_fees,-1191.47
L05,2024-07-31,exp_office_supplies,-189.33
L05,2024-07-31,exp_waste_removal,-283.71
L05,2024-07-31,exp_corporate_overhead,-1365.35
L05,2024-07-31,exp_training,-340.69
L05,2024-07-31,exp_general_liability_ins,-324.49
L05,2024-07-31,exp_bank_fees,-108.96
L05,2024-07-31,exp_depreciation,-742.4
L05,2024-07-31,exp_professional_fees,-331.68
L05,2024-08-31,rev_drip_coffee,8519.18
L05,2024-08-31,rev_espresso_drinks,14414.92
L05,2024-08-31,rev_cold_brew,8485.7
L05,2024-08-31,rev_specialty_seasonal,4057.15
L05,2024-08-31,rev_tea,2314.2
L05,2024-08-31,rev_pastries,4216.63
L05,2024-08-31,rev_sandwiches,4959.24
L05,2024-08-31,rev_breakfast,2597.15
L05,2024-08-31,rev_snacks,1562.63
L05,2024-08-31,rev_whole_bean,2120.43
L05,2024-08-31,rev_brew_equipment,1012.36
L05,2024-08-31,rev_merchandise,581.56
L05,2024-08-31,rev_gift_cards,865.5
L05,2024-08-31,rev_catering,1440.18
L05,2024-08-31,rev_wholesale,1191.8
L05,2024-08-31,exp_coffee_beans,-3285.78
L05,2024-08-31,exp_dairy,-2048.78
L05,2024-08-31,exp_syrups,-702.67
L05,2024-08-31,exp_food_ingredients,-1510.77
L05,2024-08-31,exp_packaging,-817.47
L05,2024-08-31,exp_retail_cogs,-549.02
L05,2024-08-31,exp_barista_wages,-7512.53
L05,2024-08-31,exp_shift_lead_wages,-2321.78
L05,2024-08-31,exp_store_manager_salary,-3036.22
L05,2024-08-31,exp_payroll_taxes,-1264.02
L05,2024-08-31,exp_employee_benefits,-1028.31
L05,2024-08-31,exp_overtime,-569.37
L05,2024-08-31,exp_rent,-4549.82
L05,2024-08-31,exp_utilities,-949.69
L05,2024-08-31,exp_property_insurance,-380.54
L05,2024-08-31,exp_cam,-527.31
L05,2024-08-31,exp_property_tax,-643.46
L05,2024-08-31,exp_marketing,-896.74
L05,2024-08-31,exp_pos_software,-326.94
L05,2024-08-31,exp_equipment_maintenance,-537.81
L05,2024-08-31,exp_cleaning,-375.21
L05,2024-08-31,exp_cc_fees,-852.12
L05,2024-08-31,exp_office_supplies,-159.72
L05,2024-08-31,exp_waste_removal,-205.06
L05,2024-08-31,exp_corporate_overhead,-1351.52
L05,2024-08-31,exp_training,-298.45
L05,2024-08-31,exp_general_liability_ins,-255.42
L05,2024-08-31,exp_bank_fees,-122.33
L05,2024-08-31,exp_depreciation,-746.4
L05,2024-08-31,exp_professional_fees,-410.23
L05,2024-09-30,rev_drip_coffee,8648.43
L05,2024-09-30,rev_espresso_drinks,13396.27
L05,2024-09-30,rev_cold_brew,6017.98
L05,2024-09-30,rev_specialty_seasonal,3326.17
L05,2024-09-30,rev_tea,2039.57
L05,2024-09-30,rev_pastries,4138.4
L05,2024-09-30,rev_sandwiches,4133.31
L05,2024-09-30,rev_breakfast,2329.77
L05,2024-09-30,rev_snacks,1432.26
L05,2024-09-30,rev_whole_bean,1672.04
L05,2024-09-30,rev_brew_equipment,846.95
L05,2024-09-30,rev_merchandise,568.73
L05,2024-09-30,rev_gift_cards,1037.01
L05,2024-09-30,rev_catering,1248.1
L05,2024-09-30,rev_wholesale,1089.21
L05,2024-09-30,exp_coffee_beans,-3242.55
L05,2024-09-30,exp_dairy,-2031.76
L05,2024-09-30,exp_syrups,-614.4
L05,2024-09-30,exp_food_ingredients,-1433.3
L05,2024-09-30,exp_packaging,-836.23
L05,2024-09-30,exp_retail_cogs,-516.7
L05,2024-09-30,exp_barista_wages,-6653.96
L05,2024-09-30,exp_shift_lead_wages,-2246.31
L05,2024-09-30,exp_store_manager_salary,-2297.47
L05,2024-09-30,exp_payroll_taxes,-1252.94
L05,2024-09-30,exp_employee_benefits,-1046.04
L05,2024-09-30,exp_overtime,-538.86
L05,2024-09-30,exp_rent,-4465.64
L05,2024-09-30,exp_utilities,-941.82
L05,2024-09-30,exp_property_insurance,-362.52
L05,2024-09-30,exp_cam,-506.41
L05,2024-09-30,exp_property_tax,-632.85
L05,2024-09-30,exp_marketing,-962.06
L05,2024-09-30,exp_pos_software,-347.8
L05,2024-09-30,exp_equipment_maintenance,-479.67
L05,2024-09-30,exp_cleaning,-413.24
L05,2024-09-30,exp_cc_fees,-939.4
L05,2024-09-30,exp_office_supplies,-207.3
L05,2024-09-30,exp_waste_removal,-241.71
L05,2024-09-30,exp_corporate_overhead,-1415.77
L05,2024-09-30,exp_training,-257.07
L05,2024-09-30,exp_general_liability_ins,-291.09
L05,2024-09-30,exp_bank_fees,-117.36
L05,2024-09-30,exp_depreciation,-767.25
L05,2024-09-30,exp_professional_fees,-408.67
L05,2024-10-31,rev_drip_coffee,8095.53
L05,2024-10-31,rev_espresso_drinks,13785.34
L05,2024-10-31,rev_cold_brew,6476.49
L05,2024-10-31,rev_specialty_seasonal,3894.13
L05,2024-10-31,rev_tea,1856.18
L05,2024-10-31,rev_pastries,3714.84
L05,2024-10-31,rev_sandwiches,4440.41
L05,2024-10-31,rev_breakfast,2450.52
L05,2024-10-31,rev_snacks,1281.31
L05,2024-10-31,rev_whole_bean,2008.88
L05,2024-10-31,rev_brew_equipment,772.21
L05,2024-10-31,rev_merchandise,515.08
L05,2024-10-31,rev_gift_cards,987.65
L05,2024-10-31,rev_catering,1187.19
L05,2024-10-31,rev_wholesale,1057.0
L05,2024-10-31,exp_coffee_beans,-3321.51
L05,2024-10-31,exp_dairy,-1868.41
L05,2024-10-31,exp_syrups,-691.11
L05,2024-10-31,exp_food_ingredients,-1555.72
L05,2024-10-31,exp_packaging,-719.29
L05,2024-10-31,exp_retail_cogs,-453.58
L05,2024-10-31,exp_barista_wages,-6962.11
L05,2024-10-31,exp_shift_lead_wages,-2418.48
L05,2024-10-31,exp_store_manager_salary,-2482.71
L05,2024-10-31,exp_payroll_taxes,-1203.02
L05,2024-10-31,exp_employee_benefits,-1011.23
L05,2024-10-31,exp_overtime,-616.28
L05,2024-10-31,exp_rent,-4456.24
L05,2024-10-31,exp_utilities,-912.83
L05,2024-10-31,exp_property_insurance,-375.28
L05,2024-10-31,exp_cam,-523.81
L05,2024-10-31,exp_property_tax,-633.79
L05,2024-10-31,exp_marketing,-1149.49
L05,2024-10-31,exp_pos_software,-329.7
L05,2024-10-31,exp_equipment_maintenance,-555.66
L05,2024-10-31,exp_cleaning,-422.58
L05,2024-10-31,exp_cc_fees,-915.47
L05,2024-10-31,exp_office_supplies,-213.01
L05,2024-10-31,exp_waste_removal,-240.49
L05,2024-10-31,exp_corporate_overhead,-1496.52
L05,2024-10-31,exp_training,-306.37
L05,2024-10-31,exp_general_liability_ins,-287.86
L05,2024-10-31,exp_bank_fees,-113.7
L05,2024-10-31,exp_depreciation,-731.03
L05,2024-10-31,exp_professional_fees,-415.18
L05,2024-11-30,rev_drip_coffee,9748.77
L05,2024-11-30,rev_espresso_drinks,12336.27
L05,2024-11-30,rev_cold_brew,6360.77
L05,2024-11-30,rev_specialty_seasonal,4659.53
L05,2024-11-30,rev_tea,2075.44
L05,2024-11-30,rev_pastries,5236.33
L05,2024-11-30,rev_sandwiches,4370.43
L05,2024-11-30,rev_breakfast,2647.93
L05,2024-11-30,rev_snacks,1116.44
L05,2024-11-30,rev_whole_bean,1921.14
L05,2024-11-30,rev_brew_equipment,919.96
L05,2024-11-30,rev_merchandise,597.25
L05,2024-11-30,rev_gift_cards,1102.49
L05,2024-11-30,rev_catering,1383.89
L05,2024-11-30,rev_wholesale,1136.38
L05,2024-11-30,exp_coffee_beans,-3175.38
L05,2024-11-30,exp_dairy,-1976.39
L05,2024-11-30,exp_syrups,-658.26
L05,2024-11-30,exp_food_ingredients,-1443.14
L05,2024-11-30,exp_packaging,-734.4
L05,2024-11-30,exp_retail_cogs,-596.51
L05,2024-11-30,exp_barista_wages,-7527.38
L05,2024-11-30,exp_shift_lead_wages,-2404.27
L05,2024-11-30,exp_store_manager_salary,-2722.27
L05,2024-11-30,exp_payroll_taxes,-1123.85
L05,2024-11-30,exp_employee_benefits,-1074.1
L05,2024-11-30,exp_overtime,-505.39
L05,2024-11-30,exp_rent,-4458.06
L05,2024-11-30,exp_utilities,-923.72
L05,2024-11-30,exp_property_insurance,-377.41
L05,2024-11-30,exp_cam,-512.61
L05,2024-11-30,exp_property_tax,-612.39
L05,2024-11-30,exp_marketing,-956.99
L05,2024-11-30,exp_pos_software,-331.5
L05,2024-11-30,exp_equipment_maintenance,-506.61
L05,2024-11-30,exp_cleaning,-443.82
L05,2024-11-30,exp_cc_fees,-837.9
L05,2024-11-30,exp_office_supplies,-202.42
L05,2024-11-30,exp_waste_removal,-240.71
L05,2024-11-30,exp_corporate_overhead,-1520.33
L05,2024-11-30,exp_training,-296.54
L05,2024-11-30,exp_general_liability_ins,-299.37
L05,2024-11-30,exp_bank_fees,-119.28
L05,2024-11-30,exp_depreciation,-814.14
L05,2024-11-30,exp_professional_fees,-314.3
L05,2024-12-31,rev_drip_coffee,8267.83
L05,2024-12-31,rev_espresso_drinks,15635.92
L05,2024-12-31,rev_cold_brew,7327.15
L05,2024-12-31,rev_specialty_seasonal,6744.58
L05,2024-12-31,rev_tea,2354.12
L05,2024-12-31,rev_pastries,6147.43
L05,2024-12-31,rev_sandwiches,4803.42
L05,2024-12-31,rev_breakfast,3063.0
L05,2024-12-31,rev_snacks,1741.37
L05,2024-12-31,rev_whole_bean,2548.55
L05,2024-12-31,rev_brew_equipment,986.17
L05,2024-12-31,rev_merchandise,616.47
L05,2024-12-31,rev_gift_cards,1017.79
L05,2024-12-31,rev_catering,1787.49
L05,2024-12-31,rev_wholesale,1344.79
L05,2024-12-31,exp_coffee_beans,-3930.02
L05,2024-12-31,exp_dairy,-2607.16
L05,2024-12-31,exp_syrups,-806.55
L05,2024-12-31,exp_food_ingredients,-1679.21
L05,2024-12-31,exp_packaging,-868.61
L05,2024-12-31,exp_retail_cogs,-596.03
L05,2024-12-31,exp_barista_wages,-7802.57
L05,2024-12-31,exp_shift_lead_wages,-2418.79
L05,2024-12-31,exp_store_manager_salary,-2830.59
L05,2024-12-31,exp_payroll_taxes,-1205.26
L05,2024-12-31,exp_employee_benefits,-1163.78
L05,2024-12-31,exp_overtime,-617.9
L05,2024-12-31,exp_rent,-4487.75
L05,2024-12-31,exp_utilities,-938.75
L05,2024-12-31,exp_property_insurance,-379.21
L05,2024-12-31,exp_cam,-523.03
L05,2024-12-31,exp_property_tax,-644.47
L05,2024-12-31,exp_marketing,-1054.26
L05,2024-12-31,exp_pos_software,-382.35
L05,2024-12-31,exp_equipment_maintenance,-590.41
L05,2024-12-31,exp_cleaning,-411.15
L05,2024-12-31,exp_cc_fees,-932.62
L05,2024-12-31,exp_office_supplies,-226.58
L05,2024-12-31,exp_waste_removal,-225.64
L05,2024-12-31,exp_corporate_overhead,-1441.38
L05,2024-12-31,exp_training,-312.98
L05,2024-12-31,exp_general_liability_ins,-260.51
L05,2024-12-31,exp_bank_fees,-111.57
L05,2024-12-31,exp_depreciation,-752.64
L05,2024-12-31,exp_professional_fees,-351.69
L05,2025-01-31,rev_drip_coffee,6995.68
L05,2025-01-31,rev_espresso_drinks,10871.81
L05,2025-01-31,rev_cold_brew,5466.48
L05,2025-01-31,rev_specialty_seasonal,5407.35
L05,2025-01-31,rev_tea,1939.34
L05,2025-01-31,rev_pastries,3287.67
L05,2025-01-31,rev_sandwiches,3961.93
L05,2025-01-31,rev_breakfast,2139.31
L05,2025-01-31,rev_snacks,1301.73
L05,2025-01-31,rev_whole_bean,1691.22
L05,2025-01-31,rev_brew_equipment,752.85
L05,2025-01-31,rev_merchandise,487.53
L05,2025-01-31,rev_gift_cards,872.31
L05,2025-01-31,rev_catering,1330.81
L05,2025-01-31,rev_wholesale,981.56
L05,2025-01-31,exp_coffee_beans,-3061.74
L05,2025-01-31,exp_dairy,-1784.7
L05,2025-01-31,exp_syrups,-619.77
L05,2025-01-31,exp_food_ingredients,-1236.11
L05,2025-01-31,exp_packaging,-699.91
L05,2025-01-31,exp_retail_cogs,-462.66
L05,2025-01-31,exp_barista_wages,-7578.91
L05,2025-01-31,exp_shift_lead_wages,-2122.14
L05,2025-01-31,exp_store_manager_salary,-2477.9
L05,2025-01-31,exp_payroll_taxes,-1337.61
L05,2025-01-31,exp_employee_benefits,-910.39
L05,2025-01-31,exp_overtime,-589.87
L05,2025-01-31,exp_rent,-4518.76
L05,2025-01-31,exp_utilities,-916.97
L05,2025-01-31,exp_property_insurance,-375.34
L05,2025-01-31,exp_cam,-506.63
L05,2025-01-31,exp_property_tax,-635.58
L05,2025-01-31,exp_marketing,-927.69
L05,2025-01-31,exp_pos_software,-344.16
L05,2025-01-31,exp_equipment_maintenance,-599.87
L05,2025-01-31,exp_cleaning,-414.86
L05,2025-01-31,exp_cc_fees,-812.29
L05,2025-01-31,exp_office_supplies,-213.24
L05,2025-01-31,exp_waste_removal,-236.8
L05,2025-01-31,exp_corporate_overhead,-1311.9
L05,2025-01-31,exp_training,-322.98
L05,2025-01-31,exp_general_liability_ins,-272.78
L05,2025-01-31,exp_bank_fees,-107.22
L05,2025-01-31,exp_depreciation,-924.42
L05,2025-01-31,exp_professional_fees,-369.25
L05,2025-02-28,rev_drip_coffee,7693.08
L05,2025-02-28,rev_espresso_drinks,10851.27
L05,2025-02-28,rev_cold_brew,5727.57
L05,2025-02-28,rev_specialty_seasonal,4599.38
L05,2025-02-28,rev_tea,1591.3
L05,2025-02-28,rev_pastries,3838.3
L05,2025-02-28,rev_sandwiches,4075.95
L05,2025-02-28,rev_breakfast,2335.3
L05,2025-02-28,rev_snacks,1203.22
L05,2025-02-28,rev_whole_bean,1837.38
L05,2025-02-28,rev_brew_equipment,792.38
L05,2025-02-28,rev_merchandise,470.38
L05,2025-02-28,rev_gift_cards,843.11
L05,2025-02-28,rev_catering,1205.83
L05,2025-02-28,rev_wholesale,897.29
L05,2025-02-28,exp_coffee_beans,-2840.22
L05,2025-02-28,exp_dairy,-1692.42
L05,2025-02-28,exp_syrups,-536.97
L05,2025-02-28,exp_food_ingredients,-1314.63
L05,2025-02-28,exp_packaging,-638.34
L05,2025-02-28,exp_retail_cogs,-486.77
L05,2025-02-28,exp_barista_wages,-6418.27
L05,2025-02-28,exp_shift_lead_wages,-2186.94
L05,2025-02-28,exp_store_manager_salary,-2572.69
L05,2025-02-28,exp_payroll_taxes,-1256.01
L05,2025-02-28,exp_employee_benefits,-956.71
L05,2025-02-28,exp_overtime,-607.19
L05,2025-02-28,exp_rent,-4567.79
L05,2025-02-28,exp_utilities,-917.15
L05,2025-02-28,exp_property_insurance,-377.47
L05,2025-02-28,exp_cam,-516.48
L05,2025-02-28,exp_property_tax,-646.68
L05,2025-02-28,exp_marketing,-901.73
L05,2025-02-28,exp_pos_software,-328.82
L05,2025-02-28,exp_equipment_maintenance,-574.08
L05,2025-02-28,exp_cleaning,-454.16
L05,2025-02-28,exp_cc_fees,-743.65
L05,2025-02-28,exp_office_supplies,-223.52
L05,2025-02-28,exp_waste_removal,-233.64
L05,2025-02-28,exp_corporate_overhead,-1125.79
L05,2025-02-28,exp_training,-210.33
L05,2025-02-28,exp_general_liability_ins,-234.99
L05,2025-02-28,exp_bank_fees,-121.13
L05,2025-02-28,exp_depreciation,-775.1
L05,2025-02-28,exp_professional_fees,-393.32
L05,2025-03-31,rev_drip_coffee,7991.99
L05,2025-03-31,rev_espresso_drinks,11033.62
L05,2025-03-31,rev_cold_brew,5463.13
L05,2025-03-31,rev_specialty_seasonal,3584.0
L05,2025-03-31,rev_tea,1996.34
L05,2025-03-31,rev_pastries,4104.89
L05,2025-03-31,rev_sandwiches,4264.82
L05,2025-03-31,rev_breakfast,2246.21
L05,2025-03-31,rev_snacks,1233.72
L05,2025-03-31,rev_whole_bean,1709.65
L05,2025-03-31,rev_brew_equipment,876.52
L05,2025-03-31,rev_merchandise,513.35
L05,2025-03-31,rev_gift_cards,871.17
L05,2025-03-31,rev_catering,1362.3
L05,2025-03-31,rev_wholesale,1215.61
L05,2025-03-31,exp_coffee_beans,-3097.6
L05,2025-03-31,exp_dairy,-1910.29
L05,2025-03-31,exp_syrups,-665.88
L05,2025-03-31,exp_food_ingredients,-1389.38
L05,2025-03-31,exp_packaging,-700.66
L05,2025-03-31,exp_retail_cogs,-467.75
L05,2025-03-31,exp_barista_wages,-7300.64
L05,2025-03-31,exp_shift_lead_wages,-2206.19
L05,2025-03-31,exp_store_manager_salary,-2647.76
L05,2025-03-31,exp_payroll_taxes,-1161.6
L05,2025-03-31,exp_employee_benefits,-965.5
L05,2025-03-31,exp_overtime,-579.31
L05,2025-03-31,exp_rent,-4497.31
L05,2025-03-31,exp_utilities,-890.25
L05,2025-03-31,exp_property_insurance,-370.07
L05,2025-03-31,exp_cam,-504.36
L05,2025-03-31,exp_property_tax,-638.86
L05,2025-03-31,exp_marketing,-1092.69
L05,2025-03-31,exp_pos_software,-367.53
L05,2025-03-31,exp_equipment_maintenance,-505.83
L05,2025-03-31,exp_cleaning,-414.56
L05,2025-03-31,exp_cc_fees,-908.8
L05,2025-03-31,exp_office_supplies,-174.14
L05,2025-03-31,exp_waste_removal,-254.54
L05,2025-03-31,exp_corporate_overhead,-1500.57
L05,2025-03-31,exp_training,-329.06
L05,2025-03-31,exp_general_liability_ins,-260.54
L05,2025-03-31,exp_bank_fees,-135.69
L05,2025-03-31,exp_depreciation,-741.73
L05,2025-03-31,exp_professional_fees,-394.07
L05,2025-04-30,rev_drip_coffee,8439.77
L05,2025-04-30,rev_espresso_drinks,12515.65
L05,2025-04-30,rev_cold_brew,4795.26
L05,2025-04-30,rev_specialty_seasonal,3671.64
L05,2025-04-30,rev_tea,2078.35
L05,2025-04-30,rev_pastries,4460.82
L05,2025-04-30,rev_sandwiches,4775.61
L05,2025-04-30,rev_breakfast,2256.73
L05,2025-04-30,rev_snacks,1332.84
L05,2025-04-30,rev_whole_bean,1745.07
L05,2025-04-30,rev_brew_equipment,811.28
L05,2025-04-30,rev_merchandise,591.24
L05,2025-04-30,rev_gift_cards,1085.78
L05,2025-04-30,rev_catering,1260.24
L05,2025-04-30,rev_wholesale,1029.16
L05,2025-04-30,exp_coffee_beans,-3040.11
L05,2025-04-30,exp_dairy,-2017.69
L05,2025-04-30,exp_syrups,-703.76
L05,2025-04-30,exp_food_ingredients,-1500.19
L05,2025-04-30,exp_packaging,-685.14
L05,2025-04-30,exp_retail_cogs,-491.74
L05,2025-04-30,exp_barista_wages,-7593.17
L05,2025-04-30,exp_shift_lead_wages,-2407.81
L05,2025-04-30,exp_store_manager_salary,-2417.07
L05,2025-04-30,exp_payroll_taxes,-1213.0
L05,2025-04-30,exp_employee_benefits,-1095.99
L05,2025-04-30,exp_overtime,-563.4
L05,2025-04-30,exp_rent,-4642.39
L05,2025-04-30,exp_utilities,-936.74
L05,2025-04-30,exp_property_insurance,-367.53
L05,2025-04-30,exp_cam,-517.12
L05,2025-04-30,exp_property_tax,-634.12
L05,2025-04-30,exp_marketing,-941.23
L05,2025-04-30,exp_pos_software,-323.58
L05,2025-04-30,exp_equipment_maintenance,-631.79
L05,2025-04-30,exp_cleaning,-365.03
L05,2025-04-30,exp_cc_fees,-1056.48
L05,2025-04-30,exp_office_supplies,-187.93
L05,2025-04-30,exp_waste_removal,-236.36
L05,2025-04-30,exp_corporate_overhead,-1465.04
L05,2025-04-30,exp_training,-282.55
L05,2025-04-30,exp_general_liability_ins,-293.18
L05,2025-04-30,exp_bank_fees,-96.53
L05,2025-04-30,exp_depreciation,-814.55
L05,2025-04-30,exp_professional_fees,-278.58
L05,2025-05-31,rev_drip_coffee,9071.73
L05,2025-05-31,rev_espresso_drinks,14295.67
L05,2025-05-31,rev_cold_brew,6555.44
L05,2025-05-31,rev_specialty_seasonal,3540.28
L05,2025-05-31,rev_tea,1963.76
L05,2025-05-31,rev_pastries,4575.92
L05,2025-05-31,rev_sandwiches,4462.18
L05,2025-05-31,rev_breakfast,2187.84
L05,2025-05-31,rev_snacks,1464.01
L05,2025-05-31,rev_whole_bean,2024.53
L05,2025-05-31,rev_brew_equipment,871.88
L05,2025-05-31,rev_merchandise,597.58
L05,2025-05-31,rev_gift_cards,1037.77
L05,2025-05-31,rev_catering,1341.1
L05,2025-05-31,rev_wholesale,969.3
L05,2025-05-31,exp_coffee_beans,-3410.74
L05,2025-05-31,exp_dairy,-1893.92
L05,2025-05-31,exp_syrups,-679.49
L05,2025-05-31,exp_food_ingredients,-1621.52
L05,2025-05-31,exp_packaging,-828.19
L05,2025-05-31,exp_retail_cogs,-551.36
L05,2025-05-31,exp_barista_wages,-7894.92
L05,2025-05-31,exp_shift_lead_wages,-2164.27
L05,2025-05-31,exp_store_manager_salary,-2846.21
L05,2025-05-31,exp_payroll_taxes,-1252.85
L05,2025-05-31,exp_employee_benefits,-1090.47
L05,2025-05-31,exp_overtime,-561.5
L05,2025-05-31,exp_rent,-4486.3
L05,2025-05-31,exp_utilities,-944.32
L05,2025-05-31,exp_property_insurance,-374.98
L05,2025-05-31,exp_cam,-508.63
L05,2025-05-31,exp_property_tax,-668.2
L05,2025-05-31,exp_marketing,-928.12
L05,2025-05-31,exp_pos_software,-356.02
L05,2025-05-31,exp_equipment_maintenance,-568.1
L05,2025-05-31,exp_cleaning,-415.4
L05,2025-05-31,exp_cc_fees,-935.54
L05,2025-05-31,exp_office_supplies,-192.88
L05,2025-05-31,exp_waste_removal,-231.4
L05,2025-05-31,exp_corporate_overhead,-1232.31
L05,2025-05-31,exp_training,-365.16
L05,2025-05-31,exp_general_liability_ins,-271.32
L05,2025-05-31,exp_bank_fees,-128.62
L05,2025-05-31,exp_depreciation,-754.13
L05,2025-05-31,exp_professional_fees,-356.77
L05,2025-06-30,rev_drip_coffee,9496.28
L05,2025-06-30,rev_espresso_drinks,12503.57
L05,2025-06-30,rev_cold_brew,8876.62
L05,2025-06-30,rev_specialty_seasonal,4076.81
L05,2025-06-30,rev_tea,2527.5
L05,2025-06-30,rev_pastries,4671.04
L05,2025-06-30,rev_sandwiches,4473.26
L05,2025-06-30,rev_breakfast,2586.4
L05,2025-06-30,rev_snacks,1743.67
L05,2025-06-30,rev_whole_bean,1960.46
L05,2025-06-30,rev_brew_equipment,994.36
L05,2025-06-30,rev_merchandise,659.19
L05,2025-06-30,rev_gift_cards,1074.78
L05,2025-06-30,rev_catering,1330.6
L05,2025-06-30,rev_wholesale,1089.91
L05,2025-06-30,exp_coffee_beans,-3769.37
L05,2025-06-30,exp_dairy,-1987.57
L05,2025-06-30,exp_syrups,-761.0
L05,2025-06-30,exp_food_ingredients,-1698.82
L05,2025-06-30,exp_packaging,-840.49
L05,2025-06-30,exp_retail_cogs,-603.14
L05,2025-06-30,exp_barista_wages,-7377.65
L05,2025-06-30,exp_shift_lead_wages,-2281.92
L05,2025-06-30,exp_store_manager_salary,-2992.04
L05,2025-06-30,exp_payroll_taxes,-1237.53
L05,2025-06-30,exp_employee_benefits,-867.36
L05,2025-06-30,exp_overtime,-616.69
L05,2025-06-30,exp_rent,-4414.65
L05,2025-06-30,exp_utilities,-933.37
L05,2025-06-30,exp_property_insurance,-386.14
L05,2025-06-30,exp_cam,-520.34
L05,2025-06-30,exp_property_tax,-648.42
L05,2025-06-30,exp_marketing,-1056.33
L05,2025-06-30,exp_pos_software,-415.22
L05,2025-06-30,exp_equipment_maintenance,-490.75
L05,2025-06-30,exp_cleaning,-404.24
L05,2025-06-30,exp_cc_fees,-1017.83
L05,2025-06-30,exp_office_supplies,-192.76
L05,2025-06-30,exp_waste_removal,-264.27
L05,2025-06-30,exp_corporate_overhead,-1327.17
L05,2025-06-30,exp_training,-362.73
L05,2025-06-30,exp_general_liability_ins,-336.29
L05,2025-06-30,exp_bank_fees,-124.8
L05,2025-06-30,exp_depreciation,-823.36
L05,2025-06-30,exp_professional_fees,-413.97
L05,2025-07-31,rev_drip_coffee,9158.25
L05,2025-07-31,rev_espresso_drinks,13117.35
L05,2025-07-31,rev_cold_brew,10161.08
L05,2025-07-31,rev_specialty_seasonal,4421.73
L05,2025-07-31,rev_tea,2329.82
L05,2025-07-31,rev_pastries,5308.65
L05,2025-07-31,rev_sandwiches,3896.23
L05,2025-07-31,rev_breakfast,2817.71
L05,2025-07-31,rev_snacks,1508.44
L05,2025-07-31,rev_whole_bean,2322.34
L05,2025-07-31,rev_brew_equipment,1054.82
L05,2025-07-31,rev_merchandise,657.07
L05,2025-07-31,rev_gift_cards,1151.94
L05,2025-07-31,rev_catering,1351.43
L05,2025-07-31,rev_wholesale,1315.55
L05,2025-07-31,exp_coffee_beans,-3827.6
L05,2025-07-31,exp_dairy,-2313.7
L05,2025-07-31,exp_syrups,-847.53
L05,2025-07-31,exp_food_ingredients,-1587.62
L05,2025-07-31,exp_packaging,-830.58
L05,2025-07-31,exp_retail_cogs,-582.57
L05,2025-07-31,exp_barista_wages,-7971.95
L05,2025-07-31,exp_shift_lead_wages,-2448.95
L05,2025-07-31,exp_store_manager_salary,-2855.75
L05,2025-07-31,exp_payroll_taxes,-1378.46
L05,2025-07-31,exp_employee_benefits,-979.4
L05,2025-07-31,exp_overtime,-561.83
L05,2025-07-31,exp_rent,-4415.74
L05,2025-07-31,exp_utilities,-918.07
L05,2025-07-31,exp_property_insurance,-366.44
L05,2025-07-31,exp_cam,-519.66
L05,2025-07-31,exp_property_tax,-633.65
L05,2025-07-31,exp_marketing,-958.5
L05,2025-07-31,exp_pos_software,-389.64
L05,2025-07-31,exp_equipment_maintenance,-545.79
L05,2025-07-31,exp_cleaning,-447.56
L05,2025-07-31,exp_cc_fees,-935.03
L05,2025-07-31,exp_office_supplies,-196.03
L05,2025-07-31,exp_waste_removal,-223.63
L05,2025-07-31,exp_corporate_overhead,-1386.13
L05,2025-07-31,exp_training,-321.94
L05,2025-07-31,exp_general_liability_ins,-266.01
L05,2025-07-31,exp_bank_fees,-127.66
L05,2025-07-31,exp_depreciation,-716.83
L05,2025-07-31,exp_professional_fees,-397.97
L05,2025-08-31,rev_drip_coffee,9230.32
L05,2025-08-31,rev_espresso_drinks,14973.54
L05,2025-08-31,rev_cold_brew,8874.68
L05,2025-08-31,rev_specialty_seasonal,4642.36
L05,2025-08-31,rev_tea,2060.1
L05,2025-08-31,rev_pastries,4474.2
L05,2025-08-31,rev_sandwiches,4378.98
L05,2025-08-31,rev_breakfast,2433.76
L05,2025-08-31,rev_snacks,1365.51
L05,2025-08-31,rev_whole_bean,2172.28
L05,2025-08-31,rev_brew_equipment,934.25
L05,2025-08-31,rev_merchandise,577.73
L05,2025-08-31,rev_gift_cards,1035.0
L05,2025-08-31,rev_catering,1398.43
L05,2025-08-31,rev_wholesale,1360.22
L05,2025-08-31,exp_coffee_beans,-3418.94
L05,2025-08-31,exp_dairy,-1945.66
L05,2025-08-31,exp_syrups,-762.22
L05,2025-08-31,exp_food_ingredients,-1641.1
L05,2025-08-31,exp_packaging,-892.8
L05,2025-08-31,exp_retail_cogs,-563.49
L05,2025-08-31,exp_barista_wages,-8159.77
L05,2025-08-31,exp_shift_lead_wages,-2564.69
L05,2025-08-31,exp_store_manager_salary,-2761.49
L05,2025-08-31,exp_payroll_taxes,-1220.92
L05,2025-08-31,exp_employee_benefits,-1078.05
L05,2025-08-31,exp_overtime,-610.14
L05,2025-08-31,exp_rent,-4380.9
L05,2025-08-31,exp_utilities,-903.86
L05,2025-08-31,exp_property_insurance,-356.62
L05,2025-08-31,exp_cam,-526.36
L05,2025-08-31,exp_property_tax,-632.43
L05,2025-08-31,exp_marketing,-1023.46
L05,2025-08-31,exp_pos_software,-297.72
L05,2025-08-31,exp_equipment_maintenance,-488.77
L05,2025-08-31,exp_cleaning,-385.23
L05,2025-08-31,exp_cc_fees,-889.52
L05,2025-08-31,exp_office_supplies,-198.82
L05,2025-08-31,exp_waste_removal,-250.79
L05,2025-08-31,exp_corporate_overhead,-1701.92
L05,2025-08-31,exp_training,-299.94
L05,2025-08-31,exp_general_liability_ins,-308.36
L05,2025-08-31,exp_bank_fees,-111.3
L05,2025-08-31,exp_depreciation,-649.56
L05,2025-08-31,exp_professional_fees,-356.86
L05,2025-09-30,rev_drip_coffee,7828.2
L05,2025-09-30,rev_espresso_drinks,13014.14
L05,2025-09-30,rev_cold_brew,5687.4
L05,2025-09-30,rev_specialty_seasonal,3237.76
L05,2025-09-30,rev_tea,2396.87
L05,2025-09-30,rev_pastries,4502.05
L05,2025-09-30,rev_sandwiches,3711.51
L05,2025-09-30,rev_breakfast,2720.23
L05,2025-09-30,rev_snacks,1340.7
L05,2025-09-30,rev_whole_bean,2086.24
L05,2025-09-30,rev_brew_equipment,815.75
L05,2025-09-30,rev_merchandise,532.99
L05,2025-09-30,rev_gift_cards,1017.71
L05,2025-09-30,rev_catering,1426.42
L05,2025-09-30,rev_wholesale,1182.69
L05,2025-09-30,exp_coffee_beans,-3276.57
L05,2025-09-30,exp_dairy,-1982.93
L05,2025-09-30,exp_syrups,-705.07
L05,2025-09-30,exp_food_ingredients,-1553.77
L05,2025-09-30,exp_packaging,-745.92
L05,2025-09-30,exp_retail_cogs,-497.85
L05,2025-09-30,exp_barista_wages,-7838.1
L05,2025-09-30,exp_shift_lead_wages,-2352.38
L05,2025-09-30,exp_store_manager_salary,-2708.5
L05,2025-09-30,exp_payroll_taxes,-1340.51
L05,2025-09-30,exp_employee_benefits,-919.47
L05,2025-09-30,exp_overtime,-631.32
L05,2025-09-30,exp_rent,-4506.07
L05,2025-09-30,exp_utilities,-930.61
L05,2025-09-30,exp_property_insurance,-372.71
L05,2025-09-30,exp_cam,-502.82
L05,2025-09-30,exp_property_tax,-633.98
L05,2025-09-30,exp_marketing,-1075.15
L05,2025-09-30,exp_pos_software,-382.57
L05,2025-09-30,exp_equipment_maintenance,-538.19
L05,2025-09-30,exp_cleaning,-315.87
L05,2025-09-30,exp_cc_fees,-806.62
L05,2025-09-30,exp_office_supplies,-236.83
L05,2025-09-30,exp_waste_removal,-211.07
L05,2025-09-30,exp_corporate_overhead,-1585.05
L05,2025-09-30,exp_training,-272.47
L05,2025-09-30,exp_general_liability_ins,-272.36
L05,2025-09-30,exp_bank_fees,-128.96
L05,2025-09-30,exp_depreciation,-716.25
L05,2025-09-30,exp_professional_fees,-428.79
L05,2025-10-31,rev_drip_coffee,8852.74
L05,2025-10-31,rev_espresso_drinks,13213.85
L05,2025-10-31,rev_cold_brew,5819.88
L05,2025-10-31,rev_specialty_seasonal,3960.79
L05,2025-10-31,rev_tea,2323.92
L05,2025-10-31,rev_pastries,4563.68
L05,2025-10-31,rev_sandwiches,4766.74
L05,2025-10-31,rev_breakfast,2366.38
L05,2025-10-31,rev_snacks,1481.09
L05,2025-10-31,rev_whole_bean,1954.87
L05,2025-10-31,rev_brew_equipment,776.97
L05,2025-10-31,rev_merchandise,555.51
L05,2025-10-31,rev_gift_cards,971.54
L05,2025-10-31,rev_catering,1243.96
L05,2025-10-31,rev_wholesale,1123.63
L05,2025-10-31,exp_coffee_beans,-3250.4
L05,2025-10-31,exp_dairy,-1887.12
L05,2025-10-31,exp_syrups,-664.12
L05,2025-10-31,exp_food_ingredients,-1501.39
L05,2025-10-31,exp_packaging,-723.01
L05,2025-10-31,exp_retail_cogs,-529.79
L05,2025-10-31,exp_barista_wages,-7225.83
L05,2025-10-31,exp_shift_lead_wages,-2702.56
L05,2025-10-31,exp_store_manager_salary,-2525.81
L05,2025-10-31,exp_payroll_taxes,-1193.45
L05,2025-10-31,exp_employee_benefits,-968.68
L05,2025-10-31,exp_overtime,-640.74
L05,2025-10-31,exp_rent,-4389.06
L05,2025-10-31,exp_utilities,-932.61
L05,2025-10-31,exp_property_insurance,-377.54
L05,2025-10-31,exp_cam,-523.63
L05,2025-10-31,exp_property_tax,-651.48
L05,2025-10-31,exp_marketing,-1166.81
L05,2025-10-31,exp_pos_software,-342.18
L05,2025-10-31,exp_equipment_maintenance,-559.71
L05,2025-10-31,exp_cleaning,-329.16
L05,2025-10-31,exp_cc_fees,-963.08
L05,2025-10-31,exp_office_supplies,-180.9
L05,2025-10-31,exp_waste_removal,-232.55
L05,2025-10-31,exp_corporate_overhead,-1153.32
L05,2025-10-31,exp_training,-312.71
L05,2025-10-31,exp_general_liability_ins,-230.35
L05,2025-10-31,exp_bank_fees,-123.17
L05,2025-10-31,exp_depreciation,-684.55
L05,2025-10-31,exp_professional_fees,-338.47
L05,2025-11-30,rev_drip_coffee,10381.3
L05,2025-11-30,rev_espresso_drinks,14410.87
L05,2025-11-30,rev_cold_brew,7013.48
L05,2025-11-30,rev_specialty_seasonal,6627.3
L05,2025-11-30,rev_tea,2090.61
L05,2025-11-30,rev_pastries,5578.41
L05,2025-11-30,rev_sandwiches,3992.1
L05,2025-11-30,rev_breakfast,2847.56
L05,2025-11-30,rev_snacks,1447.94
L05,2025-11-30,rev_whole_bean,1880.55
L05,2025-11-30,rev_brew_equipment,962.67
L05,2025-11-30,rev_merchandise,634.46
L05,2025-11-30,rev_gift_cards,1125.43
L05,2025-11-30,rev_catering,1466.68
L05,2025-11-30,rev_wholesale,1192.18
L05,2025-11-30,exp_coffee_beans,-3576.75
L05,2025-11-30,exp_dairy,-2076.58
L05,2025-11-30,exp_syrups,-739.2
L05,2025-11-30,exp_food_ingredients,-1645.45
L05,2025-11-30,exp_packaging,-829.0
L05,2025-11-30,exp_retail_cogs,-521.97
L05,2025-11-30,exp_barista_wages,-7654.95
L05,2025-11-30,exp_shift_lead_wages,-2194.17
L05,2025-11-30,exp_store_manager_salary,-2879.38
L05,2025-11-30,exp_payroll_taxes,-1394.76
L05,2025-11-30,exp_employee_benefits,-996.34
L05,2025-11-30,exp_overtime,-590.48
L05,2025-11-30,exp_rent,-4576.29
L05,2025-11-30,exp_utilities,-886.49
L05,2025-11-30,exp_property_insurance,-371.75
L05,2025-11-30,exp_cam,-523.96
L05,2025-11-30,exp_property_tax,-598.92
L05,2025-11-30,exp_marketing,-938.71
L05,2025-11-30,exp_pos_software,-397.78
L05,2025-11-30,exp_equipment_maintenance,-604.13
L05,2025-11-30,exp_cleaning,-419.72
L05,2025-11-30,exp_cc_fees,-1037.76
L05,2025-11-30,exp_office_supplies,-200.73
L05,2025-11-30,exp_waste_removal,-250.12
L05,2025-11-30,exp_corporate_overhead,-1343.32
L05,2025-11-30,exp_training,-304.02
L05,2025-11-30,exp_general_liability_ins,-259.88
L05,2025-11-30,exp_bank_fees,-136.71
L05,2025-11-30,exp_depreciation,-898.96
L05,2025-11-30,exp_professional_fees,-420.94
L05,2025-12-31,rev_drip_coffee,10384.81
L05,2025-12-31,rev_espresso_drinks,14361.37
L05,2025-12-31,rev_cold_brew,7996.8
L05,2025-12-31,rev_specialty_seasonal,6945.5
L05,2025-12-31,rev_tea,2583.41
L05,2025-12-31,rev_pastries,5341.56
L05,2025-12-31,rev_sandwiches,5282.49
L05,2025-12-31,rev_breakfast,2771.95
L05,2025-12-31,rev_snacks,1789.22
L05,2025-12-31,rev_whole_bean,2548.31
L05,2025-12-31,rev_brew_equipment,1171.76
L05,2025-12-31,rev_merchandise,704.1
L05,2025-12-31,rev_gift_cards,1053.62
L05,2025-12-31,rev_catering,1654.52
L05,2025-12-31,rev_wholesale,1560.78
L05,2025-12-31,exp_coffee_beans,-3765.72
L05,2025-12-31,exp_dairy,-2303.83
L05,2025-12-31,exp_syrups,-870.47
L05,2025-12-31,exp_food_ingredients,-1896.75
L05,2025-12-31,exp_packaging,-1010.03
L05,2025-12-31,exp_retail_cogs,-618.33
L05,2025-12-31,exp_barista_wages,-7585.91
L05,2025-12-31,exp_shift_lead_wages,-2684.82
L05,2025-12-31,exp_store_manager_salary,-2748.09
L05,2025-12-31,exp_payroll_taxes,-1311.46
L05,2025-12-31,exp_employee_benefits,-1067.69
L05,2025-12-31,exp_overtime,-650.59
L05,2025-12-31,exp_rent,-4563.47
L05,2025-12-31,exp_utilities,-933.19
L05,2025-12-31,exp_property_insurance,-372.65
L05,2025-12-31,exp_cam,-532.8
L05,2025-12-31,exp_property_tax,-686.94
L05,2025-12-31,exp_marketing,-1112.24
L05,2025-12-31,exp_pos_software,-361.91
L05,2025-12-31,exp_equipment_maintenance,-477.8
L05,2025-12-31,exp_cleaning,-378.78
L05,2025-12-31,exp_cc_fees,-933.25
L05,2025-12-31,exp_office_supplies,-186.0
L05,2025-12-31,exp_waste_removal,-236.58
L05,2025-12-31,exp_corporate_overhead,-1633.73
L05,2025-12-31,exp_training,-338.02
L05,2025-12-31,exp_general_liability_ins,-273.01
L05,2025-12-31,exp_bank_fees,-106.71
L05,2025-12-31,exp_depreciation,-884.59
L05,2025-12-31,exp_professional_fees,-368.08
L06,2023-01-31,rev_drip_coffee,12218.94
L06,2023-01-31,rev_espresso_drinks,18115.96
L06,2023-01-31,rev_cold_brew,6296.73
L06,2023-01-31,rev_specialty_seasonal,6694.47
L06,2023-01-31,rev_tea,2686.69
L06,2023-01-31,rev_pastries,6415.11
L06,2023-01-31,rev_sandwiches,5274.03
L06,2023-01-31,rev_breakfast,3051.11
L06,2023-01-31,rev_snacks,1940.34
L06,2023-01-31,rev_whole_bean,2378.87
L06,2023-01-31,rev_brew_equipment,1164.55
L06,2023-01-31,rev_merchandise,653.72
L06,2023-01-31,rev_gift_cards,1137.59
L06,2023-01-31,rev_catering,1859.92
L06,2023-01-31,rev_wholesale,1464.03
L06,2023-01-31,exp_coffee_beans,-6796.94
L06,2023-01-31,exp_dairy,-3712.06
L06,2023-01-31,exp_syrups,-1288.48
L06,2023-01-31,exp_food_ingredients,-3243.38
L06,2023-01-31,exp_packaging,-1370.14
L06,2023-01-31,exp_retail_cogs,-1125.62
L06,2023-01-31,exp_barista_wages,-13726.86
L06,2023-01-31,exp_shift_lead_wages,-4148.1
L06,2023-01-31,exp_store_manager_salary,-4476.36
L06,2023-01-31,exp_payroll_taxes,-1990.48
L06,2023-01-31,exp_employee_benefits,-1669.21
L06,2023-01-31,exp_overtime,-890.95
L06,2023-01-31,exp_rent,-6776.58
L06,2023-01-31,exp_utilities,-1435.6
L06,2023-01-31,exp_property_insurance,-583.27
L06,2023-01-31,exp_cam,-780.51
L06,2023-01-31,exp_property_tax,-987.59
L06,2023-01-31,exp_marketing,-1666.93
L06,2023-01-31,exp_pos_software,-632.14
L06,2023-01-31,exp_equipment_maintenance,-889.43
L06,2023-01-31,exp_cleaning,-685.72
L06,2023-01-31,exp_cc_fees,-1531.35
L06,2023-01-31,exp_office_supplies,-330.7
L06,2023-01-31,exp_waste_removal,-316.44
L06,2023-01-31,exp_corporate_overhead,-2100.11
L06,2023-01-31,exp_training,-458.84
L06,2023-01-31,exp_general_liability_ins,-414.83
L06,2023-01-31,exp_bank_fees,-194.28
L06,2023-01-31,exp_depreciation,-1271.73
L06,2023-01-31,exp_professional_fees,-589.17
L06,2023-02-28,rev_drip_coffee,11143.19
L06,2023-02-28,rev_espresso_drinks,15406.62
L06,2023-02-28,rev_cold_brew,8309.94
L06,2023-02-28,rev_specialty_seasonal,7204.05
L06,2023-02-28,rev_tea,2434.42
L06,2023-02-28,rev_pastries,5832.63
L06,2023-02-28,rev_sandwiches,4628.62
L06,2023-02-28,rev_breakfast,3205.12
L06,2023-02-28,rev_snacks,1764.47
L06,2023-02-28,rev_whole_bean,2305.49
L06,2023-02-28,rev_brew_equipment,1229.69
L06,2023-02-28,rev_merchandise,636.69
L06,2023-02-28,rev_gift_cards,1317.73
L06,2023-02-28,rev_catering,2014.98
L06,2023-02-28,rev_wholesale,1524.08
L06,2023-02-28,exp_coffee_beans,-6342.87
L06,2023-02-28,exp_dairy,-3517.43
L06,2023-02-28,exp_syrups,-1222.66
L06,2023-02-28,exp_food_ingredients,-2908.18
L06,2023-02-28,exp_packaging,-1400.3
L06,2023-02-28,exp_retail_cogs,-998.53
L06,2023-02-28,exp_barista_wages,-12360.7
L06,2023-02-28,exp_shift_lead_wages,-3885.95
L06,2023-02-28,exp_store_manager_salary,-4762.82
L06,2023-02-28,exp_payroll_taxes,-1920.58
L06,2023-02-28,exp_employee_benefits,-1607.09
L06,2023-02-28,exp_overtime,-948.36
L06,2023-02-28,exp_rent,-6882.46
L06,2023-02-28,exp_utilities,-1469.38
L06,2023-02-28,exp_property_insurance,-578.46
L06,2023-02-28,exp_cam,-771.52
L06,2023-02-28,exp_property_tax,-982.56
L06,2023-02-28,exp_marketing,-1681.5
L06,2023-02-28,exp_pos_software,-542.34
L06,2023-02-28,exp_equipment_maintenance,-739.43
L06,2023-02-28,exp_cleaning,-729.09
L06,2023-02-28,exp_cc_fees,-1305.24
L06,2023-02-28,exp_office_supplies,-321.08
L06,2023-02-28,exp_waste_removal,-370.46
L06,2023-02-28,exp_corporate_overhead,-2253.72
L06,2023-02-28,exp_training,-539.25
L06,2023-02-28,exp_general_liability_ins,-449.08
L06,2023-02-28,exp_bank_fees,-175.63
L06,2023-02-28,exp_depreciation,-1328.13
L06,2023-02-28,exp_professional_fees,-531.15
L06,2023-03-31,rev_drip_coffee,12361.97
L06,2023-03-31,rev_espresso_drinks,15844.17
L06,2023-03-31,rev_cold_brew,7565.35
L06,2023-03-31,rev_specialty_seasonal,5238.99
L06,2023-03-31,rev_tea,2945.49
L06,2023-03-31,rev_pastries,5524.65
L06,2023-03-31,rev_sandwiches,6037.62
L06,2023-03-31,rev_breakfast,3224.13
L06,2023-03-31,rev_snacks,2133.69
L06,2023-03-31,rev_whole_bean,2535.31
L06,2023-03-31,rev_brew_equipment,1072.25
L06,2023-03-31,rev_merchandise,761.98
L06,2023-03-31,rev_gift_cards,1247.77
L06,2023-03-31,rev_catering,2039.33
L06,2023-03-31,rev_wholesale,1514.83
L06,2023-03-31,exp_coffee_beans,-6806.22
L06,2023-03-31,exp_dairy,-4144.6
L06,2023-03-31,exp_syrups,-1345.2
L06,2023-03-31,exp_food_ingredients,-2998.86
L06,2023-03-31,exp_packaging,-1597.43
L06,2023-03-31,exp_retail_cogs,-1056.71
L06,2023-03-31,exp_barista_wages,-12140.2
L06,2023-03-31,exp_shift_lead_wages,-4233.43
L06,2023-03-31,exp_store_manager_salary,-4921.77
L06,2023-03-31,exp_payroll_taxes,-1978.01
L06,2023-03-31,exp_employee_benefits,-1663.42
L06,2023-03-31,exp_overtime,-933.67
L06,2023-03-31,exp_rent,-7154.94
L06,2023-03-31,exp_utilities,-1443.01
L06,2023-03-31,exp_property_insurance,-570.94
L06,2023-03-31,exp_cam,-806.43
L06,2023-03-31,exp_property_tax,-947.98
L06,2023-03-31,exp_marketing,-1487.24
L06,2023-03-31,exp_pos_software,-554.97
L06,2023-03-31,exp_equipment_maintenance,-879.6
L06,2023-03-31,exp_cleaning,-614.04
L06,2023-03-31,exp_cc_fees,-1497.87
L06,2023-03-31,exp_office_supplies,-303.54
L06,2023-03-31,exp_waste_removal,-357.25
L06,2023-03-31,exp_corporate_overhead,-2063.03
L06,2023-03-31,exp_training,-441.0
L06,2023-03-31,exp_general_liability_ins,-435.06
L06,2023-03-31,exp_bank_fees,-193.67
L06,2023-03-31,exp_depreciation,-1219.59
L06,2023-03-31,exp_professional_fees,-500.11
L06,2023-04-30,rev_drip_coffee,11818.07
L06,2023-04-30,rev_espresso_drinks,19196.04
L06,2023-04-30,rev_cold_brew,9703.2
L06,2023-04-30,rev_specialty_seasonal,5559.11
L06,2023-04-30,rev_tea,2912.63
L06,2023-04-30,rev_pastries,6853.13
L06,2023-04-30,rev_sandwiches,5556.35
L06,2023-04-30,rev_breakfast,4012.22
L06,2023-04-30,rev_snacks,2067.82
L06,2023-04-30,rev_whole_bean,2599.0
L06,2023-04-30,rev_brew_equipment,1223.61
L06,2023-04-30,rev_merchandise,763.63
L06,2023-04-30,rev_gift_cards,1566.05
L06,2023-04-30,rev_catering,1917.3
L06,2023-04-30,rev_wholesale,1614.31
L06,2023-04-30,exp_coffee_beans,-7426.28
L06,2023-04-30,exp_dairy,-4080.41
L06,2023-04-30,exp_syrups,-1505.36
L06,2023-04-30,exp_food_ingredients,-3420.49
L06,2023-04-30,exp_packaging,-1519.81
L06,2023-04-30,exp_retail_cogs,-1191.91
L06,2023-04-30,exp_barista_wages,-13240.59
L06,2023-04-30,exp_shift_lead_wages,-4149.67
L06,2023-04-30,exp_store_manager_salary,-4884.27
L06,2023-04-30,exp_payroll_taxes,-2218.8
L06,2023-04-30,exp_employee_benefits,-1906.27
L06,2023-04-30,exp_overtime,-937.02
L06,2023-04-30,exp_rent,-6862.19
L06,2023-04-30,exp_utilities,-1436.22
L06,2023-04-30,exp_property_insurance,-581.33
L06,2023-04-30,exp_cam,-804.57
L06,2023-04-30,exp_property_tax,-1028.08
L06,2023-04-30,exp_marketing,-1692.42
L06,2023-04-30,exp_pos_software,-611.33
L06,2023-04-30,exp_equipment_maintenance,-815.7
L06,2023-04-30,exp_cleaning,-558.51
L06,2023-04-30,exp_cc_fees,-1415.68
L06,2023-04-30,exp_office_supplies,-322.63
L06,2023-04-30,exp_waste_removal,-377.97
L06,2023-04-30,exp_corporate_overhead,-2211.72
L06,2023-04-30,exp_training,-450.76
L06,2023-04-30,exp_general_liability_ins,-409.3
L06,2023-04-30,exp_bank_fees,-182.68
L06,2023-04-30,exp_depreciation,-1282.51
L06,2023-04-30,exp_professional_fees,-614.59
L06,2023-05-31,rev_drip_coffee,12401.09
L06,2023-05-31,rev_espresso_drinks,20723.79
L06,2023-05-31,rev_cold_brew,8640.67
L06,2023-05-31,rev_specialty_seasonal,5983.09
L06,2023-05-31,rev_tea,3113.85
L06,2023-05-31,rev_pastries,7954.4
L06,2023-05-31,rev_sandwiches,6203.19
L06,2023-05-31,rev_breakfast,3867.99
L06,2023-05-31,rev_snacks,2243.09
L06,2023-05-31,rev_whole_bean,2681.78
L06,2023-05-31,rev_brew_equipment,1294.58
L06,2023-05-31,rev_merchandise,819.26
L06,2023-05-31,rev_gift_cards,1427.02
L06,2023-05-31,rev_catering,1974.28
L06,2023-05-31,rev_wholesale,1823.16
L06,2023-05-31,exp_coffee_beans,-7353.3
L06,2023-05-31,exp_dairy,-4575.22
L06,2023-05-31,exp_syrups,-1590.09
L06,2023-05-31,exp_food_ingredients,-3295.43
L06,2023-05-31,exp_packaging,-1775.17
L06,2023-05-31,exp_retail_cogs,-1148.55
L06,2023-05-31,exp_barista_wages,-14066.86
L06,2023-05-31,exp_shift_lead_wages,-4076.14
L06,2023-05-31,exp_store_manager_salary,-4978.75
L06,2023-05-31,exp_payroll_taxes,-2057.5
L06,2023-05-31,exp_employee_benefits,-1814.98
L06,2023-05-31,exp_overtime,-1086.83
L06,2023-05-31,exp_rent,-6797.96
L06,2023-05-31,exp_utilities,-1400.12
L06,2023-05-31,exp_property_insurance,-581.02
L06,2023-05-31,exp_cam,-804.89
L06,2023-05-31,exp_property_tax,-926.98
L06,2023-05-31,exp_marketing,-1915.85
L06,2023-05-31,exp_pos_software,-578.24
L06,2023-05-31,exp_equipment_maintenance,-900.19
L06,2023-05-31,exp_cleaning,-611.18
L06,2023-05-31,exp_cc_fees,-1190.44
L06,2023-05-31,exp_office_supplies,-321.5
L06,2023-05-31,exp_waste_removal,-342.66
L06,2023-05-31,exp_corporate_overhead,-2241.63
L06,2023-05-31,exp_training,-450.55
L06,2023-05-31,exp_general_liability_ins,-435.32
L06,2023-05-31,exp_bank_fees,-171.61
L06,2023-05-31,exp_depreciation,-1299.24
L06,2023-05-31,exp_professional_fees,-499.56
L06,2023-06-30,rev_drip_coffee,16970.24
L06,2023-06-30,rev_espresso_drinks,24564.88
L06,2023-06-30,rev_cold_brew,14840.32
L06,2023-06-30,rev_specialty_seasonal,6778.86
L06,2023-06-30,rev_tea,3350.42
L06,2023-06-30,rev_pastries,8243.86
L06,2023-06-30,rev_sandwiches,6793.02
L06,2023-06-30,rev_breakfast,3562.19
L06,2023-06-30,rev_snacks,2556.31
L06,2023-06-30,rev_whole_bean,3353.35
L06,2023-06-30,rev_brew_equipment,1385.5
L06,2023-06-30,rev_merchandise,805.4
L06,2023-06-30,rev_gift_cards,1512.96
L06,2023-06-30,rev_catering,1864.69
L06,2023-06-30,rev_wholesale,1920.85
L06,2023-06-30,exp_coffee_beans,-7437.32
L06,2023-06-30,exp_dairy,-4813.9
L06,2023-06-30,exp_syrups,-1599.39
L06,2023-06-30,exp_food_ingredients,-3509.51
L06,2023-06-30,exp_packaging,-1867.6
L06,2023-06-30,exp_retail_cogs,-1296.28
L06,2023-06-30,exp_barista_wages,-14647.93
L06,2023-06-30,exp_shift_lead_wages,-3996.24
L06,2023-06-30,exp_store_manager_salary,-4886.99
L06,2023-06-30,exp_payroll_taxes,-1966.22
L06,2023-06-30,exp_employee_benefits,-1610.71
L06,2023-06-30,exp_overtime,-1173.51
L06,2023-06-30,exp_rent,-7197.4
L06,2023-06-30,exp_utilities,-1419.96
L06,2023-06-30,exp_property_insurance,-566.3
L06,2023-06-30,exp_cam,-792.49
L06,2023-06-30,exp_property_tax,-991.44
L06,2023-06-30,exp_marketing,-1512.47
L06,2023-06-30,exp_pos_software,-562.27
L06,2023-06-30,exp_equipment_maintenance,-840.46
L06,2023-06-30,exp_cleaning,-584.81
L06,2023-06-30,exp_cc_fees,-1384.71
L06,2023-06-30,exp_office_supplies,-310.02
L06,2023-06-30,exp_waste_removal,-327.71
L06,2023-06-30,exp_corporate_overhead,-2222.03
L06,2023-06-30,exp_training,-438.91
L06,2023-06-30,exp_general_liability_ins,-430.61
L06,2023-06-30,exp_bank_fees,-211.77
L06,2023-06-30,exp_depreciation,-1175.76
L06,2023-06-30,exp_professional_fees,-619.08
L06,2023-07-31,rev_drip_coffee,12653.57
L06,2023-07-31,rev_espresso_drinks,20587.8
L06,2023-07-31,rev_cold_brew,13507.31
L06,2023-07-31,rev_specialty_seasonal,7287.78
L06,2023-07-31,rev_tea,2920.52
L06,2023-07-31,rev_pastries,7682.56
L06,2023-07-31,rev_sandwiches,7848.19
L06,2023-07-31,rev_breakfast,3914.39
L06,2023-07-31,rev_snacks,2303.13
L06,2023-07-31,rev_whole_bean,3241.79
L06,2023-07-31,rev_brew_equipment,1447.24
L06,2023-07-31,rev_merchandise,1031.68
L06,2023-07-31,rev_gift_cards,1688.41
L06,2023-07-31,rev_catering,2479.21
L06,2023-07-31,rev_wholesale,1780.86
L06,2023-07-31,exp_coffee_beans,-7994.67
L06,2023-07-31,exp_dairy,-4817.96
L06,2023-07-31,exp_syrups,-1615.19
L06,2023-07-31,exp_food_ingredients,-3974.12
L06,2023-07-31,exp_packaging,-1858.47
L06,2023-07-31,exp_retail_cogs,-1308.13
L06,2023-07-31,exp_barista_wages,-14536.2
L06,2023-07-31,exp_shift_lead_wages,-4076.73
L06,2023-07-31,exp_store_manager_salary,-5420.58
L06,2023-07-31,exp_payroll_taxes,-2255.89
L06,2023-07-31,exp_employee_benefits,-2006.36
L06,2023-07-31,exp_overtime,-1046.68
L06,2023-07-31,exp_rent,-6996.8
L06,2023-07-31,exp_utilities,-1422.42
L06,2023-07-31,exp_property_insurance,-584.36
L06,2023-07-31,exp_cam,-799.0
L06,2023-07-31,exp_property_tax,-942.0
L06,2023-07-31,exp_marketing,-1755.35
L06,2023-07-31,exp_pos_software,-544.4
L06,2023-07-31,exp_equipment_maintenance,-907.98
L06,2023-07-31,exp_cleaning,-662.88
L06,2023-07-31,exp_cc_fees,-1348.59
L06,2023-07-31,exp_office_supplies,-273.63
L06,2023-07-31,exp_waste_removal,-386.99
L06,2023-07-31,exp_corporate_overhead,-2061.52
L06,2023-07-31,exp_training,-503.77
L06,2023-07-31,exp_general_liability_ins,-417.62
L06,2023-07-31,exp_bank_fees,-205.06
L06,2023-07-31,exp_depreciation,-1246.49
L06,2023-07-31,exp_professional_fees,-583.26
L06,2023-08-31,rev_drip_coffee,13706.24
L06,2023-08-31,rev_espresso_drinks,20843.16
L06,2023-08-31,rev_cold_brew,14121.69
L06,2023-08-31,rev_specialty_seasonal,6015.16
L06,2023-08-31,rev_tea,3453.79
L06,2023-08-31,rev_pastries,7433.0
L06,2023-08-31,rev_sandwiches,6790.47
L06,2023-08-31,rev_breakfast,4545.91
L06,2023-08-31,rev_snacks,2456.61
L06,2023-08-31,rev_whole_bean,3039.87
L06,2023-08-31,rev_brew_equipment,1387.58
L06,2023-08-31,rev_merchandise,827.73
L06,2023-08-31,rev_gift_cards,1537.49
L06,2023-08-31,rev_catering,2196.77
L06,2023-08-31,rev_wholesale,1873.3
L06,2023-08-31,exp_coffee_beans,-8238.59
L06,2023-08-31,exp_dairy,-4402.57
L06,2023-08-31,exp_syrups,-1720.12
L06,2023-08-31,exp_food_ingredients,-3695.13
L06,2023-08-31,exp_packaging,-1723.19
L06,2023-08-31,exp_retail_cogs,-1381.26
L06,2023-08-31,exp_barista_wages,-15049.62
L06,2023-08-31,exp_shift_lead_wages,-4358.49
L06,2023-08-31,exp_store_manager_salary,-5294.64
L06,2023-08-31,exp_payroll_taxes,-2381.47
L06,2023-08-31,exp_employee_benefits,-1992.82
L06,2023-08-31,exp_overtime,-1096.66
L06,2023-08-31,exp_rent,-6726.0
L06,2023-08-31,exp_utilities,-1474.3
L06,2023-08-31,exp_property_insurance,-588.06
L06,2023-08-31,exp_cam,-789.12
L06,2023-08-31,exp_property_tax,-954.35
L06,2023-08-31,exp_marketing,-1674.99
L06,2023-08-31,exp_pos_software,-533.93
L06,2023-08-31,exp_equipment_maintenance,-869.31
L06,2023-08-31,exp_cleaning,-666.18
L06,2023-08-31,exp_cc_fees,-1378.83
L06,2023-08-31,exp_office_supplies,-267.57
L06,2023-08-31,exp_waste_removal,-377.2
L06,2023-08-31,exp_corporate_overhead,-2012.59
L06,2023-08-31,exp_training,-467.36
L06,2023-08-31,exp_general_liability_ins,-368.08
L06,2023-08-31,exp_bank_fees,-181.33
L06,2023-08-31,exp_depreciation,-1281.37
L06,2023-08-31,exp_professional_fees,-601.28
L06,2023-09-30,rev_drip_coffee,12275.14
L06,2023-09-30,rev_espresso_drinks,17201.1
L06,2023-09-30,rev_cold_brew,8865.92
L06,2023-09-30,rev_specialty_seasonal,5853.42
L06,2023-09-30,rev_tea,3171.64
L06,2023-09-30,rev_pastries,6585.6
L06,2023-09-30,rev_sandwiches,6383.01
L06,2023-09-30,rev_breakfast,4149.78
L06,2023-09-30,rev_snacks,2112.26
L06,2023-09-30,rev_whole_bean,2435.04
L06,2023-09-30,rev_brew_equipment,1285.53
L06,2023-09-30,rev_merchandise,946.16
L06,2023-09-30,rev_gift_cards,1296.78
L06,2023-09-30,rev_catering,1992.53
L06,2023-09-30,rev_wholesale,1596.94
L06,2023-09-30,exp_coffee_beans,-7398.88
L06,2023-09-30,exp_dairy,-4364.08
L06,2023-09-30,exp_syrups,-1607.42
L06,2023-09-30,exp_food_ingredients,-3456.26
L06,2023-09-30,exp_packaging,-1788.16
L06,2023-09-30,exp_retail_cogs,-1193.52
L06,2023-09-30,exp_barista_wages,-13107.35
L06,2023-09-30,exp_shift_lead_wages,-3985.45
L06,2023-09-30,exp_store_manager_salary,-4378.97
L06,2023-09-30,exp_payroll_taxes,-2239.65
L06,2023-09-30,exp_employee_benefits,-1998.81
L06,2023-09-30,exp_overtime,-1044.82
L06,2023-09-30,exp_rent,-7004.37
L06,2023-09-30,exp_utilities,-1405.62
L06,2023-09-30,exp_property_insurance,-572.98
L06,2023-09-30,exp_cam,-812.95
L06,2023-09-30,exp_property_tax,-1013.56
L06,2023-09-30,exp_marketing,-1831.75
L06,2023-09-30,exp_pos_software,-593.44
L06,2023-09-30,exp_equipment_maintenance,-844.5
L06,2023-09-30,exp_cleaning,-633.09
L06,2023-09-30,exp_cc_fees,-1351.49
L06,2023-09-30,exp_office_supplies,-257.57
L06,2023-09-30,exp_waste_removal,-322.27
L06,2023-09-30,exp_corporate_overhead,-2136.58
L06,2023-09-30,exp_training,-447.18
L06,2023-09-30,exp_general_liability_ins,-362.72
L06,2023-09-30,exp_bank_fees,-185.33
L06,2023-09-30,exp_depreciation,-1157.79
L06,2023-09-30,exp_professional_fees,-500.44
L06,2023-10-31,rev_drip_coffee,12464.15
L06,2023-10-31,rev_espresso_drinks,18124.79
L06,2023-10-31,rev_cold_brew,8252.88
L06,2023-10-31,rev_specialty_seasonal,5899.3
L06,2023-10-31,rev_tea,2553.33
L06,2023-10-31,rev_pastries,5662.79
L06,2023-10-31,rev_sandwiches,6113.83
L06,2023-10-31,rev_breakfast,3659.83
L06,2023-10-31,rev_snacks,2103.29
L06,2023-10-31,rev_whole_bean,2627.67
L06,2023-10-31,rev_brew_equipment,1149.09
L06,2023-10-31,rev_merchandise,796.78
L06,2023-10-31,rev_gift_cards,1367.26
L06,2023-10-31,rev_catering,2190.65
L06,2023-10-31,rev_wholesale,1553.14
L06,2023-10-31,exp_coffee_beans,-7199.99
L06,2023-10-31,exp_dairy,-4761.81
L06,2023-10-31,exp_syrups,-1476.4
L06,2023-10-31,exp_food_ingredients,-3468.02
L06,2023-10-31,exp_packaging,-1701.11
L06,2023-10-31,exp_retail_cogs,-1220.09
L06,2023-10-31,exp_barista_wages,-13507.65
L06,2023-10-31,exp_shift_lead_wages,-4165.45
L06,2023-10-31,exp_store_manager_salary,-4903.19
L06,2023-10-31,exp_payroll_taxes,-2109.32
L06,2023-10-31,exp_employee_benefits,-1799.14
L06,2023-10-31,exp_overtime,-1131.12
L06,2023-10-31,exp_rent,-7076.78
L06,2023-10-31,exp_utilities,-1425.94
L06,2023-10-31,exp_property_insurance,-585.65
L06,2023-10-31,exp_cam,-783.39
L06,2023-10-31,exp_property_tax,-969.34
L06,2023-10-31,exp_marketing,-1745.63
L06,2023-10-31,exp_pos_software,-630.89
L06,2023-10-31,exp_equipment_maintenance,-776.67
L06,2023-10-31,exp_cleaning,-590.09
L06,2023-10-31,exp_cc_fees,-1780.45
L06,2023-10-31,exp_office_supplies,-304.08
L06,2023-10-31,exp_waste_removal,-429.41
L06,2023-10-31,exp_corporate_overhead,-2169.97
L06,2023-10-31,exp_training,-471.97
L06,2023-10-31,exp_general_liability_ins,-412.21
L06,2023-10-31,exp_bank_fees,-203.56
L06,2023-10-31,exp_depreciation,-1358.24
L06,2023-10-31,exp_professional_fees,-508.25
L06,2023-11-30,rev_drip_coffee,13480.96
L06,2023-11-30,rev_espresso_drinks,21561.38
L06,2023-11-30,rev_cold_brew,9278.46
L06,2023-11-30,rev_specialty_seasonal,8261.22
L06,2023-11-30,rev_tea,3515.47
L06,2023-11-30,rev_pastries,7912.74
L06,2023-11-30,rev_sandwiches,6363.75
L06,2023-11-30,rev_breakfast,3989.09
L06,2023-11-30,rev_snacks,1987.67
L06,2023-11-30,rev_whole_bean,2753.3
L06,2023-11-30,rev_brew_equipment,1352.68
L06,2023-11-30,rev_merchandise,863.19
L06,2023-11-30,rev_gift_cards,1412.31
L06,2023-11-30,rev_catering,1984.18
L06,2023-11-30,rev_wholesale,1575.33
L06,2023-11-30,exp_coffee_beans,-7974.12
L06,2023-11-30,exp_dairy,-4126.11
L06,2023-11-30,exp_syrups,-1528.75
L06,2023-11-30,exp_food_ingredients,-3304.68
L06,2023-11-30,exp_packaging,-1816.97
L06,2023-11-30,exp_retail_cogs,-1156.62
L06,2023-11-30,exp_barista_wages,-13749.5
L06,2023-11-30,exp_shift_lead_wages,-4674.65
L06,2023-11-30,exp_store_manager_salary,-5543.51
L06,2023-11-30,exp_payroll_taxes,-2013.58
L06,2023-11-30,exp_employee_benefits,-1856.65
L06,2023-11-30,exp_overtime,-980.43
L06,2023-11-30,exp_rent,-6744.59
L06,2023-11-30,exp_utilities,-1414.11
L06,2023-11-30,exp_property_insurance,-589.93
L06,2023-11-30,exp_cam,-806.81
L06,2023-11-30,exp_property_tax,-960.48
L06,2023-11-30,exp_marketing,-1706.91
L06,2023-11-30,exp_pos_software,-425.99
L06,2023-11-30,exp_equipment_maintenance,-778.18
L06,2023-11-30,exp_cleaning,-568.99
L06,2023-11-30,exp_cc_fees,-1473.07
L06,2023-11-30,exp_office_supplies,-295.07
L06,2023-11-30,exp_waste_removal,-358.05
L06,2023-11-30,exp_corporate_overhead,-2088.85
L06,2023-11-30,exp_training,-461.66
L06,2023-11-30,exp_general_liability_ins,-448.16
L06,2023-11-30,exp_bank_fees,-188.8
L06,2023-11-30,exp_depreciation,-1161.87
L06,2023-11-30,exp_professional_fees,-589.71
L06,2023-12-31,rev_drip_coffee,16705.98
L06,2023-12-31,rev_espresso_drinks,21685.44
L06,2023-12-31,rev_cold_brew,10540.65
L06,2023-12-31,rev_specialty_seasonal,10618.7
L06,2023-12-31,rev_tea,3350.26
L06,2023-12-31,rev_pastries,9399.24
L06,2023-12-31,rev_sandwiches,6658.04
L06,2023-12-31,rev_breakfast,4308.5
L06,2023-12-31,rev_snacks,2296.69
L06,2023-12-31,rev_whole_bean,3936.61
L06,2023-12-31,rev_brew_equipment,1452.07
L06,2023-12-31,rev_merchandise,933.67
L06,2023-12-31,rev_gift_cards,1677.85
L06,2023-12-31,rev_catering,2395.75
L06,2023-12-31,rev_wholesale,1894.17
L06,2023-12-31,exp_coffee_beans,-8748.89
L06,2023-12-31,exp_dairy,-4257.34
L06,2023-12-31,exp_syrups,-1824.12
L06,2023-12-31,exp_food_ingredients,-4120.17
L06,2023-12-31,exp_packaging,-2114.78
L06,2023-12-31,exp_retail_cogs,-1529.98
L06,2023-12-31,exp_barista_wages,-14341.1
L06,2023-12-31,exp_shift_lead_wages,-4718.51
L06,2023-12-31,exp_store_manager_salary,-4972.51
L06,2023-12-31,exp_payroll_taxes,-2496.7
L06,2023-12-31,exp_employee_benefits,-1861.59
L06,2023-12-31,exp_overtime,-1023.3
L06,2023-12-31,exp_rent,-6883.83
L06,2023-12-31,exp_utilities,-1457.03
L06,2023-12-31,exp_property_insurance,-577.87
L06,2023-12-31,exp_cam,-821.11
L06,2023-12-31,exp_property_tax,-959.82
L06,2023-12-31,exp_marketing,-1761.57
L06,2023-12-31,exp_pos_software,-513.4
L06,2023-12-31,exp_equipment_maintenance,-860.5
L06,2023-12-31,exp_cleaning,-633.52
L06,2023-12-31,exp_cc_fees,-1558.3
L06,2023-12-31,exp_office_supplies,-308.73
L06,2023-12-31,exp_waste_removal,-336.34
L06,2023-12-31,exp_corporate_overhead,-2313.14
L06,2023-12-31,exp_training,-540.4
L06,2023-12-31,exp_general_liability_ins,-400.38
L06,2023-12-31,exp_bank_fees,-151.88
L06,2023-12-31,exp_depreciation,-1255.58
L06,2023-12-31,exp_professional_fees,-548.16
L06,2024-01-31,rev_drip_coffee,11724.81
L06,2024-01-31,rev_espresso_drinks,17924.29
L06,2024-01-31,rev_cold_brew,7715.95
L06,2024-01-31,rev_specialty_seasonal,7188.42
L06,2024-01-31,rev_tea,2756.15
L06,2024-01-31,rev_pastries,6940.79
L06,2024-01-31,rev_sandwiches,5652.09
L06,2024-01-31,rev_breakfast,3019.23
L06,2024-01-31,rev_snacks,1699.7
L06,2024-01-31,rev_whole_bean,2561.47
L06,2024-01-31,rev_brew_equipment,1040.68
L06,2024-01-31,rev_merchandise,643.54
L06,2024-01-31,rev_gift_cards,1373.96
L06,2024-01-31,rev_catering,1896.24
L06,2024-01-31,rev_wholesale,1427.6
L06,2024-01-31,exp_coffee_beans,-6757.49
L06,2024-01-31,exp_dairy,-3945.72
L06,2024-01-31,exp_syrups,-1416.8
L06,2024-01-31,exp_food_ingredients,-3206.81
L06,2024-01-31,exp_packaging,-1322.09
L06,2024-01-31,exp_retail_cogs,-1072.76
L06,2024-01-31,exp_barista_wages,-13243.79
L06,2024-01-31,exp_shift_lead_wages,-3885.37
L06,2024-01-31,exp_store_manager_salary,-4725.37
L06,2024-01-31,exp_payroll_taxes,-2208.88
L06,2024-01-31,exp_employee_benefits,-1715.49
L06,2024-01-31,exp_overtime,-1063.81
L06,2024-01-31,exp_rent,-7065.21
L06,2024-01-31,exp_utilities,-1413.97
L06,2024-01-31,exp_property_insurance,-573.51
L06,2024-01-31,exp_cam,-751.8
L06,2024-01-31,exp_property_tax,-968.05
L06,2024-01-31,exp_marketing,-1378.72
L06,2024-01-31,exp_pos_software,-561.36
L06,2024-01-31,exp_equipment_maintenance,-854.4
L06,2024-01-31,exp_cleaning,-663.23
L06,2024-01-31,exp_cc_fees,-1665.76
L06,2024-01-31,exp_office_supplies,-300.39
L06,2024-01-31,exp_waste_removal,-446.01
L06,2024-01-31,exp_corporate_overhead,-2175.41
L06,2024-01-31,exp_training,-400.28
L06,2024-01-31,exp_general_liability_ins,-401.3
L06,2024-01-31,exp_bank_fees,-179.09
L06,2024-01-31,exp_depreciation,-1266.68
L06,2024-01-31,exp_professional_fees,-513.23
L06,2024-02-29,rev_drip_coffee,11309.59
L06,2024-02-29,rev_espresso_drinks,16563.22
L06,2024-02-29,rev_cold_brew,7549.67
L06,2024-02-29,rev_specialty_seasonal,7649.46
L06,2024-02-29,rev_tea,2856.04
L06,2024-02-29,rev_pastries,6639.26
L06,2024-02-29,rev_sandwiches,5367.23
L06,2024-02-29,rev_breakfast,3591.13
L06,2024-02-29,rev_snacks,1637.21
L06,2024-02-29,rev_whole_bean,2201.84
L06,2024-02-29,rev_brew_equipment,1010.0
L06,2024-02-29,rev_merchandise,719.65
L06,2024-02-29,rev_gift_cards,1401.4
L06,2024-02-29,rev_catering,1673.16
L06,2024-02-29,rev_wholesale,1383.39
L06,2024-02-29,exp_coffee_beans,-6441.38
L06,2024-02-29,exp_dairy,-3931.56
L06,2024-02-29,exp_syrups,-1312.69
L06,2024-02-29,exp_food_ingredients,-2962.34
L06,2024-02-29,exp_packaging,-1386.38
L06,2024-02-29,exp_retail_cogs,-1031.34
L06,2024-02-29,exp_barista_wages,-13629.65
L06,2024-02-29,exp_shift_lead_wages,-3969.54
L06,2024-02-29,exp_store_manager_salary,-4465.69
L06,2024-02-29,exp_payroll_taxes,-2250.23
L06,2024-02-29,exp_employee_benefits,-1632.59
L06,2024-02-29,exp_overtime,-1049.23
L06,2024-02-29,exp_rent,-7103.44
L06,2024-02-29,exp_utilities,-1418.92
L06,2024-02-29,exp_property_insurance,-558.53
L06,2024-02-29,exp_cam,-833.75
L06,2024-02-29,exp_property_tax,-981.96
L06,2024-02-29,exp_marketing,-1542.85
L06,2024-02-29,exp_pos_software,-601.73
L06,2024-02-29,exp_equipment_maintenance,-900.64
L06,2024-02-29,exp_cleaning,-701.37
L06,2024-02-29,exp_cc_fees,-1364.81
L06,2024-02-29,exp_office_supplies,-310.77
L06,2024-02-29,exp_waste_removal,-320.12
L06,2024-02-29,exp_corporate_overhead,-2267.65
L06,2024-02-29,exp_training,-459.57
L06,2024-02-29,exp_general_liability_ins,-437.15
L06,2024-02-29,exp_bank_fees,-183.3
L06,2024-02-29,exp_depreciation,-1165.86
L06,2024-02-29,exp_professional_fees,-517.71
L06,2024-03-31,rev_drip_coffee,13298.26
L06,2024-03-31,rev_espresso_drinks,20272.89
L06,2024-03-31,rev_cold_brew,8076.8
L06,2024-03-31,rev_specialty_seasonal,5584.8
L06,2024-03-31,rev_tea,3034.16
L06,2024-03-31,rev_pastries,6559.83
L06,2024-03-31,rev_sandwiches,5224.9
L06,2024-03-31,rev_breakfast,3168.31
L06,2024-03-31,rev_snacks,1859.97
L06,2024-03-31,rev_whole_bean,2216.41
L06,2024-03-31,rev_brew_equipment,1343.64
L06,2024-03-31,rev_merchandise,799.16
L06,2024-03-31,rev_gift_cards,1376.82
L06,2024-03-31,rev_catering,1565.16
L06,2024-03-31,rev_wholesale,1326.09
L06,2024-03-31,exp_coffee_beans,-7028.86
L06,2024-03-31,exp_dairy,-4532.64
L06,2024-03-31,exp_syrups,-1401.07
L06,2024-03-31,exp_food_ingredients,-3427.52
L06,2024-03-31,exp_packaging,-1566.1
L06,2024-03-31,exp_retail_cogs,-1149.31
L06,2024-03-31,exp_barista_wages,-14087.56
L06,2024-03-31,exp_shift_lead_wages,-3987.62
L06,2024-03-31,exp_store_manager_salary,-4620.51
L06,2024-03-31,exp_payroll_taxes,-2344.57
L06,2024-03-31,exp_employee_benefits,-1749.98
L06,2024-03-31,exp_overtime,-1062.55
L06,2024-03-31,exp_rent,-6814.78
L06,2024-03-31,exp_utilities,-1457.2
L06,2024-03-31,exp_property_insurance,-578.94
L06,2024-03-31,exp_cam,-804.18
L06,2024-03-31,exp_property_tax,-976.98
L06,2024-03-31,exp_marketing,-1513.9
L06,2024-03-31,exp_pos_software,-549.12
L06,2024-03-31,exp_equipment_maintenance,-804.29
L06,2024-03-31,exp_cleaning,-679.58
L06,2024-03-31,exp_cc_fees,-1431.94
L06,2024-03-31,exp_office_supplies,-256.11
L06,2024-03-31,exp_waste_removal,-302.2
L06,2024-03-31,exp_corporate_overhead,-1758.89
L06,2024-03-31,exp_training,-489.1
L06,2024-03-31,exp_general_liability_ins,-376.24
L06,2024-03-31,exp_bank_fees,-191.61
L06,2024-03-31,exp_depreciation,-1212.2
L06,2024-03-31,exp_professional_fees,-563.26
L06,2024-04-30,rev_drip_coffee,13627.4
L06,2024-04-30,rev_espresso_drinks,19308.97
L06,2024-04-30,rev_cold_brew,6969.23
L06,2024-04-30,rev_specialty_seasonal,5483.7
L06,2024-04-30,rev_tea,3192.1
L06,2024-04-30,rev_pastries,7806.13
L06,2024-04-30,rev_sandwiches,7110.29
L06,2024-04-30,rev_breakfast,3316.73
L06,2024-04-30,rev_snacks,2029.92
L06,2024-04-30,rev_whole_bean,2462.07
L06,2024-04-30,rev_brew_equipment,1425.73
L06,2024-04-30,rev_merchandise,883.39
L06,2024-04-30,rev_gift_cards,1493.51
L06,2024-04-30,rev_catering,2024.09
L06,2024-04-30,rev_wholesale,1814.87
L06,2024-04-30,exp_coffee_beans,-7847.84
L06,2024-04-30,exp_dairy,-4594.77
L06,2024-04-30,exp_syrups,-1563.09
L06,2024-04-30,exp_food_ingredients,-3398.15
L06,2024-04-30,exp_packaging,-1753.84
L06,2024-04-30,exp_retail_cogs,-1255.69
L06,2024-04-30,exp_barista_wages,-13263.06
L06,2024-04-30,exp_shift_lead_wages,-4073.13
L06,2024-04-30,exp_store_manager_salary,-5259.95
L06,2024-04-30,exp_payroll_taxes,-2428.22
L06,2024-04-30,exp_employee_benefits,-1703.03
L06,2024-04-30,exp_overtime,-1002.87
L06,2024-04-30,exp_rent,-6957.97
L06,2024-04-30,exp_utilities,-1431.12
L06,2024-04-30,exp_property_insurance,-569.77
L06,2024-04-30,exp_cam,-827.28
L06,2024-04-30,exp_property_tax,-982.64
L06,2024-04-30,exp_marketing,-1679.22
L06,2024-04-30,exp_pos_software,-645.82
L06,2024-04-30,exp_equipment_maintenance,-803.75
L06,2024-04-30,exp_cleaning,-614.6
L06,2024-04-30,exp_cc_fees,-1278.43
L06,2024-04-30,exp_office_supplies,-295.99
L06,2024-04-30,exp_waste_removal,-309.11
L06,2024-04-30,exp_corporate_overhead,-2284.98
L06,2024-04-30,exp_training,-479.98
L06,2024-04-30,exp_general_liability_ins,-413.42
L06,2024-04-30,exp_bank_fees,-184.16
L06,2024-04-30,exp_depreciation,-1286.93
L06,2024-04-30,exp_professional_fees,-502.54
L06,2024-05-31,rev_drip_coffee,14049.72
L06,2024-05-31,rev_espresso_drinks,21141.25
L06,2024-05-31,rev_cold_brew,8010.92
L06,2024-05-31,rev_specialty_seasonal,6234.81
L06,2024-05-31,rev_tea,2807.36
L06,2024-05-31,rev_pastries,7177.48
L06,2024-05-31,rev_sandwiches,5966.03
L06,2024-05-31,rev_breakfast,4356.4
L06,2024-05-31,rev_snacks,1989.78
L06,2024-05-31,rev_whole_bean,2565.3
L06,2024-05-31,rev_brew_equipment,1348.96
L06,2024-05-31,rev_merchandise,829.64
L06,2024-05-31,rev_gift_cards,1341.79
L06,2024-05-31,rev_catering,2185.65
L06,2024-05-31,rev_wholesale,1442.67
L06,2024-05-31,exp_coffee_beans,-7367.09
L06,2024-05-31,exp_dairy,-4429.29
L06,2024-05-31,exp_syrups,-1668.96
L06,2024-05-31,exp_food_ingredients,-3866.69
L06,2024-05-31,exp_packaging,-1871.3
L06,2024-05-31,exp_retail_cogs,-1257.08
L06,2024-05-31,exp_barista_wages,-11706.85
L06,2024-05-31,exp_shift_lead_wages,-4349.15
L06,2024-05-31,exp_store_manager_salary,-5473.84
L06,2024-05-31,exp_payroll_taxes,-2421.75
L06,2024-05-31,exp_employee_benefits,-1871.8
L06,2024-05-31,exp_overtime,-966.42
L06,2024-05-31,exp_rent,-6836.88
L06,2024-05-31,exp_utilities,-1472.14
L06,2024-05-31,exp_property_insurance,-559.47
L06,2024-05-31,exp_cam,-778.94
L06,2024-05-31,exp_property_tax,-992.78
L06,2024-05-31,exp_marketing,-1525.75
L06,2024-05-31,exp_pos_software,-484.31
L06,2024-05-31,exp_equipment_maintenance,-970.12
L06,2024-05-31,exp_cleaning,-648.67
L06,2024-05-31,exp_cc_fees,-1405.81
L06,2024-05-31,exp_office_supplies,-266.67
L06,2024-05-31,exp_waste_removal,-437.55
L06,2024-05-31,exp_corporate_overhead,-2120.79
L06,2024-05-31,exp_training,-525.0
L06,2024-05-31,exp_general_liability_ins,-463.2
L06,2024-05-31,exp_bank_fees,-176.33
L06,2024-05-31,exp_depreciation,-1134.53
L06,2024-05-31,exp_professional_fees,-648.93
L06,2024-06-30,rev_drip_coffee,16470.77
L06,2024-06-30,rev_espresso_drinks,18148.98
L06,2024-06-30,rev_cold_brew,14045.76
L06,2024-06-30,rev_specialty_seasonal,6243.84
L06,2024-06-30,rev_tea,3171.75
L06,2024-06-30,rev_pastries,7890.53
L06,2024-06-30,rev_sandwiches,6259.24
L06,2024-06-30,rev_breakfast,4013.84
L06,2024-06-30,rev_snacks,2189.54
L06,2024-06-30,rev_whole_bean,3026.44
L06,2024-06-30,rev_brew_equipment,1415.56
L06,2024-06-30,rev_merchandise,840.88
L06,2024-06-30,rev_gift_cards,1831.87
L06,2024-06-30,rev_catering,2325.54
L06,2024-06-30,rev_wholesale,2093.27
L06,2024-06-30,exp_coffee_beans,-8221.3
L06,2024-06-30,exp_dairy,-4731.0
L06,2024-06-30,exp_syrups,-1862.06
L06,2024-06-30,exp_food_ingredients,-3761.61
L06,2024-06-30,exp_packaging,-1874.88
L06,2024-06-30,exp_retail_cogs,-1399.89
L06,2024-06-30,exp_barista_wages,-13055.44
L06,2024-06-30,exp_shift_lead_wages,-4560.3
L06,2024-06-30,exp_store_manager_salary,-5358.16
L06,2024-06-30,exp_payroll_taxes,-2497.45
L06,2024-06-30,exp_employee_benefits,-1974.52
L06,2024-06-30,exp_overtime,-1154.64
L06,2024-06-30,exp_rent,-6894.21
L06,2024-06-30,exp_utilities,-1392.87
L06,2024-06-30,exp_property_insurance,-600.09
L06,2024-06-30,exp_cam,-772.9
L06,2024-06-30,exp_property_tax,-946.61
L06,2024-06-30,exp_marketing,-1684.6
L06,2024-06-30,exp_pos_software,-638.46
L06,2024-06-30,exp_equipment_maintenance,-857.49
L06,2024-06-30,exp_cleaning,-682.05
L06,2024-06-30,exp_cc_fees,-1169.91
L06,2024-06-30,exp_office_supplies,-286.14
L06,2024-06-30,exp_waste_removal,-295.13
L06,2024-06-30,exp_corporate_overhead,-2291.91
L06,2024-06-30,exp_training,-389.36
L06,2024-06-30,exp_general_liability_ins,-370.87
L06,2024-06-30,exp_bank_fees,-195.59
L06,2024-06-30,exp_depreciation,-1322.85
L06,2024-06-30,exp_professional_fees,-557.92
L06,2024-07-31,rev_drip_coffee,15831.11
L06,2024-07-31,rev_espresso_drinks,22871.01
L06,2024-07-31,rev_cold_brew,13576.32
L06,2024-07-31,rev_specialty_seasonal,5906.91
L06,2024-07-31,rev_tea,3710.62
L06,2024-07-31,rev_pastries,8324.94
L06,2024-07-31,rev_sandwiches,7720.09
L06,2024-07-31,rev_breakfast,4387.98
L06,2024-07-31,rev_snacks,2177.09
L06,2024-07-31,rev_whole_bean,3415.7
L06,2024-07-31,rev_brew_equipment,1461.68
L06,2024-07-31,rev_merchandise,903.46
L06,2024-07-31,rev_gift_cards,1631.3
L06,2024-07-31,rev_catering,2170.33
L06,2024-07-31,rev_wholesale,2013.16
L06,2024-07-31,exp_coffee_beans,-7906.24
L06,2024-07-31,exp_dairy,-4746.67
L06,2024-07-31,exp_syrups,-1728.53
L06,2024-07-31,exp_food_ingredients,-4298.24
L06,2024-07-31,exp_packaging,-2044.81
L06,2024-07-31,exp_retail_cogs,-1273.61
L06,2024-07-31,exp_barista_wages,-15431.69
L06,2024-07-31,exp_shift_lead_wages,-4785.27
L06,2024-07-31,exp_store_manager_salary,-4870.84
L06,2024-07-31,exp_payroll_taxes,-1993.57
L06,2024-07-31,exp_employee_benefits,-1889.0
L06,2024-07-31,exp_overtime,-1157.14
L06,2024-07-31,exp_rent,-7129.37
L06,2024-07-31,exp_utilities,-1392.64
L06,2024-07-31,exp_property_insurance,-595.96
L06,2024-07-31,exp_cam,-761.72
L06,2024-07-31,exp_property_tax,-967.24
L06,2024-07-31,exp_marketing,-1527.97
L06,2024-07-31,exp_pos_software,-612.5
L06,2024-07-31,exp_equipment_maintenance,-950.8
L06,2024-07-31,exp_cleaning,-679.25
L06,2024-07-31,exp_cc_fees,-1264.22
L06,2024-07-31,exp_office_supplies,-327.16
L06,2024-07-31,exp_waste_removal,-381.68
L06,2024-07-31,exp_corporate_overhead,-1770.69
L06,2024-07-31,exp_training,-365.42
L06,2024-07-31,exp_general_liability_ins,-469.33
L06,2024-07-31,exp_bank_fees,-182.67
L06,2024-07-31,exp_depreciation,-1042.18
L06,2024-07-31,exp_professional_fees,-555.13
L06,2024-08-31,rev_drip_coffee,14903.98
L06,2024-08-31,rev_espresso_drinks,20835.22
L06,2024-08-31,rev_cold_brew,11573.16
L06,2024-08-31,rev_specialty_seasonal,7126.48
L06,2024-08-31,rev_tea,3668.64
L06,2024-08-31,rev_pastries,7387.02
L06,2024-08-31,rev_sandwiches,6728.84
L06,2024-08-31,rev_breakfast,4212.74
L06,2024-08-31,rev_snacks,2089.58
L06,2024-08-31,rev_whole_bean,3176.12
L06,2024-08-31,rev_brew_equipment,1249.42
L06,2024-08-31,rev_merchandise,893.82
L06,2024-08-31,rev_gift_cards,1448.64
L06,2024-08-31,rev_catering,2000.76
L06,2024-08-31,rev_wholesale,2034.49
L06,2024-08-31,exp_coffee_beans,-8163.74
L06,2024-08-31,exp_dairy,-4827.16
L06,2024-08-31,exp_syrups,-1511.95
L06,2024-08-31,exp_food_ingredients,-3690.83
L06,2024-08-31,exp_packaging,-1900.81
L06,2024-08-31,exp_retail_cogs,-1340.0
L06,2024-08-31,exp_barista_wages,-12180.5
L06,2024-08-31,exp_shift_lead_wages,-4392.09
L06,2024-08-31,exp_store_manager_salary,-5247.91
L06,2024-08-31,exp_payroll_taxes,-2479.19
L06,2024-08-31,exp_employee_benefits,-1786.12
L06,2024-08-31,exp_overtime,-919.49
L06,2024-08-31,exp_rent,-6771.73
L06,2024-08-31,exp_utilities,-1386.23
L06,2024-08-31,exp_property_insurance,-584.27
L06,2024-08-31,exp_cam,-753.93
L06,2024-08-31,exp_property_tax,-965.68
L06,2024-08-31,exp_marketing,-1821.84
L06,2024-08-31,exp_pos_software,-549.61
L06,2024-08-31,exp_equipment_maintenance,-916.97
L06,2024-08-31,exp_cleaning,-518.28
L06,2024-08-31,exp_cc_fees,-1227.47
L06,2024-08-31,exp_office_supplies,-344.47
L06,2024-08-31,exp_waste_removal,-366.87
L06,2024-08-31,exp_corporate_overhead,-2147.95
L06,2024-08-31,exp_training,-409.13
L06,2024-08-31,exp_general_liability_ins,-429.48
L06,2024-08-31,exp_bank_fees,-164.71
L06,2024-08-31,exp_depreciation,-1337.8
L06,2024-08-31,exp_professional_fees,-721.58
L06,2024-09-30,rev_drip_coffee,13948.87
L06,2024-09-30,rev_espresso_drinks,18460.92
L06,2024-09-30,rev_cold_brew,7236.46
L06,2024-09-30,rev_specialty_seasonal,4968.26
L06,2024-09-30,rev_tea,3540.54
L06,2024-09-30,rev_pastries,6459.1
L06,2024-09-30,rev_sandwiches,6200.75
L06,2024-09-30,rev_breakfast,3996.22
L06,2024-09-30,rev_snacks,2382.71
L06,2024-09-30,rev_whole_bean,2825.18
L06,2024-09-30,rev_brew_equipment,1254.61
L06,2024-09-30,rev_merchandise,838.3
L06,2024-09-30,rev_gift_cards,1407.41
L06,2024-09-30,rev_catering,1943.97
L06,2024-09-30,rev_wholesale,1721.97
L06,2024-09-30,exp_coffee_beans,-7617.59
L06,2024-09-30,exp_dairy,-4902.32
L06,2024-09-30,exp_syrups,-1592.96
L06,2024-09-30,exp_food_ingredients,-3730.76
L06,2024-09-30,exp_packaging,-1630.55
L06,2024-09-30,exp_retail_cogs,-1262.91
L06,2024-09-30,exp_barista_wages,-12943.94
L06,2024-09-30,exp_shift_lead_wages,-4295.86
L06,2024-09-30,exp_store_manager_salary,-5172.23
L06,2024-09-30,exp_payroll_taxes,-2233.27
L06,2024-09-30,exp_employee_benefits,-2058.17
L06,2024-09-30,exp_overtime,-1115.71
L06,2024-09-30,exp_rent,-7072.16
L06,2024-09-30,exp_utilities,-1438.99
L06,2024-09-30,exp_property_insurance,-596.1
L06,2024-09-30,exp_cam,-774.33
L06,2024-09-30,exp_property_tax,-1001.12
L06,2024-09-30,exp_marketing,-1436.44
L06,2024-09-30,exp_pos_software,-518.22
L06,2024-09-30,exp_equipment_maintenance,-888.78
L06,2024-09-30,exp_cleaning,-696.55
L06,2024-09-30,exp_cc_fees,-1293.01
L06,2024-09-30,exp_office_supplies,-285.75
L06,2024-09-30,exp_waste_removal,-366.73
L06,2024-09-30,exp_corporate_overhead,-2086.37
L06,2024-09-30,exp_training,-499.97
L06,2024-09-30,exp_general_liability_ins,-571.29
L06,2024-09-30,exp_bank_fees,-193.82
L06,2024-09-30,exp_depreciation,-1107.95
L06,2024-09-30,exp_professional_fees,-493.43
L06,2024-10-31,rev_drip_coffee,12823.07
L06,2024-10-31,rev_espresso_drinks,17633.23
L06,2024-10-31,rev_cold_brew,9230.99
L06,2024-10-31,rev_specialty_seasonal,5833.02
L06,2024-10-31,rev_tea,2972.73
L06,2024-10-31,rev_pastries,7996.41
L06,2024-10-31,rev_sandwiches,5896.42
L06,2024-10-31,rev_breakfast,3687.13
L06,2024-10-31,rev_snacks,2195.13
L06,2024-10-31,rev_whole_bean,3015.6
L06,2024-10-31,rev_brew_equipment,1401.09
L06,2024-10-31,rev_merchandise,845.19
L06,2024-10-31,rev_gift_cards,1574.9
L06,2024-10-31,rev_catering,1891.26
L06,2024-10-31,rev_wholesale,1754.39
L06,2024-10-31,exp_coffee_beans,-7734.41
L06,2024-10-31,exp_dairy,-4671.83
L06,2024-10-31,exp_syrups,-1400.71
L06,2024-10-31,exp_food_ingredients,-3301.67
L06,2024-10-31,exp_packaging,-1758.57
L06,2024-10-31,exp_retail_cogs,-1046.53
L06,2024-10-31,exp_barista_wages,-13812.58
L06,2024-10-31,exp_shift_lead_wages,-4425.4
L06,2024-10-31,exp_store_manager_salary,-4754.73
L06,2024-10-31,exp_payroll_taxes,-2150.8
L06,2024-10-31,exp_employee_benefits,-1668.28
L06,2024-10-31,exp_overtime,-987.09
L06,2024-10-31,exp_rent,-6841.41
L06,2024-10-31,exp_utilities,-1397.97
L06,2024-10-31,exp_property_insurance,-567.29
L06,2024-10-31,exp_cam,-792.93
L06,2024-10-31,exp_property_tax,-968.9
L06,2024-10-31,exp_marketing,-1893.32
L06,2024-10-31,exp_pos_software,-527.57
L06,2024-10-31,exp_equipment_maintenance,-870.5
L06,2024-10-31,exp_cleaning,-584.31
L06,2024-10-31,exp_cc_fees,-1375.44
L06,2024-10-31,exp_office_supplies,-249.85
L06,2024-10-31,exp_waste_removal,-306.12
L06,2024-10-31,exp_corporate_overhead,-1869.38
L06,2024-10-31,exp_training,-469.09
L06,2024-10-31,exp_general_liability_ins,-470.96
L06,2024-10-31,exp_bank_fees,-152.79
L06,2024-10-31,exp_depreciation,-1130.21
L06,2024-10-31,exp_professional_fees,-489.44
L06,2024-11-30,rev_drip_coffee,13918.28
L06,2024-11-30,rev_espresso_drinks,22365.14
L06,2024-11-30,rev_cold_brew,9266.45
L06,2024-11-30,rev_specialty_seasonal,8782.21
L06,2024-11-30,rev_tea,3722.24
L06,2024-11-30,rev_pastries,7725.67
L06,2024-11-30,rev_sandwiches,6354.8
L06,2024-11-30,rev_breakfast,4071.63
L06,2024-11-30,rev_snacks,2106.09
L06,2024-11-30,rev_whole_bean,3142.16
L06,2024-11-30,rev_brew_equipment,1429.46
L06,2024-11-30,rev_merchandise,786.03
L06,2024-11-30,rev_gift_cards,1590.97
L06,2024-11-30,rev_catering,2137.06
L06,2024-11-30,rev_wholesale,1842.02
L06,2024-11-30,exp_coffee_beans,-8323.84
L06,2024-11-30,exp_dairy,-4802.73
L06,2024-11-30,exp_syrups,-1625.43
L06,2024-11-30,exp_food_ingredients,-3909.53
L06,2024-11-30,exp_packaging,-1744.55
L06,2024-11-30,exp_retail_cogs,-1216.95
L06,2024-11-30,exp_barista_wages,-11214.13
L06,2024-11-30,exp_shift_lead_wages,-4284.59
L06,2024-11-30,exp_store_manager_salary,-4841.94
L06,2024-11-30,exp_payroll_taxes,-2337.55
L06,2024-11-30,exp_employee_benefits,-1625.92
L06,2024-11-30,exp_overtime,-1012.81
L06,2024-11-30,exp_rent,-6974.46
L06,2024-11-30,exp_utilities,-1388.14
L06,2024-11-30,exp_property_insurance,-580.5
L06,2024-11-30,exp_cam,-788.37
L06,2024-11-30,exp_property_tax,-973.77
L06,2024-11-30,exp_marketing,-1689.39
L06,2024-11-30,exp_pos_software,-601.54
L06,2024-11-30,exp_equipment_maintenance,-849.32
L06,2024-11-30,exp_cleaning,-569.61
L06,2024-11-30,exp_cc_fees,-1394.67
L06,2024-11-30,exp_office_supplies,-320.37
L06,2024-11-30,exp_waste_removal,-326.1
L06,2024-11-30,exp_corporate_overhead,-2088.14
L06,2024-11-30,exp_training,-442.86
L06,2024-11-30,exp_general_liability_ins,-420.8
L06,2024-11-30,exp_bank_fees,-167.25
L06,2024-11-30,exp_depreciation,-974.4
L06,2024-11-30,exp_professional_fees,-596.45
L06,2024-12-31,rev_drip_coffee,17300.97
L06,2024-12-31,rev_espresso_drinks,19927.12
L06,2024-12-31,rev_cold_brew,11176.15
L06,2024-12-31,rev_specialty_seasonal,10821.45
L06,2024-12-31,rev_tea,3945.83
L06,2024-12-31,rev_pastries,8138.12
L06,2024-12-31,rev_sandwiches,7066.42
L06,2024-12-31,rev_breakfast,4571.12
L06,2024-12-31,rev_snacks,2598.28
L06,2024-12-31,rev_whole_bean,3460.28
L06,2024-12-31,rev_brew_equipment,1528.47
L06,2024-12-31,rev_merchandise,910.61
L06,2024-12-31,rev_gift_cards,1832.3
L06,2024-12-31,rev_catering,2528.8
L06,2024-12-31,rev_wholesale,2025.95
L06,2024-12-31,exp_coffee_beans,-9077.7
L06,2024-12-31,exp_dairy,-5743.71
L06,2024-12-31,exp_syrups,-1806.19
L06,2024-12-31,exp_food_ingredients,-4489.77
L06,2024-12-31,exp_packaging,-1985.02
L06,2024-12-31,exp_retail_cogs,-1553.5
L06,2024-12-31,exp_barista_wages,-15760.58
L06,2024-12-31,exp_shift_lead_wages,-4470.97
L06,2024-12-31,exp_store_manager_salary,-5923.73
L06,2024-12-31,exp_payroll_taxes,-2482.77
L06,2024-12-31,exp_employee_benefits,-1847.76
L06,2024-12-31,exp_overtime,-1089.51
L06,2024-12-31,exp_rent,-7066.01
L06,2024-12-31,exp_utilities,-1443.49
L06,2024-12-31,exp_property_insurance,-563.61
L06,2024-12-31,exp_cam,-795.03
L06,2024-12-31,exp_property_tax,-978.38
L06,2024-12-31,exp_marketing,-1513.56
L06,2024-12-31,exp_pos_software,-678.71
L06,2024-12-31,exp_equipment_maintenance,-861.2
L06,2024-12-31,exp_cleaning,-616.25
L06,2024-12-31,exp_cc_fees,-1635.68
L06,2024-12-31,exp_office_supplies,-290.18
L06,2024-12-31,exp_waste_removal,-399.78
L06,2024-12-31,exp_corporate_overhead,-1771.43
L06,2024-12-31,exp_training,-439.73
L06,2024-12-31,exp_general_liability_ins,-469.8
L06,2024-12-31,exp_bank_fees,-215.23
L06,2024-12-31,exp_depreciation,-1103.39
L06,2024-12-31,exp_professional_fees,-516.48
L06,2025-01-31,rev_drip_coffee,12689.1
L06,2025-01-31,rev_espresso_drinks,16703.1
L06,2025-01-31,rev_cold_brew,8027.4
L06,2025-01-31,rev_specialty_seasonal,8053.25
L06,2025-01-31,rev_tea,2722.28
L06,2025-01-31,rev_pastries,5361.7
L06,2025-01-31,rev_sandwiches,5174.84
L06,2025-01-31,rev_breakfast,3434.88
L06,2025-01-31,rev_snacks,1638.33
L06,2025-01-31,rev_whole_bean,2533.35
L06,2025-01-31,rev_brew_equipment,1041.44
L06,2025-01-31,rev_merchandise,852.24
L06,2025-01-31,rev_gift_cards,1571.37
L06,2025-01-31,rev_catering,1685.73
L06,2025-01-31,rev_wholesale,1537.75
L06,2025-01-31,exp_coffee_beans,-6494.54
L06,2025-01-31,exp_dairy,-3942.37
L06,2025-01-31,exp_syrups,-1535.97
L06,2025-01-31,exp_food_ingredients,-3114.2
L06,2025-01-31,exp_packaging,-1534.96
L06,2025-01-31,exp_retail_cogs,-1059.89
L06,2025-01-31,exp_barista_wages,-13862.16
L06,2025-01-31,exp_shift_lead_wages,-3234.83
L06,2025-01-31,exp_store_manager_salary,-4634.71
L06,2025-01-31,exp_payroll_taxes,-2128.46
L06,2025-01-31,exp_employee_benefits,-1655.51
L06,2025-01-31,exp_overtime,-1036.12
L06,2025-01-31,exp_rent,-7075.58
L06,2025-01-31,exp_utilities,-1377.3
L06,2025-01-31,exp_property_insurance,-599.9
L06,2025-01-31,exp_cam,-774.55
L06,2025-01-31,exp_property_tax,-999.53
L06,2025-01-31,exp_marketing,-1618.38
L06,2025-01-31,exp_pos_software,-521.55
L06,2025-01-31,exp_equipment_maintenance,-807.09
L06,2025-01-31,exp_cleaning,-618.0
L06,2025-01-31,exp_cc_fees,-1492.08
L06,2025-01-31,exp_office_supplies,-273.47
L06,2025-01-31,exp_waste_removal,-354.69
L06,2025-01-31,exp_corporate_overhead,-1962.15
L06,2025-01-31,exp_training,-404.66
L06,2025-01-31,exp_general_liability_ins,-390.45
L06,2025-01-31,exp_bank_fees,-164.63
L06,2025-01-31,exp_depreciation,-1145.63
L06,2025-01-31,exp_professional_fees,-591.45
L06,2025-02-28,rev_drip_coffee,11982.96
L06,2025-02-28,rev_espresso_drinks,19903.55
L06,2025-02-28,rev_cold_brew,6602.9
L06,2025-02-28,rev_specialty_seasonal,7634.66
L06,2025-02-28,rev_tea,2784.35
L06,2025-02-28,rev_pastries,6626.57
L06,2025-02-28,rev_sandwiches,5971.41
L06,2025-02-28,rev_breakfast,3311.58
L06,2025-02-28,rev_snacks,1908.57
L06,2025-02-28,rev_whole_bean,2386.33
L06,2025-02-28,rev_brew_equipment,1202.17
L06,2025-02-28,rev_merchandise,625.93
L06,2025-02-28,rev_gift_cards,1391.0
L06,2025-02-28,rev_catering,1797.38
L06,2025-02-28,rev_wholesale,1415.9
L06,2025-02-28,exp_coffee_beans,-6592.98
L06,2025-02-28,exp_dairy,-3884.15
L06,2025-02-28,exp_syrups,-1466.97
L06,2025-02-28,exp_food_ingredients,-3621.81
L06,2025-02-28,exp_packaging,-1615.49
L06,2025-02-28,exp_retail_cogs,-1056.84
L06,2025-02-28,exp_barista_wages,-13338.7
L06,2025-02-28,exp_shift_lead_wages,-4147.1
L06,2025-02-28,exp_store_manager_salary,-4456.29
L06,2025-02-28,exp_payroll_taxes,-1955.05
L06,2025-02-28,exp_employee_benefits,-1701.83
L06,2025-02-28,exp_overtime,-1023.49
L06,2025-02-28,exp_rent,-6686.74
L06,2025-02-28,exp_utilities,-1396.89
L06,2025-02-28,exp_property_insurance,-582.38
L06,2025-02-28,exp_cam,-797.91
L06,2025-02-28,exp_property_tax,-1002.01
L06,2025-02-28,exp_marketing,-1369.45
L06,2025-02-28,exp_pos_software,-678.4
L06,2025-02-28,exp_equipment_maintenance,-712.11
L06,2025-02-28,exp_cleaning,-494.26
L06,2025-02-28,exp_cc_fees,-1453.01
L06,2025-02-28,exp_office_supplies,-267.01
L06,2025-02-28,exp_waste_removal,-361.78
L06,2025-02-28,exp_corporate_overhead,-2110.32
L06,2025-02-28,exp_training,-451.61
L06,2025-02-28,exp_general_liability_ins,-389.38
L06,2025-02-28,exp_bank_fees,-194.07
L06,2025-02-28,exp_depreciation,-1157.92
L06,2025-02-28,exp_professional_fees,-629.5
L06,2025-03-31,rev_drip_coffee,12627.54
L06,2025-03-31,rev_espresso_drinks,17123.93
L06,2025-03-31,rev_cold_brew,7490.26
L06,2025-03-31,rev_specialty_seasonal,5402.98
L06,2025-03-31,rev_tea,2699.25
L06,2025-03-31,rev_pastries,5990.23
L06,2025-03-31,rev_sandwiches,6354.22
L06,2025-03-31,rev_breakfast,3107.61
L06,2025-03-31,rev_snacks,2261.92
L06,2025-03-31,rev_whole_bean,2774.21
L06,2025-03-31,rev_brew_equipment,1232.72
L06,2025-03-31,rev_merchandise,729.42
L06,2025-03-31,rev_gift_cards,1500.24
L06,2025-03-31,rev_catering,1943.5
L06,2025-03-31,rev_wholesale,1503.21
L06,2025-03-31,exp_coffee_beans,-7273.09
L06,2025-03-31,exp_dairy,-3871.12
L06,2025-03-31,exp_syrups,-1365.59
L06,2025-03-31,exp_food_ingredients,-3177.24
L06,2025-03-31,exp_packaging,-1672.47
L06,2025-03-31,exp_retail_cogs,-1173.91
L06,2025-03-31,exp_barista_wages,-14097.86
L06,2025-03-31,exp_shift_lead_wages,-3886.19
L06,2025-03-31,exp_store_manager_salary,-5036.6
L06,2025-03-31,exp_payroll_taxes,-2167.62
L06,2025-03-31,exp_employee_benefits,-1663.07
L06,2025-03-31,exp_overtime,-1030.61
L06,2025-03-31,exp_rent,-6900.35
L06,2025-03-31,exp_utilities,-1399.49
L06,2025-03-31,exp_property_insurance,-576.27
L06,2025-03-31,exp_cam,-795.18
L06,2025-03-31,exp_property_tax,-971.42
L06,2025-03-31,exp_marketing,-1528.71
L06,2025-03-31,exp_pos_software,-477.54
L06,2025-03-31,exp_equipment_maintenance,-847.83
L06,2025-03-31,exp_cleaning,-570.31
L06,2025-03-31,exp_cc_fees,-1312.49
L06,2025-03-31,exp_office_supplies,-293.93
L06,2025-03-31,exp_waste_removal,-389.85
L06,2025-03-31,exp_corporate_overhead,-2165.45
L06,2025-03-31,exp_training,-436.17
L06,2025-03-31,exp_general_liability_ins,-400.9
L06,2025-03-31,exp_bank_fees,-197.85
L06,2025-03-31,exp_depreciation,-909.25
L06,2025-03-31,exp_professional_fees,-612.14
L06,2025-04-30,rev_drip_coffee,11464.81
L06,2025-04-30,rev_espresso_drinks,17320.83
L06,2025-04-30,rev_cold_brew,8740.18
L06,2025-04-30,rev_specialty_seasonal,6767.92
L06,2025-04-30,rev_tea,3586.79
L06,2025-04-30,rev_pastries,7468.45
L06,2025-04-30,rev_sandwiches,6600.9
L06,2025-04-30,rev_breakfast,3245.35
L06,2025-04-30,rev_snacks,2166.11
L06,2025-04-30,rev_whole_bean,2756.69
L06,2025-04-30,rev_brew_equipment,1217.09
L06,2025-04-30,rev_merchandise,847.48
L06,2025-04-30,rev_gift_cards,1432.11
L06,2025-04-30,rev_catering,2188.57
L06,2025-04-30,rev_wholesale,1414.92
L06,2025-04-30,exp_coffee_beans,-7608.58
L06,2025-04-30,exp_dairy,-4253.65
L06,2025-04-30,exp_syrups,-1533.4
L06,2025-04-30,exp_food_ingredients,-3596.86
L06,2025-04-30,exp_packaging,-1633.59
L06,2025-04-30,exp_retail_cogs,-1246.04
L06,2025-04-30,exp_barista_wages,-13383.29
L06,2025-04-30,exp_shift_lead_wages,-4037.45
L06,2025-04-30,exp_store_manager_salary,-4835.75
L06,2025-04-30,exp_payroll_taxes,-2210.05
L06,2025-04-30,exp_employee_benefits,-1718.74
L06,2025-04-30,exp_overtime,-1030.01
L06,2025-04-30,exp_rent,-6871.03
L06,2025-04-30,exp_utilities,-1400.0
L06,2025-04-30,exp_property_insurance,-594.1
L06,2025-04-30,exp_cam,-803.87
L06,2025-04-30,exp_property_tax,-966.95
L06,2025-04-30,exp_marketing,-1617.75
L06,2025-04-30,exp_pos_software,-492.82
L06,2025-04-30,exp_equipment_maintenance,-804.78
L06,2025-04-30,exp_cleaning,-600.23
L06,2025-04-30,exp_cc_fees,-1279.39
L06,2025-04-30,exp_office_supplies,-312.85
L06,2025-04-30,exp_waste_removal,-344.83
L06,2025-04-30,exp_corporate_overhead,-2050.42
L06,2025-04-30,exp_training,-434.43
L06,2025-04-30,exp_general_liability_ins,-551.02
L06,2025-04-30,exp_bank_fees,-173.7
L06,2025-04-30,exp_depreciation,-948.48
L06,2025-04-30,exp_professional_fees,-476.23
L06,2025-05-31,rev_drip_coffee,15021.3
L06,2025-05-31,rev_espresso_drinks,22701.94
L06,2025-05-31,rev_cold_brew,9048.91
L06,2025-05-31,rev_specialty_seasonal,6674.62
L06,2025-05-31,rev_tea,3517.53
L06,2025-05-31,rev_pastries,7309.86
L06,2025-05-31,rev_sandwiches,6598.32
L06,2025-05-31,rev_breakfast,4062.11
L06,2025-05-31,rev_snacks,2403.92
L06,2025-05-31,rev_whole_bean,3123.77
L06,2025-05-31,rev_brew_equipment,1293.25
L06,2025-05-31,rev_merchandise,866.71
L06,2025-05-31,rev_gift_cards,1810.28
L06,2025-05-31,rev_catering,2191.76
L06,2025-05-31,rev_wholesale,1880.19
L06,2025-05-31,exp_coffee_beans,-8174.01
L06,2025-05-31,exp_dairy,-4735.53
L06,2025-05-31,exp_syrups,-1652.67
L06,2025-05-31,exp_food_ingredients,-3886.96
L06,2025-05-31,exp_packaging,-1882.04
L06,2025-05-31,exp_retail_cogs,-1314.81
L06,2025-05-31,exp_barista_wages,-13272.44
L06,2025-05-31,exp_shift_lead_wages,-4394.27
L06,2025-05-31,exp_store_manager_salary,-5063.34
L06,2025-05-31,exp_payroll_taxes,-2236.78
L06,2025-05-31,exp_employee_benefits,-2136.52
L06,2025-05-31,exp_overtime,-954.69
L06,2025-05-31,exp_rent,-7041.93
L06,2025-05-31,exp_utilities,-1392.87
L06,2025-05-31,exp_property_insurance,-577.3
L06,2025-05-31,exp_cam,-838.2
L06,2025-05-31,exp_property_tax,-955.66
L06,2025-05-31,exp_marketing,-1479.07
L06,2025-05-31,exp_pos_software,-548.25
L06,2025-05-31,exp_equipment_maintenance,-770.24
L06,2025-05-31,exp_cleaning,-674.9
L06,2025-05-31,exp_cc_fees,-1383.49
L06,2025-05-31,exp_office_supplies,-320.88
L06,2025-05-31,exp_waste_removal,-314.92
L06,2025-05-31,exp_corporate_overhead,-1741.86
L06,2025-05-31,exp_training,-450.08
L06,2025-05-31,exp_general_liability_ins,-358.51
L06,2025-05-31,exp_bank_fees,-214.27
L06,2025-05-31,exp_depreciation,-1012.93
L06,2025-05-31,exp_professional_fees,-508.1
L06,2025-06-30,rev_drip_coffee,15605.0
L06,2025-06-30,rev_espresso_drinks,20850.25
L06,2025-06-30,rev_cold_brew,12108.03
L06,2025-06-30,rev_specialty_seasonal,7512.81
L06,2025-06-30,rev_tea,3258.09
L06,2025-06-30,rev_pastries,7792.89
L06,2025-06-30,rev_sandwiches,7067.68
L06,2025-06-30,rev_breakfast,4513.82
L06,2025-06-30,rev_snacks,2484.62
L06,2025-06-30,rev_whole_bean,3015.78
L06,2025-06-30,rev_brew_equipment,1420.41
L06,2025-06-30,rev_merchandise,920.54
L06,2025-06-30,rev_gift_cards,1766.65
L06,2025-06-30,rev_catering,2077.61
L06,2025-06-30,rev_wholesale,2177.86
L06,2025-06-30,exp_coffee_beans,-8167.5
L06,2025-06-30,exp_dairy,-4980.94
L06,2025-06-30,exp_syrups,-1651.63
L06,2025-06-30,exp_food_ingredients,-3710.49
L06,2025-06-30,exp_packaging,-1853.15
L06,2025-06-30,exp_retail_cogs,-1317.03
L06,2025-06-30,exp_barista_wages,-13904.56
L06,2025-06-30,exp_shift_lead_wages,-4162.34
L06,2025-06-30,exp_store_manager_salary,-5452.75
L06,2025-06-30,exp_payroll_taxes,-2236.18
L06,2025-06-30,exp_employee_benefits,-1793.54
L06,2025-06-30,exp_overtime,-1057.43
L06,2025-06-30,exp_rent,-7046.67
L06,2025-06-30,exp_utilities,-1423.42
L06,2025-06-30,exp_property_insurance,-574.64
L06,2025-06-30,exp_cam,-774.4
L06,2025-06-30,exp_property_tax,-952.14
L06,2025-06-30,exp_marketing,-1390.65
L06,2025-06-30,exp_pos_software,-620.99
L06,2025-06-30,exp_equipment_maintenance,-886.19
L06,2025-06-30,exp_cleaning,-566.65
L06,2025-06-30,exp_cc_fees,-1379.13
L06,2025-06-30,exp_office_supplies,-276.33
L06,2025-06-30,exp_waste_removal,-331.02
L06,2025-06-30,exp_corporate_overhead,-2223.85
L06,2025-06-30,exp_training,-447.39
L06,2025-06-30,exp_general_liability_ins,-513.69
L06,2025-06-30,exp_bank_fees,-209.28
L06,2025-06-30,exp_depreciation,-1352.47
L06,2025-06-30,exp_professional_fees,-604.99
L06,2025-07-31,rev_drip_coffee,14985.35
L06,2025-07-31,rev_espresso_drinks,23536.66
L06,2025-07-31,rev_cold_brew,13756.42
L06,2025-07-31,rev_specialty_seasonal,7496.69
L06,2025-07-31,rev_tea,3754.4
L06,2025-07-31,rev_pastries,8299.88
L06,2025-07-31,rev_sandwiches,7455.54
L06,2025-07-31,rev_breakfast,4996.08
L06,2025-07-31,rev_snacks,2177.99
L06,2025-07-31,rev_whole_bean,3803.53
L06,2025-07-31,rev_brew_equipment,1475.19
L06,2025-07-31,rev_merchandise,854.38
L06,2025-07-31,rev_gift_cards,1608.44
L06,2025-07-31,rev_catering,2042.43
L06,2025-07-31,rev_wholesale,2026.03
L06,2025-07-31,exp_coffee_beans,-8264.62
L06,2025-07-31,exp_dairy,-5159.75
L06,2025-07-31,exp_syrups,-1902.38
L06,2025-07-31,exp_food_ingredients,-3937.43
L06,2025-07-31,exp_packaging,-1963.12
L06,2025-07-31,exp_retail_cogs,-1328.66
L06,2025-07-31,exp_barista_wages,-14098.37
L06,2025-07-31,exp_shift_lead_wages,-5167.96
L06,2025-07-31,exp_store_manager_salary,-5546.15
L06,2025-07-31,exp_payroll_taxes,-2337.6
L06,2025-07-31,exp_employee_benefits,-1848.13
L06,2025-07-31,exp_overtime,-1093.5
L06,2025-07-31,exp_rent,-6927.45
L06,2025-07-31,exp_utilities,-1405.45
L06,2025-07-31,exp_property_insurance,-581.89
L06,2025-07-31,exp_cam,-782.04
L06,2025-07-31,exp_property_tax,-955.74
L06,2025-07-31,exp_marketing,-1653.52
L06,2025-07-31,exp_pos_software,-485.03
L06,2025-07-31,exp_equipment_maintenance,-902.89
L06,2025-07-31,exp_cleaning,-619.2
L06,2025-07-31,exp_cc_fees,-1194.45
L06,2025-07-31,exp_office_supplies,-304.48
L06,2025-07-31,exp_waste_removal,-301.99
L06,2025-07-31,exp_corporate_overhead,-2273.4
L06,2025-07-31,exp_training,-449.17
L06,2025-07-31,exp_general_liability_ins,-503.91
L06,2025-07-31,exp_bank_fees,-205.95
L06,2025-07-31,exp_depreciation,-1069.03
L06,2025-07-31,exp_professional_fees,-452.37
L06,2025-08-31,rev_drip_coffee,13939.26
L06,2025-08-31,rev_espresso_drinks,19386.63
L06,2025-08-31,rev_cold_brew,15513.12
L06,2025-08-31,rev_specialty_seasonal,6338.19
L06,2025-08-31,rev_tea,3738.42
L06,2025-08-31,rev_pastries,7598.51
L06,2025-08-31,rev_sandwiches,6958.15
L06,2025-08-31,rev_breakfast,4183.9
L06,2025-08-31,rev_snacks,2561.52
L06,2025-08-31,rev_whole_bean,3250.78
L06,2025-08-31,rev_brew_equipment,1311.23
L06,2025-08-31,rev_merchandise,1040.34
L06,2025-08-31,rev_gift_cards,1598.67
L06,2025-08-31,rev_catering,2168.87
L06,2025-08-31,rev_wholesale,1424.77
L06,2025-08-31,exp_coffee_beans,-8602.65
L06,2025-08-31,exp_dairy,-4918.86
L06,2025-08-31,exp_syrups,-1730.62
L06,2025-08-31,exp_food_ingredients,-3818.69
L06,2025-08-31,exp_packaging,-1848.54
L06,2025-08-31,exp_retail_cogs,-1334.36
L06,2025-08-31,exp_barista_wages,-14534.81
L06,2025-08-31,exp_shift_lead_wages,-4553.93
L06,2025-08-31,exp_store_manager_salary,-5119.34
L06,2025-08-31,exp_payroll_taxes,-2459.63
L06,2025-08-31,exp_employee_benefits,-1870.7
L06,2025-08-31,exp_overtime,-1041.57
L06,2025-08-31,exp_rent,-6936.89
L06,2025-08-31,exp_utilities,-1378.79
L06,2025-08-31,exp_property_insurance,-578.47
L06,2025-08-31,exp_cam,-772.66
L06,2025-08-31,exp_property_tax,-954.38
L06,2025-08-31,exp_marketing,-1272.61
L06,2025-08-31,exp_pos_software,-539.6
L06,2025-08-31,exp_equipment_maintenance,-977.0
L06,2025-08-31,exp_cleaning,-612.82
L06,2025-08-31,exp_cc_fees,-1555.69
L06,2025-08-31,exp_office_supplies,-372.03
L06,2025-08-31,exp_waste_removal,-377.87
L06,2025-08-31,exp_corporate_overhead,-1963.31
L06,2025-08-31,exp_training,-431.72
L06,2025-08-31,exp_general_liability_ins,-425.23
L06,2025-08-31,exp_bank_fees,-174.25
L06,2025-08-31,exp_depreciation,-1129.13
L06,2025-08-31,exp_professional_fees,-622.79
L06,2025-09-30,rev_drip_coffee,14885.8
L06,2025-09-30,rev_espresso_drinks,17298.29
L06,2025-09-30,rev_cold_brew,8688.94
L06,2025-09-30,rev_specialty_seasonal,5663.74
L06,2025-09-30,rev_tea,3380.26
L06,2025-09-30,rev_pastries,7869.65
L06,2025-09-30,rev_sandwiches,7961.2
L06,2025-09-30,rev_breakfast,3744.86
L06,2025-09-30,rev_snacks,2109.49
L06,2025-09-30,rev_whole_bean,3079.52
L06,2025-09-30,rev_brew_equipment,1255.72
L06,2025-09-30,rev_merchandise,844.22
L06,2025-09-30,rev_gift_cards,1467.56
L06,2025-09-30,rev_catering,1649.44
L06,2025-09-30,rev_wholesale,1724.54
L06,2025-09-30,exp_coffee_beans,-7661.25
L06,2025-09-30,exp_dairy,-4826.66
L06,2025-09-30,exp_syrups,-1597.21
L06,2025-09-30,exp_food_ingredients,-3387.04
L06,2025-09-30,exp_packaging,-1742.08
L06,2025-09-30,exp_retail_cogs,-1128.81
L06,2025-09-30,exp_barista_wages,-12679.74
L06,2025-09-30,exp_shift_lead_wages,-4402.1
L06,2025-09-30,exp_store_manager_salary,-4944.77
L06,2025-09-30,exp_payroll_taxes,-2374.55
L06,2025-09-30,exp_employee_benefits,-1602.85
L06,2025-09-30,exp_overtime,-1023.36
L06,2025-09-30,exp_rent,-6843.76
L06,2025-09-30,exp_utilities,-1444.42
L06,2025-09-30,exp_property_insurance,-583.54
L06,2025-09-30,exp_cam,-807.49
L06,2025-09-30,exp_property_tax,-1004.45
L06,2025-09-30,exp_marketing,-1535.8
L06,2025-09-30,exp_pos_software,-622.54
L06,2025-09-30,exp_equipment_maintenance,-753.66
L06,2025-09-30,exp_cleaning,-553.06
L06,2025-09-30,exp_cc_fees,-1571.64
L06,2025-09-30,exp_office_supplies,-255.86
L06,2025-09-30,exp_waste_removal,-383.99
L06,2025-09-30,exp_corporate_overhead,-2147.53
L06,2025-09-30,exp_training,-510.0
L06,2025-09-30,exp_general_liability_ins,-422.67
L06,2025-09-30,exp_bank_fees,-187.07
L06,2025-09-30,exp_depreciation,-1256.77
L06,2025-09-30,exp_professional_fees,-529.36
L06,2025-10-31,rev_drip_coffee,12724.81
L06,2025-10-31,rev_espresso_drinks,20273.9
L06,2025-10-31,rev_cold_brew,9093.83
L06,2025-10-31,rev_specialty_seasonal,5578.84
L06,2025-10-31,rev_tea,3141.47
L06,2025-10-31,rev_pastries,7970.67
L06,2025-10-31,rev_sandwiches,6190.38
L06,2025-10-31,rev_breakfast,3669.49
L06,2025-10-31,rev_snacks,1847.06
L06,2025-10-31,rev_whole_bean,2873.61
L06,2025-10-31,rev_brew_equipment,1370.6
L06,2025-10-31,rev_merchandise,893.11
L06,2025-10-31,rev_gift_cards,1501.08
L06,2025-10-31,rev_catering,2202.74
L06,2025-10-31,rev_wholesale,1772.16
L06,2025-10-31,exp_coffee_beans,-8001.97
L06,2025-10-31,exp_dairy,-4668.19
L06,2025-10-31,exp_syrups,-1688.35
L06,2025-10-31,exp_food_ingredients,-3512.84
L06,2025-10-31,exp_packaging,-1615.44
L06,2025-10-31,exp_retail_cogs,-1276.91
L06,2025-10-31,exp_barista_wages,-14190.87
L06,2025-10-31,exp_shift_lead_wages,-4600.1
L06,2025-10-31,exp_store_manager_salary,-5358.81
L06,2025-10-31,exp_payroll_taxes,-2491.12
L06,2025-10-31,exp_employee_benefits,-1868.76
L06,2025-10-31,exp_overtime,-1043.7
L06,2025-10-31,exp_rent,-6718.08
L06,2025-10-31,exp_utilities,-1426.06
L06,2025-10-31,exp_property_insurance,-569.43
L06,2025-10-31,exp_cam,-800.62
L06,2025-10-31,exp_property_tax,-975.48
L06,2025-10-31,exp_marketing,-1669.71
L06,2025-10-31,exp_pos_software,-543.87
L06,2025-10-31,exp_equipment_maintenance,-920.22
L06,2025-10-31,exp_cleaning,-451.22
L06,2025-10-31,exp_cc_fees,-1489.39
L06,2025-10-31,exp_office_supplies,-337.4
L06,2025-10-31,exp_waste_removal,-431.11
L06,2025-10-31,exp_corporate_overhead,-2281.61
L06,2025-10-31,exp_training,-538.24
L06,2025-10-31,exp_general_liability_ins,-432.38
L06,2025-10-31,exp_bank_fees,-186.08
L06,2025-10-31,exp_depreciation,-1259.18
L06,2025-10-31,exp_professional_fees,-566.75
L06,2025-11-30,rev_drip_coffee,13654.05
L06,2025-11-30,rev_espresso_drinks,20225.63
L06,2025-11-30,rev_cold_brew,8968.53
L06,2025-11-30,rev_specialty_seasonal,9412.47
L06,2025-11-30,rev_tea,3418.52
L06,2025-11-30,rev_pastries,7414.39
L06,2025-11-30,rev_sandwiches,6617.04
L06,2025-11-30,rev_breakfast,4284.99
L06,2025-11-30,rev_snacks,2454.67
L06,2025-11-30,rev_whole_bean,2832.41
L06,2025-11-30,rev_brew_equipment,1261.47
L06,2025-11-30,rev_merchandise,973.11
L06,2025-11-30,rev_gift_cards,1430.44
L06,2025-11-30,rev_catering,2306.76
L06,2025-11-30,rev_wholesale,2042.05
L06,2025-11-30,exp_coffee_beans,-8849.36
L06,2025-11-30,exp_dairy,-4982.44
L06,2025-11-30,exp_syrups,-1750.62
L06,2025-11-30,exp_food_ingredients,-4257.15
L06,2025-11-30,exp_packaging,-1650.56
L06,2025-11-30,exp_retail_cogs,-1303.78
L06,2025-11-30,exp_barista_wages,-14738.64
L06,2025-11-30,exp_shift_lead_wages,-4261.4
L06,2025-11-30,exp_store_manager_salary,-5531.25
L06,2025-11-30,exp_payroll_taxes,-2302.4
L06,2025-11-30,exp_employee_benefits,-1878.77
L06,2025-11-30,exp_overtime,-1047.61
L06,2025-11-30,exp_rent,-6837.27
L06,2025-11-30,exp_utilities,-1401.82
L06,2025-11-30,exp_property_insurance,-578.91
L06,2025-11-30,exp_cam,-784.9
L06,2025-11-30,exp_property_tax,-992.99
L06,2025-11-30,exp_marketing,-1698.65
L06,2025-11-30,exp_pos_software,-609.6
L06,2025-11-30,exp_equipment_maintenance,-746.54
L06,2025-11-30,exp_cleaning,-514.7
L06,2025-11-30,exp_cc_fees,-1461.01
L06,2025-11-30,exp_office_supplies,-388.49
L06,2025-11-30,exp_waste_removal,-409.18
L06,2025-11-30,exp_corporate_overhead,-2008.12
L06,2025-11-30,exp_training,-480.19
L06,2025-11-30,exp_general_liability_ins,-456.14
L06,2025-11-30,exp_bank_fees,-160.57
L06,2025-11-30,exp_depreciation,-1359.66
L06,2025-11-30,exp_professional_fees,-557.44
L06,2025-12-31,rev_drip_coffee,16334.48
L06,2025-12-31,rev_espresso_drinks,23875.05
L06,2025-12-31,rev_cold_brew,12138.76
L06,2025-12-31,rev_specialty_seasonal,9585.07
L06,2025-12-31,rev_tea,3331.28
L06,2025-12-31,rev_pastries,8846.9
L06,2025-12-31,rev_sandwiches,6549.65
L06,2025-12-31,rev_breakfast,4540.4
L06,2025-12-31,rev_snacks,2857.73
L06,2025-12-31,rev_whole_bean,3680.69
L06,2025-12-31,rev_brew_equipment,1721.12
L06,2025-12-31,rev_merchandise,1071.96
L06,2025-12-31,rev_gift_cards,2165.69
L06,2025-12-31,rev_catering,2378.97
L06,2025-12-31,rev_wholesale,2107.6
L06,2025-12-31,exp_coffee_beans,-9045.2
L06,2025-12-31,exp_dairy,-5687.72
L06,2025-12-31,exp_syrups,-1903.99
L06,2025-12-31,exp_food_ingredients,-4693.8
L06,2025-12-31,exp_packaging,-2054.88
L06,2025-12-31,exp_retail_cogs,-1613.87
L06,2025-12-31,exp_barista_wages,-15373.09
L06,2025-12-31,exp_shift_lead_wages,-4594.8
L06,2025-12-31,exp_store_manager_salary,-5626.71
L06,2025-12-31,exp_payroll_taxes,-2481.11
L06,2025-12-31,exp_employee_benefits,-2015.18
L06,2025-12-31,exp_overtime,-1113.46
L06,2025-12-31,exp_rent,-6812.52
L06,2025-12-31,exp_utilities,-1407.83
L06,2025-12-31,exp_property_insurance,-556.41
L06,2025-12-31,exp_cam,-810.67
L06,2025-12-31,exp_property_tax,-950.34
L06,2025-12-31,exp_marketing,-1559.79
L06,2025-12-31,exp_pos_software,-584.81
L06,2025-12-31,exp_equipment_maintenance,-912.18
L06,2025-12-31,exp_cleaning,-510.04
L06,2025-12-31,exp_cc_fees,-1448.19
L06,2025-12-31,exp_office_supplies,-315.03
L06,2025-12-31,exp_waste_removal,-365.08
L06,2025-12-31,exp_corporate_overhead,-2411.74
L06,2025-12-31,exp_training,-422.78
L06,2025-12-31,exp_general_liability_ins,-338.07
L06,2025-12-31,exp_bank_fees,-201.1
L06,2025-12-31,exp_depreciation,-1131.64
L06,2025-12-31,exp_professional_fees,-467.23
L07,2023-01-31,rev_drip_coffee,12762.17
L07,2023-01-31,rev_espresso_drinks,15126.14
L07,2023-01-31,rev_cold_brew,9319.89
L07,2023-01-31,rev_specialty_seasonal,6720.56
L07,2023-01-31,rev_tea,2743.28
L07,2023-01-31,rev_pastries,5495.72
L07,2023-01-31,rev_sandwiches,5547.16
L07,2023-01-31,rev_breakfast,3250.05
L07,2023-01-31,rev_snacks,1623.32
L07,2023-01-31,rev_whole_bean,3045.47
L07,2023-01-31,rev_brew_equipment,1077.32
L07,2023-01-31,rev_merchandise,692.62
L07,2023-01-31,rev_gift_cards,1381.42
L07,2023-01-31,rev_catering,2018.64
L07,2023-01-31,rev_wholesale,1572.25
L07,2023-01-31,exp_coffee_beans,-6168.82
L07,2023-01-31,exp_dairy,-3893.39
L07,2023-01-31,exp_syrups,-1227.9
L07,2023-01-31,exp_food_ingredients,-3205.78
L07,2023-01-31,exp_packaging,-1375.59
L07,2023-01-31,exp_retail_cogs,-1027.08
L07,2023-01-31,exp_barista_wages,-12806.28
L07,2023-01-31,exp_shift_lead_wages,-4078.39
L07,2023-01-31,exp_store_manager_salary,-4628.33
L07,2023-01-31,exp_payroll_taxes,-2299.88
L07,2023-01-31,exp_employee_benefits,-1776.3
L07,2023-01-31,exp_overtime,-1010.45
L07,2023-01-31,exp_rent,-6773.58
L07,2023-01-31,exp_utilities,-1472.89
L07,2023-01-31,exp_property_insurance,-569.4
L07,2023-01-31,exp_cam,-829.11
L07,2023-01-31,exp_property_tax,-1018.94
L07,2023-01-31,exp_marketing,-1684.69
L07,2023-01-31,exp_pos_software,-608.95
L07,2023-01-31,exp_equipment_maintenance,-585.04
L07,2023-01-31,exp_cleaning,-611.06
L07,2023-01-31,exp_cc_fees,-1630.9
L07,2023-01-31,exp_office_supplies,-330.69
L07,2023-01-31,exp_waste_removal,-320.5
L07,2023-01-31,exp_corporate_overhead,-2073.96
L07,2023-01-31,exp_training,-345.53
L07,2023-01-31,exp_general_liability_ins,-444.99
L07,2023-01-31,exp_bank_fees,-151.75
L07,2023-01-31,exp_depreciation,-1337.78
L07,2023-01-31,exp_professional_fees,-637.18
L07,2023-02-28,rev_drip_coffee,10929.1
L07,2023-02-28,rev_espresso_drinks,17138.83
L07,2023-02-28,rev_cold_brew,7544.59
L07,2023-02-28,rev_specialty_seasonal,7179.64
L07,2023-02-28,rev_tea,2419.29
L07,2023-02-28,rev_pastries,6250.84
L07,2023-02-28,rev_sandwiches,4696.13
L07,2023-02-28,rev_breakfast,2741.95
L07,2023-02-28,rev_snacks,1784.39
L07,2023-02-28,rev_whole_bean,2387.69
L07,2023-02-28,rev_brew_equipment,1120.74
L07,2023-02-28,rev_merchandise,668.48
L07,2023-02-28,rev_gift_cards,1442.64
L07,2023-02-28,rev_catering,1745.76
L07,2023-02-28,rev_wholesale,1436.51
L07,2023-02-28,exp_coffee_beans,-6480.43
L07,2023-02-28,exp_dairy,-3955.46
L07,2023-02-28,exp_syrups,-1363.45
L07,2023-02-28,exp_food_ingredients,-3065.61
L07,2023-02-28,exp_packaging,-1518.69
L07,2023-02-28,exp_retail_cogs,-950.82
L07,2023-02-28,exp_barista_wages,-11334.88
L07,2023-02-28,exp_shift_lead_wages,-3919.41
L07,2023-02-28,exp_store_manager_salary,-4605.29
L07,2023-02-28,exp_payroll_taxes,-2161.9
L07,2023-02-28,exp_employee_benefits,-1689.47
L07,2023-02-28,exp_overtime,-997.92
L07,2023-02-28,exp_rent,-6771.33
L07,2023-02-28,exp_utilities,-1424.17
L07,2023-02-28,exp_property_insurance,-563.17
L07,2023-02-28,exp_cam,-807.47
L07,2023-02-28,exp_property_tax,-942.54
L07,2023-02-28,exp_marketing,-1658.36
L07,2023-02-28,exp_pos_software,-470.9
L07,2023-02-28,exp_equipment_maintenance,-813.35
L07,2023-02-28,exp_cleaning,-678.98
L07,2023-02-28,exp_cc_fees,-1502.39
L07,2023-02-28,exp_office_supplies,-252.89
L07,2023-02-28,exp_waste_removal,-340.48
L07,2023-02-28,exp_corporate_overhead,-1815.91
L07,2023-02-28,exp_training,-384.5
L07,2023-02-28,exp_general_liability_ins,-432.37
L07,2023-02-28,exp_bank_fees,-197.44
L07,2023-02-28,exp_depreciation,-1254.86
L07,2023-02-28,exp_professional_fees,-604.13
L07,2023-03-31,rev_drip_coffee,12252.18
L07,2023-03-31,rev_espresso_drinks,17372.99
L07,2023-03-31,rev_cold_brew,7577.13
L07,2023-03-31,rev_specialty_seasonal,5059.24
L07,2023-03-31,rev_tea,2571.68
L07,2023-03-31,rev_pastries,5993.34
L07,2023-03-31,rev_sandwiches,5877.42
L07,2023-03-31,rev_breakfast,3435.03
L07,2023-03-31,rev_snacks,2422.25
L07,2023-03-31,rev_whole_bean,2339.64
L07,2023-03-31,rev_brew_equipment,1172.25
L07,2023-03-31,rev_merchandise,674.51
L07,2023-03-31,rev_gift_cards,1311.27
L07,2023-03-31,rev_catering,1809.06
L07,2023-03-31,rev_wholesale,1625.31
L07,2023-03-31,exp_coffee_beans,-6771.84
L07,2023-03-31,exp_dairy,-4027.3
L07,2023-03-31,exp_syrups,-1399.92
L07,2023-03-31,exp_food_ingredients,-3011.08
L07,2023-03-31,exp_packaging,-1529.74
L07,2023-03-31,exp_retail_cogs,-1107.93
L07,2023-03-31,exp_barista_wages,-13148.51
L07,2023-03-31,exp_shift_lead_wages,-4195.87
L07,2023-03-31,exp_store_manager_salary,-4737.74
L07,2023-03-31,exp_payroll_taxes,-2121.54
L07,2023-03-31,exp_employee_benefits,-1560.24
L07,2023-03-31,exp_overtime,-1026.41
L07,2023-03-31,exp_rent,-6847.68
L07,2023-03-31,exp_utilities,-1445.76
L07,2023-03-31,exp_property_insurance,-593.93
L07,2023-03-31,exp_cam,-798.26
L07,2023-03-31,exp_property_tax,-959.29
L07,2023-03-31,exp_marketing,-1599.86
L07,2023-03-31,exp_pos_software,-571.23
L07,2023-03-31,exp_equipment_maintenance,-819.1
L07,2023-03-31,exp_cleaning,-588.06
L07,2023-03-31,exp_cc_fees,-1551.78
L07,2023-03-31,exp_office_supplies,-317.76
L07,2023-03-31,exp_waste_removal,-352.38
L07,2023-03-31,exp_corporate_overhead,-1783.29
L07,2023-03-31,exp_training,-484.08
L07,2023-03-31,exp_general_liability_ins,-394.55
L07,2023-03-31,exp_bank_fees,-190.97
L07,2023-03-31,exp_depreciation,-1220.07
L07,2023-03-31,exp_professional_fees,-462.16
L07,2023-04-30,rev_drip_coffee,12993.07
L07,2023-04-30,rev_espresso_drinks,19465.86
L07,2023-04-30,rev_cold_brew,9169.65
L07,2023-04-30,rev_specialty_seasonal,5571.68
L07,2023-04-30,rev_tea,2548.22
L07,2023-04-30,rev_pastries,7457.56
L07,2023-04-30,rev_sandwiches,6345.06
L07,2023-04-30,rev_breakfast,3298.83
L07,2023-04-30,rev_snacks,1918.64
L07,2023-04-30,rev_whole_bean,2810.98
L07,2023-04-30,rev_brew_equipment,1314.2
L07,2023-04-30,rev_merchandise,769.99
L07,2023-04-30,rev_gift_cards,1518.55
L07,2023-04-30,rev_catering,1677.74
L07,2023-04-30,rev_wholesale,1468.89
L07,2023-04-30,exp_coffee_beans,-6539.52
L07,2023-04-30,exp_dairy,-4088.16
L07,2023-04-30,exp_syrups,-1619.56
L07,2023-04-30,exp_food_ingredients,-3759.0
L07,2023-04-30,exp_packaging,-1684.05
L07,2023-04-30,exp_retail_cogs,-1150.99
L07,2023-04-30,exp_barista_wages,-13194.47
L07,2023-04-30,exp_shift_lead_wages,-4264.89
L07,2023-04-30,exp_store_manager_salary,-4448.48
L07,2023-04-30,exp_payroll_taxes,-2124.92
L07,2023-04-30,exp_employee_benefits,-1930.35
L07,2023-04-30,exp_overtime,-951.9
L07,2023-04-30,exp_rent,-6840.3
L07,2023-04-30,exp_utilities,-1424.85
L07,2023-04-30,exp_property_insurance,-581.97
L07,2023-04-30,exp_cam,-791.25
L07,2023-04-30,exp_property_tax,-980.84
L07,2023-04-30,exp_marketing,-1699.96
L07,2023-04-30,exp_pos_software,-660.25
L07,2023-04-30,exp_equipment_maintenance,-835.11
L07,2023-04-30,exp_cleaning,-620.64
L07,2023-04-30,exp_cc_fees,-1693.37
L07,2023-04-30,exp_office_supplies,-286.08
L07,2023-04-30,exp_waste_removal,-316.68
L07,2023-04-30,exp_corporate_overhead,-2190.19
L07,2023-04-30,exp_training,-512.78
L07,2023-04-30,exp_general_liability_ins,-442.77
L07,2023-04-30,exp_bank_fees,-185.15
L07,2023-04-30,exp_depreciation,-1027.82
L07,2023-04-30,exp_professional_fees,-566.47
L07,2023-05-31,rev_drip_coffee,14892.01
L07,2023-05-31,rev_espresso_drinks,17692.92
L07,2023-05-31,rev_cold_brew,8981.8
L07,2023-05-31,rev_specialty_seasonal,5616.18
L07,2023-05-31,rev_tea,3000.96
L07,2023-05-31,rev_pastries,7245.49
L07,2023-05-31,rev_sandwiches,6678.97
L07,2023-05-31,rev_breakfast,3965.45
L07,2023-05-31,rev_snacks,1982.05
L07,2023-05-31,rev_whole_bean,2516.33
L07,2023-05-31,rev_brew_equipment,1336.21
L07,2023-05-31,rev_merchandise,807.28
L07,2023-05-31,rev_gift_cards,1715.67
L07,2023-05-31,rev_catering,2366.64
L07,2023-05-31,rev_wholesale,1950.64
L07,2023-05-31,exp_coffee_beans,-7296.91
L07,2023-05-31,exp_dairy,-4622.16
L07,2023-05-31,exp_syrups,-1650.16
L07,2023-05-31,exp_food_ingredients,-3714.43
L07,2023-05-31,exp_packaging,-1716.78
L07,2023-05-31,exp_retail_cogs,-1328.24
L07,2023-05-31,exp_barista_wages,-13654.47
L07,2023-05-31,exp_shift_lead_wages,-4267.04
L07,2023-05-31,exp_store_manager_salary,-4549.78
L07,2023-05-31,exp_payroll_taxes,-2333.8
L07,2023-05-31,exp_employee_benefits,-1786.43
L07,2023-05-31,exp_overtime,-1065.94
L07,2023-05-31,exp_rent,-6976.98
L07,2023-05-31,exp_utilities,-1429.63
L07,2023-05-31,exp_property_insurance,-578.16
L07,2023-05-31,exp_cam,-813.87
L07,2023-05-31,exp_property_tax,-975.43
L07,2023-05-31,exp_marketing,-1369.34
L07,2023-05-31,exp_pos_software,-583.39
L07,2023-05-31,exp_equipment_maintenance,-777.36
L07,2023-05-31,exp_cleaning,-540.68
L07,2023-05-31,exp_cc_fees,-1318.83
L07,2023-05-31,exp_office_supplies,-311.28
L07,2023-05-31,exp_waste_removal,-361.5
L07,2023-05-31,exp_corporate_overhead,-1681.02
L07,2023-05-31,exp_training,-445.19
L07,2023-05-31,exp_general_liability_ins,-477.31
L07,2023-05-31,exp_bank_fees,-178.53
L07,2023-05-31,exp_depreciation,-1182.01
L07,2023-05-31,exp_professional_fees,-629.22
L07,2023-06-30,rev_drip_coffee,15378.57
L07,2023-06-30,rev_espresso_drinks,22651.45
L07,2023-06-30,rev_cold_brew,10266.03
L07,2023-06-30,rev_specialty_seasonal,7039.6
L07,2023-06-30,rev_tea,3562.86
L07,2023-06-30,rev_pastries,9070.51
L07,2023-06-30,rev_sandwiches,6449.62
L07,2023-06-30,rev_breakfast,3511.5
L07,2023-06-30,rev_snacks,2294.73
L07,2023-06-30,rev_whole_bean,3023.02
L07,2023-06-30,rev_brew_equipment,1468.99
L07,2023-06-30,rev_merchandise,974.59
L07,2023-06-30,rev_gift_cards,1584.27
L07,2023-06-30,rev_catering,2151.45
L07,2023-06-30,rev_wholesale,1869.9
L07,2023-06-30,exp_coffee_beans,-8062.6
L07,2023-06-30,exp_dairy,-4712.34
L07,2023-06-30,exp_syrups,-1774.19
L07,2023-06-30,exp_food_ingredients,-4057.76
L07,2023-06-30,exp_packaging,-1965.31
L07,2023-06-30,exp_retail_cogs,-1320.42
L07,2023-06-30,exp_barista_wages,-12244.92
L07,2023-06-30,exp_shift_lead_wages,-4318.09
L07,2023-06-30,exp_store_manager_salary,-4922.54
L07,2023-06-30,exp_payroll_taxes,-2293.8
L07,2023-06-30,exp_employee_benefits,-1792.03
L07,2023-06-30,exp_overtime,-1065.65
L07,2023-06-30,exp_rent,-6799.99
L07,2023-06-30,exp_utilities,-1387.99
L07,2023-06-30,exp_property_insurance,-592.85
L07,2023-06-30,exp_cam,-785.73
L07,2023-06-30,exp_property_tax,-979.33
L07,2023-06-30,exp_marketing,-1755.5
L07,2023-06-30,exp_pos_software,-602.45
L07,2023-06-30,exp_equipment_maintenance,-913.01
L07,2023-06-30,exp_cleaning,-642.08
L07,2023-06-30,exp_cc_fees,-1575.35
L07,2023-06-30,exp_office_supplies,-344.27
L07,2023-06-30,exp_waste_removal,-380.54
L07,2023-06-30,exp_corporate_overhead,-1744.16
L07,2023-06-30,exp_training,-438.49
L07,2023-06-30,exp_general_liability_ins,-457.1
L07,2023-06-30,exp_bank_fees,-175.24
L07,2023-06-30,exp_depreciation,-1396.62
L07,2023-06-30,exp_professional_fees,-566.19
L07,2023-07-31,rev_drip_coffee,14946.97
L07,2023-07-31,rev_espresso_drinks,23435.33
L07,2023-07-31,rev_cold_brew,13347.3
L07,2023-07-31,rev_specialty_seasonal,6437.35
L07,2023-07-31,rev_tea,3731.46
L07,2023-07-31,rev_pastries,6864.73
L07,2023-07-31,rev_sandwiches,6903.28
L07,2023-07-31,rev_breakfast,4476.2
L07,2023-07-31,rev_snacks,2367.2
L07,2023-07-31,rev_whole_bean,3546.49
L07,2023-07-31,rev_brew_equipment,1252.67
L07,2023-07-31,rev_merchandise,796.88
L07,2023-07-31,rev_gift_cards,1739.02
L07,2023-07-31,rev_catering,2408.47
L07,2023-07-31,rev_wholesale,1814.43
L07,2023-07-31,exp_coffee_beans,-8553.93
L07,2023-07-31,exp_dairy,-5105.65
L07,2023-07-31,exp_syrups,-1661.42
L07,2023-07-31,exp_food_ingredients,-3781.04
L07,2023-07-31,exp_packaging,-1932.36
L07,2023-07-31,exp_retail_cogs,-1429.1
L07,2023-07-31,exp_barista_wages,-13223.02
L07,2023-07-31,exp_shift_lead_wages,-4356.9
L07,2023-07-31,exp_store_manager_salary,-5142.65
L07,2023-07-31,exp_payroll_taxes,-2398.28
L07,2023-07-31,exp_employee_benefits,-1888.7
L07,2023-07-31,exp_overtime,-1044.45
L07,2023-07-31,exp_rent,-7117.74
L07,2023-07-31,exp_utilities,-1409.11
L07,2023-07-31,exp_property_insurance,-575.31
L07,2023-07-31,exp_cam,-775.76
L07,2023-07-31,exp_property_tax,-965.35
L07,2023-07-31,exp_marketing,-1685.24
L07,2023-07-31,exp_pos_software,-569.68
L07,2023-07-31,exp_equipment_maintenance,-896.49
L07,2023-07-31,exp_cleaning,-657.55
L07,2023-07-31,exp_cc_fees,-1775.68
L07,2023-07-31,exp_office_supplies,-280.06
L07,2023-07-31,exp_waste_removal,-305.91
L07,2023-07-31,exp_corporate_overhead,-1912.24
L07,2023-07-31,exp_training,-430.38
L07,2023-07-31,exp_general_liability_ins,-385.71
L07,2023-07-31,exp_bank_fees,-188.71
L07,2023-07-31,exp_depreciation,-1352.46
L07,2023-07-31,exp_professional_fees,-657.52
L07,2023-08-31,rev_drip_coffee,14773.17
L07,2023-08-31,rev_espresso_drinks,24088.87
L07,2023-08-31,rev_cold_brew,12587.13
L07,2023-08-31,rev_specialty_seasonal,5278.85
L07,2023-08-31,rev_tea,3610.26
L07,2023-08-31,rev_pastries,6348.14
L07,2023-08-31,rev_sandwiches,6349.22
L07,2023-08-31,rev_breakfast,4182.32
L07,2023-08-31,rev_snacks,2234.01
L07,2023-08-31,rev_whole_bean,2989.54
L07,2023-08-31,rev_brew_equipment,1241.55
L07,2023-08-31,rev_merchandise,880.63
L07,2023-08-31,rev_gift_cards,1692.74
L07,2023-08-31,rev_catering,2157.96
L07,2023-08-31,rev_wholesale,1645.71
L07,2023-08-31,exp_coffee_beans,-7521.08
L07,2023-08-31,exp_dairy,-4517.64
L07,2023-08-31,exp_syrups,-1689.1
L07,2023-08-31,exp_food_ingredients,-3813.56
L07,2023-08-31,exp_packaging,-1757.69
L07,2023-08-31,exp_retail_cogs,-1163.28
L07,2023-08-31,exp_barista_wages,-14287.06
L07,2023-08-31,exp_shift_lead_wages,-4089.1
L07,2023-08-31,exp_store_manager_salary,-5327.2
L07,2023-08-31,exp_payroll_taxes,-2189.21
L07,2023-08-31,exp_employee_benefits,-1742.45
L07,2023-08-31,exp_overtime,-1068.15
L07,2023-08-31,exp_rent,-7271.78
L07,2023-08-31,exp_utilities,-1445.82
L07,2023-08-31,exp_property_insurance,-580.27
L07,2023-08-31,exp_cam,-807.02
L07,2023-08-31,exp_property_tax,-945.03
L07,2023-08-31,exp_marketing,-1422.68
L07,2023-08-31,exp_pos_software,-413.39
L07,2023-08-31,exp_equipment_maintenance,-992.09
L07,2023-08-31,exp_cleaning,-718.4
L07,2023-08-31,exp_cc_fees,-1526.7
L07,2023-08-31,exp_office_supplies,-306.79
L07,2023-08-31,exp_waste_removal,-308.39
L07,2023-08-31,exp_corporate_overhead,-2089.86
L07,2023-08-31,exp_training,-545.93
L07,2023-08-31,exp_general_liability_ins,-432.96
L07,2023-08-31,exp_bank_fees,-176.41
L07,2023-08-31,exp_depreciation,-990.6
L07,2023-08-31,exp_professional_fees,-648.44
L07,2023-09-30,rev_drip_coffee,13093.69
L07,2023-09-30,rev_espresso_drinks,16390.09
L07,2023-09-30,rev_cold_brew,8241.39
L07,2023-09-30,rev_specialty_seasonal,5054.82
L07,2023-09-30,rev_tea,3055.01
L07,2023-09-30,rev_pastries,7016.07
L07,2023-09-30,rev_sandwiches,6013.67
L07,2023-09-30,rev_breakfast,3954.68
L07,2023-09-30,rev_snacks,2101.81
L07,2023-09-30,rev_whole_bean,3054.37
L07,2023-09-30,rev_brew_equipment,1235.02
L07,2023-09-30,rev_merchandise,1016.41
L07,2023-09-30,rev_gift_cards,1387.35
L07,2023-09-30,rev_catering,1853.45
L07,2023-09-30,rev_wholesale,1500.38
L07,2023-09-30,exp_coffee_beans,-7359.6
L07,2023-09-30,exp_dairy,-3990.46
L07,2023-09-30,exp_syrups,-1558.74
L07,2023-09-30,exp_food_ingredients,-3145.29
L07,2023-09-30,exp_packaging,-1711.54
L07,2023-09-30,exp_retail_cogs,-1130.79
L07,2023-09-30,exp_barista_wages,-13176.51
L07,2023-09-30,exp_shift_lead_wages,-4333.76
L07,2023-09-30,exp_store_manager_salary,-5634.52
L07,2023-09-30,exp_payroll_taxes,-2075.52
L07,2023-09-30,exp_employee_benefits,-1776.15
L07,2023-09-30,exp_overtime,-979.7
L07,2023-09-30,exp_rent,-6823.52
L07,2023-09-30,exp_utilities,-1404.11
L07,2023-09-30,exp_property_insurance,-588.23
L07,2023-09-30,exp_cam,-793.45
L07,2023-09-30,exp_property_tax,-1023.38
L07,2023-09-30,exp_marketing,-1669.2
L07,2023-09-30,exp_pos_software,-496.23
L07,2023-09-30,exp_equipment_maintenance,-814.77
L07,2023-09-30,exp_cleaning,-573.24
L07,2023-09-30,exp_cc_fees,-1586.52
L07,2023-09-30,exp_office_supplies,-253.1
L07,2023-09-30,exp_waste_removal,-316.07
L07,2023-09-30,exp_corporate_overhead,-2010.32
L07,2023-09-30,exp_training,-494.57
L07,2023-09-30,exp_general_liability_ins,-480.04
L07,2023-09-30,exp_bank_fees,-212.77
L07,2023-09-30,exp_depreciation,-1265.58
L07,2023-09-30,exp_professional_fees,-565.07
L07,2023-10-31,rev_drip_coffee,13729.98
L07,2023-10-31,rev_espresso_drinks,16984.44
L07,2023-10-31,rev_cold_brew,7437.37
L07,2023-10-31,rev_specialty_seasonal,5712.67
L07,2023-10-31,rev_tea,2783.48
L07,2023-10-31,rev_pastries,6730.92
L07,2023-10-31,rev_sandwiches,6201.85
L07,2023-10-31,rev_breakfast,3722.68
L07,2023-10-31,rev_snacks,2201.31
L07,2023-10-31,rev_whole_bean,2943.64
L07,2023-10-31,rev_brew_equipment,1265.86
L07,2023-10-31,rev_merchandise,772.93
L07,2023-10-31,rev_gift_cards,1436.76
L07,2023-10-31,rev_catering,1865.24
L07,2023-10-31,rev_wholesale,1577.35
L07,2023-10-31,exp_coffee_beans,-8246.82
L07,2023-10-31,exp_dairy,-4319.2
L07,2023-10-31,exp_syrups,-1539.9
L07,2023-10-31,exp_food_ingredients,-3288.09
L07,2023-10-31,exp_packaging,-1749.42
L07,2023-10-31,exp_retail_cogs,-1234.14
L07,2023-10-31,exp_barista_wages,-13987.98
L07,2023-10-31,exp_shift_lead_wages,-4200.58
L07,2023-10-31,exp_store_manager_salary,-5213.42
L07,2023-10-31,exp_payroll_taxes,-2368.41
L07,2023-10-31,exp_employee_benefits,-1807.52
L07,2023-10-31,exp_overtime,-1008.63
L07,2023-10-31,exp_rent,-7068.57
L07,2023-10-31,exp_utilities,-1398.72
L07,2023-10-31,exp_property_insurance,-570.38
L07,2023-10-31,exp_cam,-800.41
L07,2023-10-31,exp_property_tax,-945.22
L07,2023-10-31,exp_marketing,-1735.16
L07,2023-10-31,exp_pos_software,-498.83
L07,2023-10-31,exp_equipment_maintenance,-805.91
L07,2023-10-31,exp_cleaning,-609.92
L07,2023-10-31,exp_cc_fees,-1474.76
L07,2023-10-31,exp_office_supplies,-292.3
L07,2023-10-31,exp_waste_removal,-362.56
L07,2023-10-31,exp_corporate_overhead,-2123.98
L07,2023-10-31,exp_training,-442.26
L07,2023-10-31,exp_general_liability_ins,-394.3
L07,2023-10-31,exp_bank_fees,-207.18
L07,2023-10-31,exp_depreciation,-948.97
L07,2023-10-31,exp_professional_fees,-558.07
L07,2023-11-30,rev_drip_coffee,13419.08
L07,2023-11-30,rev_espresso_drinks,20868.47
L07,2023-11-30,rev_cold_brew,8326.63
L07,2023-11-30,rev_specialty_seasonal,8298.47
L07,2023-11-30,rev_tea,3242.41
L07,2023-11-30,rev_pastries,7933.14
L07,2023-11-30,rev_sandwiches,6810.82
L07,2023-11-30,rev_breakfast,3568.99
L07,2023-11-30,rev_snacks,2125.26
L07,2023-11-30,rev_whole_bean,3192.01
L07,2023-11-30,rev_brew_equipment,1216.82
L07,2023-11-30,rev_merchandise,859.93
L07,2023-11-30,rev_gift_cards,1537.31
L07,2023-11-30,rev_catering,2050.06
L07,2023-11-30,rev_wholesale,2103.99
L07,2023-11-30,exp_coffee_beans,-7713.06
L07,2023-11-30,exp_dairy,-4726.58
L07,2023-11-30,exp_syrups,-1564.16
L07,2023-11-30,exp_food_ingredients,-3778.11
L07,2023-11-30,exp_packaging,-1875.96
L07,2023-11-30,exp_retail_cogs,-1246.31
L07,2023-11-30,exp_barista_wages,-13777.78
L07,2023-11-30,exp_shift_lead_wages,-4056.65
L07,2023-11-30,exp_store_manager_salary,-4725.9
L07,2023-11-30,exp_payroll_taxes,-2416.2
L07,2023-11-30,exp_employee_benefits,-1776.18
L07,2023-11-30,exp_overtime,-897.82
L07,2023-11-30,exp_rent,-7189.51
L07,2023-11-30,exp_utilities,-1401.63
L07,2023-11-30,exp_property_insurance,-575.84
L07,2023-11-30,exp_cam,-827.56
L07,2023-11-30,exp_property_tax,-976.55
L07,2023-11-30,exp_marketing,-1576.36
L07,2023-11-30,exp_pos_software,-484.19
L07,2023-11-30,exp_equipment_maintenance,-707.51
L07,2023-11-30,exp_cleaning,-612.84
L07,2023-11-30,exp_cc_fees,-1522.29
L07,2023-11-30,exp_office_supplies,-311.95
L07,2023-11-30,exp_waste_removal,-347.46
L07,2023-11-30,exp_corporate_overhead,-2141.05
L07,2023-11-30,exp_training,-377.9
L07,2023-11-30,exp_general_liability_ins,-447.01
L07,2023-11-30,exp_bank_fees,-189.98
L07,2023-11-30,exp_depreciation,-1439.12
L07,2023-11-30,exp_professional_fees,-570.22
L07,2023-12-31,rev_drip_coffee,14561.66
L07,2023-12-31,rev_espresso_drinks,22716.89
L07,2023-12-31,rev_cold_brew,10365.27
L07,2023-12-31,rev_specialty_seasonal,10104.2
L07,2023-12-31,rev_tea,3700.9
L07,2023-12-31,rev_pastries,7422.79
L07,2023-12-31,rev_sandwiches,6513.8
L07,2023-12-31,rev_breakfast,4546.94
L07,2023-12-31,rev_snacks,2774.6
L07,2023-12-31,rev_whole_bean,3388.48
L07,2023-12-31,rev_brew_equipment,1619.57
L07,2023-12-31,rev_merchandise,1056.75
L07,2023-12-31,rev_gift_cards,1774.95
L07,2023-12-31,rev_catering,2233.86
L07,2023-12-31,rev_wholesale,1985.64
L07,2023-12-31,exp_coffee_beans,-9433.43
L07,2023-12-31,exp_dairy,-5360.21
L07,2023-12-31,exp_syrups,-1906.06
L07,2023-12-31,exp_food_ingredients,-4061.98
L07,2023-12-31,exp_packaging,-2010.18
L07,2023-12-31,exp_retail_cogs,-1441.9
L07,2023-12-31,exp_barista_wages,-14567.13
L07,2023-12-31,exp_shift_lead_wages,-4849.18
L07,2023-12-31,exp_store_manager_salary,-4608.54
L07,2023-12-31,exp_payroll_taxes,-2408.94
L07,2023-12-31,exp_employee_benefits,-1932.86
L07,2023-12-31,exp_overtime,-1018.46
L07,2023-12-31,exp_rent,-7037.63
L07,2023-12-31,exp_utilities,-1403.84
L07,2023-12-31,exp_property_insurance,-574.56
L07,2023-12-31,exp_cam,-830.9
L07,2023-12-31,exp_property_tax,-999.11
L07,2023-12-31,exp_marketing,-1694.6
L07,2023-12-31,exp_pos_software,-573.0
L07,2023-12-31,exp_equipment_maintenance,-831.86
L07,2023-12-31,exp_cleaning,-747.81
L07,2023-12-31,exp_cc_fees,-1586.83
L07,2023-12-31,exp_office_supplies,-280.01
L07,2023-12-31,exp_waste_removal,-313.92
L07,2023-12-31,exp_corporate_overhead,-2257.83
L07,2023-12-31,exp_training,-460.37
L07,2023-12-31,exp_general_liability_ins,-366.28
L07,2023-12-31,exp_bank_fees,-194.98
L07,2023-12-31,exp_depreciation,-1169.57
L07,2023-12-31,exp_professional_fees,-600.03
L07,2024-01-31,rev_drip_coffee,12329.71
L07,2024-01-31,rev_espresso_drinks,16408.04
L07,2024-01-31,rev_cold_brew,8456.23
L07,2024-01-31,rev_specialty_seasonal,7089.39
L07,2024-01-31,rev_tea,2695.72
L07,2024-01-31,rev_pastries,5976.09
L07,2024-01-31,rev_sandwiches,6179.71
L07,2024-01-31,rev_breakfast,3291.75
L07,2024-01-31,rev_snacks,2096.39
L07,2024-01-31,rev_whole_bean,2909.3
L07,2024-01-31,rev_brew_equipment,1081.87
L07,2024-01-31,rev_merchandise,566.44
L07,2024-01-31,rev_gift_cards,1423.89
L07,2024-01-31,rev_catering,1757.43
L07,2024-01-31,rev_wholesale,1375.9
L07,2024-01-31,exp_coffee_beans,-6529.05
L07,2024-01-31,exp_dairy,-3866.6
L07,2024-01-31,exp_syrups,-1479.39
L07,2024-01-31,exp_food_ingredients,-3169.31
L07,2024-01-31,exp_packaging,-1634.08
L07,2024-01-31,exp_retail_cogs,-1123.91
L07,2024-01-31,exp_barista_wages,-12695.54
L07,2024-01-31,exp_shift_lead_wages,-3917.7
L07,2024-01-31,exp_store_manager_salary,-4908.5
L07,2024-01-31,exp_payroll_taxes,-2233.42
L07,2024-01-31,exp_employee_benefits,-1822.11
L07,2024-01-31,exp_overtime,-967.03
L07,2024-01-31,exp_rent,-6968.66
L07,2024-01-31,exp_utilities,-1441.12
L07,2024-01-31,exp_property_insurance,-574.25
L07,2024-01-31,exp_cam,-783.08
L07,2024-01-31,exp_property_tax,-963.54
L07,2024-01-31,exp_marketing,-1563.91
L07,2024-01-31,exp_pos_software,-588.54
L07,2024-01-31,exp_equipment_maintenance,-952.27
L07,2024-01-31,exp_cleaning,-538.7
L07,2024-01-31,exp_cc_fees,-1381.24
L07,2024-01-31,exp_office_supplies,-291.87
L07,2024-01-31,exp_waste_removal,-394.03
L07,2024-01-31,exp_corporate_overhead,-2023.87
L07,2024-01-31,exp_training,-443.06
L07,2024-01-31,exp_general_liability_ins,-367.0
L07,2024-01-31,exp_bank_fees,-196.0
L07,2024-01-31,exp_depreciation,-1182.5
L07,2024-01-31,exp_professional_fees,-532.52
L07,2024-02-29,rev_drip_coffee,11402.47
L07,2024-02-29,rev_espresso_drinks,18384.49
L07,2024-02-29,rev_cold_brew,7237.22
L07,2024-02-29,rev_specialty_seasonal,6733.31
L07,2024-02-29,rev_tea,3003.9
L07,2024-02-29,rev_pastries,6140.17
L07,2024-02-29,rev_sandwiches,5837.93
L07,2024-02-29,rev_breakfast,3398.32
L07,2024-02-29,rev_snacks,1841.79
L07,2024-02-29,rev_whole_bean,2420.09
L07,2024-02-29,rev_brew_equipment,1199.06
L07,2024-02-29,rev_merchandise,789.95
L07,2024-02-29,rev_gift_cards,1396.32
L07,2024-02-29,rev_catering,1599.16
L07,2024-02-29,rev_wholesale,1596.39
L07,2024-02-29,exp_coffee_beans,-6459.86
L07,2024-02-29,exp_dairy,-3715.0
L07,2024-02-29,exp_syrups,-1346.91
L07,2024-02-29,exp_food_ingredients,-3202.06
L07,2024-02-29,exp_packaging,-1541.98
L07,2024-02-29,exp_retail_cogs,-1058.74
L07,2024-02-29,exp_barista_wages,-13464.35
L07,2024-02-29,exp_shift_lead_wages,-4009.19
L07,2024-02-29,exp_store_manager_salary,-4544.29
L07,2024-02-29,exp_payroll_taxes,-2020.0
L07,2024-02-29,exp_employee_benefits,-1745.87
L07,2024-02-29,exp_overtime,-968.85
L07,2024-02-29,exp_rent,-6753.29
L07,2024-02-29,exp_utilities,-1448.61
L07,2024-02-29,exp_property_insurance,-573.14
L07,2024-02-29,exp_cam,-826.78
L07,2024-02-29,exp_property_tax,-951.85
L07,2024-02-29,exp_marketing,-1573.58
L07,2024-02-29,exp_pos_software,-513.35
L07,2024-02-29,exp_equipment_maintenance,-763.28
L07,2024-02-29,exp_cleaning,-592.87
L07,2024-02-29,exp_cc_fees,-1729.09
L07,2024-02-29,exp_office_supplies,-307.04
L07,2024-02-29,exp_waste_removal,-336.12
L07,2024-02-29,exp_corporate_overhead,-1745.99
L07,2024-02-29,exp_training,-383.26
L07,2024-02-29,exp_general_liability_ins,-404.42
L07,2024-02-29,exp_bank_fees,-175.12
L07,2024-02-29,exp_depreciation,-1174.97
L07,2024-02-29,exp_professional_fees,-440.32
L07,2024-03-31,rev_drip_coffee,12478.26
L07,2024-03-31,rev_espresso_drinks,19702.32
L07,2024-03-31,rev_cold_brew,9598.9
L07,2024-03-31,rev_specialty_seasonal,4560.35
L07,2024-03-31,rev_tea,2758.58
L07,2024-03-31,rev_pastries,6138.39
L07,2024-03-31,rev_sandwiches,6051.54
L07,2024-03-31,rev_breakfast,3207.56
L07,2024-03-31,rev_snacks,2262.28
L07,2024-03-31,rev_whole_bean,2696.83
L07,2024-03-31,rev_brew_equipment,1201.74
L07,2024-03-31,rev_merchandise,879.65
L07,2024-03-31,rev_gift_cards,1385.3
L07,2024-03-31,rev_catering,1968.32
L07,2024-03-31,rev_wholesale,1466.74
L07,2024-03-31,exp_coffee_beans,-6614.21
L07,2024-03-31,exp_dairy,-4040.66
L07,2024-03-31,exp_syrups,-1626.82
L07,2024-03-31,exp_food_ingredients,-3423.89
L07,2024-03-31,exp_packaging,-1643.08
L07,2024-03-31,exp_retail_cogs,-1101.22
L07,2024-03-31,exp_barista_wages,-13947.41
L07,2024-03-31,exp_shift_lead_wages,-3767.14
L07,2024-03-31,exp_store_manager_salary,-4398.08
L07,2024-03-31,exp_payroll_taxes,-2103.19
L07,2024-03-31,exp_employee_benefits,-1963.79
L07,2024-03-31,exp_overtime,-1118.76
L07,2024-03-31,exp_rent,-6881.66
L07,2024-03-31,exp_utilities,-1405.27
L07,2024-03-31,exp_property_insurance,-559.71
L07,2024-03-31,exp_cam,-802.52
L07,2024-03-31,exp_property_tax,-982.5
L07,2024-03-31,exp_marketing,-1729.07
L07,2024-03-31,exp_pos_software,-602.25
L07,2024-03-31,exp_equipment_maintenance,-829.09
L07,2024-03-31,exp_cleaning,-657.86
L07,2024-03-31,exp_cc_fees,-1366.07
L07,2024-03-31,exp_office_supplies,-318.96
L07,2024-03-31,exp_waste_removal,-346.51
L07,2024-03-31,exp_corporate_overhead,-2234.89
L07,2024-03-31,exp_training,-480.48
L07,2024-03-31,exp_general_liability_ins,-430.28
L07,2024-03-31,exp_bank_fees,-201.82
L07,2024-03-31,exp_depreciation,-1013.16
L07,2024-03-31,exp_professional_fees,-509.11
L07,2024-04-30,rev_drip_coffee,12946.19
L07,2024-04-30,rev_espresso_drinks,16951.02
L07,2024-04-30,rev_cold_brew,8651.96
L07,2024-04-30,rev_specialty_seasonal,5488.28
L07,2024-04-30,rev_tea,3427.77
L07,2024-04-30,rev_pastries,7014.51
L07,2024-04-30,rev_sandwiches,6815.19
L07,2024-04-30,rev_breakfast,3831.78
L07,2024-04-30,rev_snacks,2008.93
L07,2024-04-30,rev_whole_bean,2859.19
L07,2024-04-30,rev_brew_equipment,1352.13
L07,2024-04-30,rev_merchandise,899.71
L07,2024-04-30,rev_gift_cards,1444.63
L07,2024-04-30,rev_catering,1743.02
L07,2024-04-30,rev_wholesale,1416.87
L07,2024-04-30,exp_coffee_beans,-7352.53
L07,2024-04-30,exp_dairy,-3874.37
L07,2024-04-30,exp_syrups,-1682.2
L07,2024-04-30,exp_food_ingredients,-3597.79
L07,2024-04-30,exp_packaging,-1651.91
L07,2024-04-30,exp_retail_cogs,-1151.06
L07,2024-04-30,exp_barista_wages,-14346.79
L07,2024-04-30,exp_shift_lead_wages,-3910.78
L07,2024-04-30,exp_store_manager_salary,-4657.48
L07,2024-04-30,exp_payroll_taxes,-2121.5
L07,2024-04-30,exp_employee_benefits,-1808.35
L07,2024-04-30,exp_overtime,-1064.55
L07,2024-04-30,exp_rent,-7109.97
L07,2024-04-30,exp_utilities,-1454.25
L07,2024-04-30,exp_property_insurance,-578.7
L07,2024-04-30,exp_cam,-817.62
L07,2024-04-30,exp_property_tax,-966.19
L07,2024-04-30,exp_marketing,-1310.74
L07,2024-04-30,exp_pos_software,-514.94
L07,2024-04-30,exp_equipment_maintenance,-777.59
L07,2024-04-30,exp_cleaning,-583.82
L07,2024-04-30,exp_cc_fees,-1328.06
L07,2024-04-30,exp_office_supplies,-288.74
L07,2024-04-30,exp_waste_removal,-387.65
L07,2024-04-30,exp_corporate_overhead,-2503.22
L07,2024-04-30,exp_training,-383.08
L07,2024-04-30,exp_general_liability_ins,-372.31
L07,2024-04-30,exp_bank_fees,-172.17
L07,2024-04-30,exp_depreciation,-1293.94
L07,2024-04-30,exp_professional_fees,-558.11
L07,2024-05-31,rev_drip_coffee,13088.82
L07,2024-05-31,rev_espresso_drinks,21275.62
L07,2024-05-31,rev_cold_brew,10108.66
L07,2024-05-31,rev_specialty_seasonal,5931.82
L07,2024-05-31,rev_tea,3045.1
L07,2024-05-31,rev_pastries,7439.66
L07,2024-05-31,rev_sandwiches,6488.09
L07,2024-05-31,rev_breakfast,3852.81
L07,2024-05-31,rev_snacks,2113.48
L07,2024-05-31,rev_whole_bean,3190.17
L07,2024-05-31,rev_brew_equipment,1368.27
L07,2024-05-31,rev_merchandise,933.82
L07,2024-05-31,rev_gift_cards,1696.99
L07,2024-05-31,rev_catering,2185.41
L07,2024-05-31,rev_wholesale,1654.85
L07,2024-05-31,exp_coffee_beans,-8256.48
L07,2024-05-31,exp_dairy,-4713.83
L07,2024-05-31,exp_syrups,-1831.81
L07,2024-05-31,exp_food_ingredients,-3725.08
L07,2024-05-31,exp_packaging,-1853.94
L07,2024-05-31,exp_retail_cogs,-1298.19
L07,2024-05-31,exp_barista_wages,-13719.95
L07,2024-05-31,exp_shift_lead_wages,-4213.91
L07,2024-05-31,exp_store_manager_salary,-5156.01
L07,2024-05-31,exp_payroll_taxes,-2342.24
L07,2024-05-31,exp_employee_benefits,-1961.51
L07,2024-05-31,exp_overtime,-1067.68
L07,2024-05-31,exp_rent,-6880.04
L07,2024-05-31,exp_utilities,-1415.17
L07,2024-05-31,exp_property_insurance,-563.38
L07,2024-05-31,exp_cam,-827.89
L07,2024-05-31,exp_property_tax,-968.73
L07,2024-05-31,exp_marketing,-1757.57
L07,2024-05-31,exp_pos_software,-567.25
L07,2024-05-31,exp_equipment_maintenance,-871.47
L07,2024-05-31,exp_cleaning,-615.89
L07,2024-05-31,exp_cc_fees,-1353.27
L07,2024-05-31,exp_office_supplies,-273.38
L07,2024-05-31,exp_waste_removal,-428.12
L07,2024-05-31,exp_corporate_overhead,-2161.07
L07,2024-05-31,exp_training,-515.05
L07,2024-05-31,exp_general_liability_ins,-486.53
L07,2024-05-31,exp_bank_fees,-179.28
L07,2024-05-31,exp_depreciation,-1252.8
L07,2024-05-31,exp_professional_fees,-572.36
L07,2024-06-30,rev_drip_coffee,13447.93
L07,2024-06-30,rev_espresso_drinks,21144.84
L07,2024-06-30,rev_cold_brew,14157.43
L07,2024-06-30,rev_specialty_seasonal,6083.81
L07,2024-06-30,rev_tea,3384.71
L07,2024-06-30,rev_pastries,7659.94
L07,2024-06-30,rev_sandwiches,8243.51
L07,2024-06-30,rev_breakfast,3575.62
L07,2024-06-30,rev_snacks,2445.08
L07,2024-06-30,rev_whole_bean,3104.18
L07,2024-06-30,rev_brew_equipment,1357.55
L07,2024-06-30,rev_merchandise,899.41
L07,2024-06-30,rev_gift_cards,1722.61
L07,2024-06-30,rev_catering,2378.87
L07,2024-06-30,rev_wholesale,1867.09
L07,2024-06-30,exp_coffee_beans,-8828.85
L07,2024-06-30,exp_dairy,-5225.41
L07,2024-06-30,exp_syrups,-1799.46
L07,2024-06-30,exp_food_ingredients,-3805.89
L07,2024-06-30,exp_packaging,-1958.12
L07,2024-06-30,exp_retail_cogs,-1398.98
L07,2024-06-30,exp_barista_wages,-13511.15
L07,2024-06-30,exp_shift_lead_wages,-3990.9
L07,2024-06-30,exp_store_manager_salary,-4582.07
L07,2024-06-30,exp_payroll_taxes,-2347.56
L07,2024-06-30,exp_employee_benefits,-1921.95
L07,2024-06-30,exp_overtime,-1002.46
L07,2024-06-30,exp_rent,-7089.61
L07,2024-06-30,exp_utilities,-1428.81
L07,2024-06-30,exp_property_insurance,-594.31
L07,2024-06-30,exp_cam,-807.21
L07,2024-06-30,exp_property_tax,-958.44
L07,2024-06-30,exp_marketing,-1675.98
L07,2024-06-30,exp_pos_software,-588.97
L07,2024-06-30,exp_equipment_maintenance,-799.47
L07,2024-06-30,exp_cleaning,-533.34
L07,2024-06-30,exp_cc_fees,-1483.73
L07,2024-06-30,exp_office_supplies,-272.41
L07,2024-06-30,exp_waste_removal,-405.94
L07,2024-06-30,exp_corporate_overhead,-2049.71
L07,2024-06-30,exp_training,-542.8
L07,2024-06-30,exp_general_liability_ins,-336.57
L07,2024-06-30,exp_bank_fees,-189.48
L07,2024-06-30,exp_depreciation,-1373.7
L07,2024-06-30,exp_professional_fees,-519.06
L07,2024-07-31,rev_drip_coffee,15023.07
L07,2024-07-31,rev_espresso_drinks,21327.65
L07,2024-07-31,rev_cold_brew,13124.6
L07,2024-07-31,rev_specialty_seasonal,6633.86
L07,2024-07-31,rev_tea,3198.32
L07,2024-07-31,rev_pastries,7904.94
L07,2024-07-31,rev_sandwiches,7540.04
L07,2024-07-31,rev_breakfast,4228.66
L07,2024-07-31,rev_snacks,2220.57
L07,2024-07-31,rev_whole_bean,3521.38
L07,2024-07-31,rev_brew_equipment,1555.05
L07,2024-07-31,rev_merchandise,865.82
L07,2024-07-31,rev_gift_cards,1505.27
L07,2024-07-31,rev_catering,2132.95
L07,2024-07-31,rev_wholesale,1971.39
L07,2024-07-31,exp_coffee_beans,-8714.13
L07,2024-07-31,exp_dairy,-5244.61
L07,2024-07-31,exp_syrups,-1746.25
L07,2024-07-31,exp_food_ingredients,-3831.79
L07,2024-07-31,exp_packaging,-2052.2
L07,2024-07-31,exp_retail_cogs,-1362.69
L07,2024-07-31,exp_barista_wages,-14540.62
L07,2024-07-31,exp_shift_lead_wages,-4044.8
L07,2024-07-31,exp_store_manager_salary,-5098.14
L07,2024-07-31,exp_payroll_taxes,-2509.59
L07,2024-07-31,exp_employee_benefits,-1829.08
L07,2024-07-31,exp_overtime,-1145.5
L07,2024-07-31,exp_rent,-6620.58
L07,2024-07-31,exp_utilities,-1408.54
L07,2024-07-31,exp_property_insurance,-576.71
L07,2024-07-31,exp_cam,-829.19
L07,2024-07-31,exp_property_tax,-956.43
L07,2024-07-31,exp_marketing,-1710.07
L07,2024-07-31,exp_pos_software,-610.33
L07,2024-07-31,exp_equipment_maintenance,-784.76
L07,2024-07-31,exp_cleaning,-599.93
L07,2024-07-31,exp_cc_fees,-1489.8
L07,2024-07-31,exp_office_supplies,-257.86
L07,2024-07-31,exp_waste_removal,-348.41
L07,2024-07-31,exp_corporate_overhead,-2409.39
L07,2024-07-31,exp_training,-487.15
L07,2024-07-31,exp_general_liability_ins,-420.64
L07,2024-07-31,exp_bank_fees,-189.08
L07,2024-07-31,exp_depreciation,-1271.72
L07,2024-07-31,exp_professional_fees,-613.8
L07,2024-08-31,rev_drip_coffee,13907.37
L07,2024-08-31,rev_espresso_drinks,23668.2
L07,2024-08-31,rev_cold_brew,14678.96
L07,2024-08-31,rev_specialty_seasonal,6560.83
L07,2024-08-31,rev_tea,3182.8
L07,2024-08-31,rev_pastries,7006.31
L07,2024-08-31,rev_sandwiches,6745.33
L07,2024-08-31,rev_breakfast,4135.63
L07,2024-08-31,rev_snacks,1982.12
L07,2024-08-31,rev_whole_bean,3234.97
L07,2024-08-31,rev_brew_equipment,1550.08
L07,2024-08-31,rev_merchandise,945.09
L07,2024-08-31,rev_gift_cards,1519.23
L07,2024-08-31,rev_catering,2068.04
L07,2024-08-31,rev_wholesale,1850.2
L07,2024-08-31,exp_coffee_beans,-8158.94
L07,2024-08-31,exp_dairy,-4932.84
L07,2024-08-31,exp_syrups,-1749.1
L07,2024-08-31,exp_food_ingredients,-4052.68
L07,2024-08-31,exp_packaging,-1770.52
L07,2024-08-31,exp_retail_cogs,-1355.39
L07,2024-08-31,exp_barista_wages,-13783.54
L07,2024-08-31,exp_shift_lead_wages,-4344.08
L07,2024-08-31,exp_store_manager_salary,-5440.86
L07,2024-08-31,exp_payroll_taxes,-2454.13
L07,2024-08-31,exp_employee_benefits,-2029.98
L07,2024-08-31,exp_overtime,-1097.52
L07,2024-08-31,exp_rent,-6929.05
L07,2024-08-31,exp_utilities,-1417.27
L07,2024-08-31,exp_property_insurance,-558.62
L07,2024-08-31,exp_cam,-822.74
L07,2024-08-31,exp_property_tax,-973.02
L07,2024-08-31,exp_marketing,-1683.61
L07,2024-08-31,exp_pos_software,-589.46
L07,2024-08-31,exp_equipment_maintenance,-740.46
L07,2024-08-31,exp_cleaning,-565.67
L07,2024-08-31,exp_cc_fees,-1696.25
L07,2024-08-31,exp_office_supplies,-311.49
L07,2024-08-31,exp_waste_removal,-343.83
L07,2024-08-31,exp_corporate_overhead,-2109.72
L07,2024-08-31,exp_training,-513.24
L07,2024-08-31,exp_general_liability_ins,-467.27
L07,2024-08-31,exp_bank_fees,-159.55
L07,2024-08-31,exp_depreciation,-1398.33
L07,2024-08-31,exp_professional_fees,-624.84
L07,2024-09-30,rev_drip_coffee,13332.07
L07,2024-09-30,rev_espresso_drinks,17683.39
L07,2024-09-30,rev_cold_brew,9891.08
L07,2024-09-30,rev_specialty_seasonal,5990.96
L07,2024-09-30,rev_tea,2795.66
L07,2024-09-30,rev_pastries,6942.79
L07,2024-09-30,rev_sandwiches,8028.81
L07,2024-09-30,rev_breakfast,3821.35
L07,2024-09-30,rev_snacks,2013.78
L07,2024-09-30,rev_whole_bean,2652.7
L07,2024-09-30,rev_brew_equipment,1487.87
L07,2024-09-30,rev_merchandise,894.54
L07,2024-09-30,rev_gift_cards,1656.98
L07,2024-09-30,rev_catering,2088.43
L07,2024-09-30,rev_wholesale,1843.54
L07,2024-09-30,exp_coffee_beans,-7300.63
L07,2024-09-30,exp_dairy,-4511.34
L07,2024-09-30,exp_syrups,-1597.12
L07,2024-09-30,exp_food_ingredients,-3809.7
L07,2024-09-30,exp_packaging,-1768.01
L07,2024-09-30,exp_retail_cogs,-1204.17
L07,2024-09-30,exp_barista_wages,-13681.12
L07,2024-09-30,exp_shift_lead_wages,-3801.5
L07,2024-09-30,exp_store_manager_salary,-4306.25
L07,2024-09-30,exp_payroll_taxes,-2354.57
L07,2024-09-30,exp_employee_benefits,-1770.68
L07,2024-09-30,exp_overtime,-1018.86
L07,2024-09-30,exp_rent,-7059.74
L07,2024-09-30,exp_utilities,-1464.28
L07,2024-09-30,exp_property_insurance,-584.88
L07,2024-09-30,exp_cam,-832.17
L07,2024-09-30,exp_property_tax,-989.17
L07,2024-09-30,exp_marketing,-1650.97
L07,2024-09-30,exp_pos_software,-565.25
L07,2024-09-30,exp_equipment_maintenance,-737.06
L07,2024-09-30,exp_cleaning,-682.79
L07,2024-09-30,exp_cc_fees,-1109.76
L07,2024-09-30,exp_office_supplies,-284.96
L07,2024-09-30,exp_waste_removal,-365.86
L07,2024-09-30,exp_corporate_overhead,-1967.97
L07,2024-09-30,exp_training,-442.04
L07,2024-09-30,exp_general_liability_ins,-505.95
L07,2024-09-30,exp_bank_fees,-207.6
L07,2024-09-30,exp_depreciation,-1119.47
L07,2024-09-30,exp_professional_fees,-543.04
L07,2024-10-31,rev_drip_coffee,11880.27
L07,2024-10-31,rev_espresso_drinks,20244.5
L07,2024-10-31,rev_cold_brew,8764.37
L07,2024-10-31,rev_specialty_seasonal,4767.77
L07,2024-10-31,rev_tea,3127.71
L07,2024-10-31,rev_pastries,7178.99
L07,2024-10-31,rev_sandwiches,6781.8
L07,2024-10-31,rev_breakfast,3719.52
L07,2024-10-31,rev_snacks,2036.3
L07,2024-10-31,rev_whole_bean,3278.44
L07,2024-10-31,rev_brew_equipment,1278.25
L07,2024-10-31,rev_merchandise,868.58
L07,2024-10-31,rev_gift_cards,1397.07
L07,2024-10-31,rev_catering,2118.43
L07,2024-10-31,rev_wholesale,1451.32
L07,2024-10-31,exp_coffee_beans,-7301.83
L07,2024-10-31,exp_dairy,-4122.17
L07,2024-10-31,exp_syrups,-1496.96
L07,2024-10-31,exp_food_ingredients,-3711.95
L07,2024-10-31,exp_packaging,-1653.9
L07,2024-10-31,exp_retail_cogs,-1262.44
L07,2024-10-31,exp_barista_wages,-14743.38
L07,2024-10-31,exp_shift_lead_wages,-4183.87
L07,2024-10-31,exp_store_manager_salary,-5256.32
L07,2024-10-31,exp_payroll_taxes,-2294.55
L07,2024-10-31,exp_employee_benefits,-1808.61
L07,2024-10-31,exp_overtime,-1072.52
L07,2024-10-31,exp_rent,-7199.87
L07,2024-10-31,exp_utilities,-1406.32
L07,2024-10-31,exp_property_insurance,-567.59
L07,2024-10-31,exp_cam,-784.96
L07,2024-10-31,exp_property_tax,-998.81
L07,2024-10-31,exp_marketing,-1783.52
L07,2024-10-31,exp_pos_software,-522.34
L07,2024-10-31,exp_equipment_maintenance,-665.12
L07,2024-10-31,exp_cleaning,-581.16
L07,2024-10-31,exp_cc_fees,-1549.47
L07,2024-10-31,exp_office_supplies,-300.68
L07,2024-10-31,exp_waste_removal,-371.61
L07,2024-10-31,exp_corporate_overhead,-2024.89
L07,2024-10-31,exp_training,-509.9
L07,2024-10-31,exp_general_liability_ins,-442.01
L07,2024-10-31,exp_bank_fees,-197.93
L07,2024-10-31,exp_depreciation,-1221.02
L07,2024-10-31,exp_professional_fees,-599.67
L07,2024-11-30,rev_drip_coffee,14814.89
L07,2024-11-30,rev_espresso_drinks,19160.12
L07,2024-11-30,rev_cold_brew,9946.75
L07,2024-11-30,rev_specialty_seasonal,9421.22
L07,2024-11-30,rev_tea,3660.57
L07,2024-11-30,rev_pastries,7739.6
L07,2024-11-30,rev_sandwiches,6275.24
L07,2024-11-30,rev_breakfast,3778.53
L07,2024-11-30,rev_snacks,2187.88
L07,2024-11-30,rev_whole_bean,3101.55
L07,2024-11-30,rev_brew_equipment,1366.29
L07,2024-11-30,rev_merchandise,807.26
L07,2024-11-30,rev_gift_cards,1434.38
L07,2024-11-30,rev_catering,1804.23
L07,2024-11-30,rev_wholesale,1331.29
L07,2024-11-30,exp_coffee_beans,-8019.29
L07,2024-11-30,exp_dairy,-5287.88
L07,2024-11-30,exp_syrups,-1816.92
L07,2024-11-30,exp_food_ingredients,-3588.46
L07,2024-11-30,exp_packaging,-1856.44
L07,2024-11-30,exp_retail_cogs,-1219.78
L07,2024-11-30,exp_barista_wages,-12875.09
L07,2024-11-30,exp_shift_lead_wages,-4022.72
L07,2024-11-30,exp_store_manager_salary,-5060.77
L07,2024-11-30,exp_payroll_taxes,-2274.56
L07,2024-11-30,exp_employee_benefits,-1885.64
L07,2024-11-30,exp_overtime,-1103.65
L07,2024-11-30,exp_rent,-6897.54
L07,2024-11-30,exp_utilities,-1425.51
L07,2024-11-30,exp_property_insurance,-566.03
L07,2024-11-30,exp_cam,-779.72
L07,2024-11-30,exp_property_tax,-949.97
L07,2024-11-30,exp_marketing,-1706.58
L07,2024-11-30,exp_pos_software,-533.33
L07,2024-11-30,exp_equipment_maintenance,-687.53
L07,2024-11-30,exp_cleaning,-619.28
L07,2024-11-30,exp_cc_fees,-1285.54
L07,2024-11-30,exp_office_supplies,-352.96
L07,2024-11-30,exp_waste_removal,-343.89
L07,2024-11-30,exp_corporate_overhead,-2282.34
L07,2024-11-30,exp_training,-513.37
L07,2024-11-30,exp_general_liability_ins,-386.54
L07,2024-11-30,exp_bank_fees,-188.38
L07,2024-11-30,exp_depreciation,-1268.42
L07,2024-11-30,exp_professional_fees,-576.37
L07,2024-12-31,rev_drip_coffee,16609.46
L07,2024-12-31,rev_espresso_drinks,20892.78
L07,2024-12-31,rev_cold_brew,11394.11
L07,2024-12-31,rev_specialty_seasonal,9619.46
L07,2024-12-31,rev_tea,3891.1
L07,2024-12-31,rev_pastries,9083.96
L07,2024-12-31,rev_sandwiches,8092.91
L07,2024-12-31,rev_breakfast,4691.95
L07,2024-12-31,rev_snacks,2692.17
L07,2024-12-31,rev_whole_bean,3641.36
L07,2024-12-31,rev_brew_equipment,1745.12
L07,2024-12-31,rev_merchandise,999.26
L07,2024-12-31,rev_gift_cards,1804.67
L07,2024-12-31,rev_catering,2631.93
L07,2024-12-31,rev_wholesale,1925.36
L07,2024-12-31,exp_coffee_beans,-8510.1
L07,2024-12-31,exp_dairy,-5484.4
L07,2024-12-31,exp_syrups,-1863.85
L07,2024-12-31,exp_food_ingredients,-4004.77
L07,2024-12-31,exp_packaging,-2133.58
L07,2024-12-31,exp_retail_cogs,-1593.17
L07,2024-12-31,exp_barista_wages,-13338.38
L07,2024-12-31,exp_shift_lead_wages,-4866.16
L07,2024-12-31,exp_store_manager_salary,-4600.92
L07,2024-12-31,exp_payroll_taxes,-2374.38
L07,2024-12-31,exp_employee_benefits,-2181.96
L07,2024-12-31,exp_overtime,-1100.72
L07,2024-12-31,exp_rent,-6956.82
L07,2024-12-31,exp_utilities,-1446.21
L07,2024-12-31,exp_property_insurance,-558.83
L07,2024-12-31,exp_cam,-802.42
L07,2024-12-31,exp_property_tax,-980.59
L07,2024-12-31,exp_marketing,-1900.98
L07,2024-12-31,exp_pos_software,-483.77
L07,2024-12-31,exp_equipment_maintenance,-813.51
L07,2024-12-31,exp_cleaning,-565.35
L07,2024-12-31,exp_cc_fees,-1317.04
L07,2024-12-31,exp_office_supplies,-336.83
L07,2024-12-31,exp_waste_removal,-366.0
L07,2024-12-31,exp_corporate_overhead,-2018.01
L07,2024-12-31,exp_training,-438.98
L07,2024-12-31,exp_general_liability_ins,-403.27
L07,2024-12-31,exp_bank_fees,-178.1
L07,2024-12-31,exp_depreciation,-1049.93
L07,2024-12-31,exp_professional_fees,-555.05
L07,2025-01-31,rev_drip_coffee,11848.75
L07,2025-01-31,rev_espresso_drinks,16596.88
L07,2025-01-31,rev_cold_brew,8347.32
L07,2025-01-31,rev_specialty_seasonal,7708.73
L07,2025-01-31,rev_tea,2733.14
L07,2025-01-31,rev_pastries,6320.4
L07,2025-01-31,rev_sandwiches,6807.69
L07,2025-01-31,rev_breakfast,4034.61
L07,2025-01-31,rev_snacks,1771.89
L07,2025-01-31,rev_whole_bean,2417.33
L07,2025-01-31,rev_brew_equipment,1078.04
L07,2025-01-31,rev_merchandise,821.23
L07,2025-01-31,rev_gift_cards,1303.21
L07,2025-01-31,rev_catering,1886.42
L07,2025-01-31,rev_wholesale,1756.33
L07,2025-01-31,exp_coffee_beans,-6887.53
L07,2025-01-31,exp_dairy,-4187.63
L07,2025-01-31,exp_syrups,-1460.2
L07,2025-01-31,exp_food_ingredients,-3126.13
L07,2025-01-31,exp_packaging,-1656.28
L07,2025-01-31,exp_retail_cogs,-1075.82
L07,2025-01-31,exp_barista_wages,-14112.46
L07,2025-01-31,exp_shift_lead_wages,-3908.2
L07,2025-01-31,exp_store_manager_salary,-4657.53
L07,2025-01-31,exp_payroll_taxes,-2009.12
L07,2025-01-31,exp_employee_benefits,-1639.86
L07,2025-01-31,exp_overtime,-966.67
L07,2025-01-31,exp_rent,-6606.65
L07,2025-01-31,exp_utilities,-1417.83
L07,2025-01-31,exp_property_insurance,-572.81
L07,2025-01-31,exp_cam,-813.93
L07,2025-01-31,exp_property_tax,-987.61
L07,2025-01-31,exp_marketing,-1489.14
L07,2025-01-31,exp_pos_software,-526.67
L07,2025-01-31,exp_equipment_maintenance,-825.94
L07,2025-01-31,exp_cleaning,-715.82
L07,2025-01-31,exp_cc_fees,-1348.2
L07,2025-01-31,exp_office_supplies,-280.91
L07,2025-01-31,exp_waste_removal,-323.83
L07,2025-01-31,exp_corporate_overhead,-1820.05
L07,2025-01-31,exp_training,-477.17
L07,2025-01-31,exp_general_liability_ins,-436.01
L07,2025-01-31,exp_bank_fees,-210.95
L07,2025-01-31,exp_depreciation,-1327.07
L07,2025-01-31,exp_professional_fees,-706.38
L07,2025-02-28,rev_drip_coffee,11857.73
L07,2025-02-28,rev_espresso_drinks,16915.29
L07,2025-02-28,rev_cold_brew,7223.26
L07,2025-02-28,rev_specialty_seasonal,7807.62
L07,2025-02-28,rev_tea,2823.48
L07,2025-02-28,rev_pastries,6577.77
L07,2025-02-28,rev_sandwiches,5158.92
L07,2025-02-28,rev_breakfast,3467.68
L07,2025-02-28,rev_snacks,1923.12
L07,2025-02-28,rev_whole_bean,2578.54
L07,2025-02-28,rev_brew_equipment,1088.74
L07,2025-02-28,rev_merchandise,810.82
L07,2025-02-28,rev_gift_cards,1532.11
L07,2025-02-28,rev_catering,1649.04
L07,2025-02-28,rev_wholesale,1566.09
L07,2025-02-28,exp_coffee_beans,-5768.45
L07,2025-02-28,exp_dairy,-4087.13
L07,2025-02-28,exp_syrups,-1261.42
L07,2025-02-28,exp_food_ingredients,-3066.62
L07,2025-02-28,exp_packaging,-1437.05
L07,2025-02-28,exp_retail_cogs,-1086.74
L07,2025-02-28,exp_barista_wages,-13595.44
L07,2025-02-28,exp_shift_lead_wages,-3566.93
L07,2025-02-28,exp_store_manager_salary,-4649.11
L07,2025-02-28,exp_payroll_taxes,-2064.42
L07,2025-02-28,exp_employee_benefits,-1883.61
L07,2025-02-28,exp_overtime,-1008.56
L07,2025-02-28,exp_rent,-6780.83
L07,2025-02-28,exp_utilities,-1411.05
L07,2025-02-28,exp_property_insurance,-596.7
L07,2025-02-28,exp_cam,-812.72
L07,2025-02-28,exp_property_tax,-961.34
L07,2025-02-28,exp_marketing,-1559.74
L07,2025-02-28,exp_pos_software,-539.01
L07,2025-02-28,exp_equipment_maintenance,-800.28
L07,2025-02-28,exp_cleaning,-516.63
L07,2025-02-28,exp_cc_fees,-1369.45
L07,2025-02-28,exp_office_supplies,-344.75
L07,2025-02-28,exp_waste_removal,-351.11
L07,2025-02-28,exp_corporate_overhead,-2114.65
L07,2025-02-28,exp_training,-469.46
L07,2025-02-28,exp_general_liability_ins,-522.13
L07,2025-02-28,exp_bank_fees,-187.13
L07,2025-02-28,exp_depreciation,-1333.38
L07,2025-02-28,exp_professional_fees,-535.71
L07,2025-03-31,rev_drip_coffee,12609.83
L07,2025-03-31,rev_espresso_drinks,18668.26
L07,2025-03-31,rev_cold_brew,8164.12
L07,2025-03-31,rev_specialty_seasonal,5416.32
L07,2025-03-31,rev_tea,3233.96
L07,2025-03-31,rev_pastries,6317.2
L07,2025-03-31,rev_sandwiches,6127.75
L07,2025-03-31,rev_breakfast,3847.54
L07,2025-03-31,rev_snacks,1907.85
L07,2025-03-31,rev_whole_bean,2994.28
L07,2025-03-31,rev_brew_equipment,1250.55
L07,2025-03-31,rev_merchandise,788.71
L07,2025-03-31,rev_gift_cards,1192.64
L07,2025-03-31,rev_catering,1895.36
L07,2025-03-31,rev_wholesale,1646.05
L07,2025-03-31,exp_coffee_beans,-7908.76
L07,2025-03-31,exp_dairy,-4390.74
L07,2025-03-31,exp_syrups,-1586.83
L07,2025-03-31,exp_food_ingredients,-3194.26
L07,2025-03-31,exp_packaging,-1649.84
L07,2025-03-31,exp_retail_cogs,-1258.36
L07,2025-03-31,exp_barista_wages,-12646.7
L07,2025-03-31,exp_shift_lead_wages,-4382.66
L07,2025-03-31,exp_store_manager_salary,-5119.4
L07,2025-03-31,exp_payroll_taxes,-2234.42
L07,2025-03-31,exp_employee_benefits,-1740.44
L07,2025-03-31,exp_overtime,-954.51
L07,2025-03-31,exp_rent,-7190.91
L07,2025-03-31,exp_utilities,-1442.48
L07,2025-03-31,exp_property_insurance,-582.64
L07,2025-03-31,exp_cam,-794.65
L07,2025-03-31,exp_property_tax,-980.07
L07,2025-03-31,exp_marketing,-1628.93
L07,2025-03-31,exp_pos_software,-574.06
L07,2025-03-31,exp_equipment_maintenance,-907.89
L07,2025-03-31,exp_cleaning,-574.44
L07,2025-03-31,exp_cc_fees,-1253.55
L07,2025-03-31,exp_office_supplies,-305.25
L07,2025-03-31,exp_waste_removal,-301.25
L07,2025-03-31,exp_corporate_overhead,-2067.56
L07,2025-03-31,exp_training,-439.38
L07,2025-03-31,exp_general_liability_ins,-448.36
L07,2025-03-31,exp_bank_fees,-224.03
L07,2025-03-31,exp_depreciation,-968.18
L07,2025-03-31,exp_professional_fees,-699.37
L07,2025-04-30,rev_drip_coffee,13302.05
L07,2025-04-30,rev_espresso_drinks,20177.31
L07,2025-04-30,rev_cold_brew,8124.25
L07,2025-04-30,rev_specialty_seasonal,6258.06
L07,2025-04-30,rev_tea,3188.91
L07,2025-04-30,rev_pastries,7069.65
L07,2025-04-30,rev_sandwiches,5450.49
L07,2025-04-30,rev_breakfast,3855.36
L07,2025-04-30,rev_snacks,2295.56
L07,2025-04-30,rev_whole_bean,2843.14
L07,2025-04-30,rev_brew_equipment,1431.68
L07,2025-04-30,rev_merchandise,917.58
L07,2025-04-30,rev_gift_cards,1418.99
L07,2025-04-30,rev_catering,2319.03
L07,2025-04-30,rev_wholesale,1688.76
L07,2025-04-30,exp_coffee_beans,-7675.87
L07,2025-04-30,exp_dairy,-4516.46
L07,2025-04-30,exp_syrups,-1586.78
L07,2025-04-30,exp_food_ingredients,-3108.1
L07,2025-04-30,exp_packaging,-1731.54
L07,2025-04-30,exp_retail_cogs,-1163.26
L07,2025-04-30,exp_barista_wages,-14986.45
L07,2025-04-30,exp_shift_lead_wages,-4637.47
L07,2025-04-30,exp_store_manager_salary,-5268.47
L07,2025-04-30,exp_payroll_taxes,-2214.73
L07,2025-04-30,exp_employee_benefits,-1705.02
L07,2025-04-30,exp_overtime,-996.1
L07,2025-04-30,exp_rent,-7214.14
L07,2025-04-30,exp_utilities,-1404.76
L07,2025-04-30,exp_property_insurance,-551.43
L07,2025-04-30,exp_cam,-817.78
L07,2025-04-30,exp_property_tax,-1008.72
L07,2025-04-30,exp_marketing,-1868.43
L07,2025-04-30,exp_pos_software,-609.3
L07,2025-04-30,exp_equipment_maintenance,-947.41
L07,2025-04-30,exp_cleaning,-626.51
L07,2025-04-30,exp_cc_fees,-1163.99
L07,2025-04-30,exp_office_supplies,-303.55
L07,2025-04-30,exp_waste_removal,-387.71
L07,2025-04-30,exp_corporate_overhead,-2107.81
L07,2025-04-30,exp_training,-454.58
L07,2025-04-30,exp_general_liability_ins,-386.14
L07,2025-04-30,exp_bank_fees,-168.23
L07,2025-04-30,exp_depreciation,-1422.83
L07,2025-04-30,exp_professional_fees,-676.59
L07,2025-05-31,rev_drip_coffee,14229.52
L07,2025-05-31,rev_espresso_drinks,21076.87
L07,2025-05-31,rev_cold_brew,8864.42
L07,2025-05-31,rev_specialty_seasonal,6398.47
L07,2025-05-31,rev_tea,3807.08
L07,2025-05-31,rev_pastries,6547.19
L07,2025-05-31,rev_sandwiches,7024.06
L07,2025-05-31,rev_breakfast,4197.91
L07,2025-05-31,rev_snacks,2352.86
L07,2025-05-31,rev_whole_bean,3442.72
L07,2025-05-31,rev_brew_equipment,1598.0
L07,2025-05-31,rev_merchandise,866.9
L07,2025-05-31,rev_gift_cards,1655.06
L07,2025-05-31,rev_catering,2173.97
L07,2025-05-31,rev_wholesale,1677.45
L07,2025-05-31,exp_coffee_beans,-8148.52
L07,2025-05-31,exp_dairy,-4877.37
L07,2025-05-31,exp_syrups,-1678.37
L07,2025-05-31,exp_food_ingredients,-3592.11
L07,2025-05-31,exp_packaging,-1792.61
L07,2025-05-31,exp_retail_cogs,-1280.93
L07,2025-05-31,exp_barista_wages,-13244.83
L07,2025-05-31,exp_shift_lead_wages,-4407.64
L07,2025-05-31,exp_store_manager_salary,-5249.34
L07,2025-05-31,exp_payroll_taxes,-2430.47
L07,2025-05-31,exp_employee_benefits,-1758.7
L07,2025-05-31,exp_overtime,-1022.78
L07,2025-05-31,exp_rent,-7160.24
L07,2025-05-31,exp_utilities,-1419.79
L07,2025-05-31,exp_property_insurance,-579.04
L07,2025-05-31,exp_cam,-798.46
L07,2025-05-31,exp_property_tax,-1001.52
L07,2025-05-31,exp_marketing,-1790.32
L07,2025-05-31,exp_pos_software,-613.43
L07,2025-05-31,exp_equipment_maintenance,-848.03
L07,2025-05-31,exp_cleaning,-568.84
L07,2025-05-31,exp_cc_fees,-1751.81
L07,2025-05-31,exp_office_supplies,-328.62
L07,2025-05-31,exp_waste_removal,-348.35
L07,2025-05-31,exp_corporate_overhead,-2440.95
L07,2025-05-31,exp_training,-438.16
L07,2025-05-31,exp_general_liability_ins,-487.63
L07,2025-05-31,exp_bank_fees,-214.6
L07,2025-05-31,exp_depreciation,-1091.15
L07,2025-05-31,exp_professional_fees,-602.94
L07,2025-06-30,rev_drip_coffee,16131.35
L07,2025-06-30,rev_espresso_drinks,26586.29
L07,2025-06-30,rev_cold_brew,13029.12
L07,2025-06-30,rev_specialty_seasonal,7235.28
L07,2025-06-30,rev_tea,3564.71
L07,2025-06-30,rev_pastries,7166.92
L07,2025-06-30,rev_sandwiches,7154.89
L07,2025-06-30,rev_breakfast,4293.51
L07,2025-06-30,rev_snacks,2204.09
L07,2025-06-30,rev_whole_bean,3326.73
L07,2025-06-30,rev_brew_equipment,1578.1
L07,2025-06-30,rev_merchandise,960.25
L07,2025-06-30,rev_gift_cards,1602.57
L07,2025-06-30,rev_catering,2276.02
L07,2025-06-30,rev_wholesale,1883.9
L07,2025-06-30,exp_coffee_beans,-8668.82
L07,2025-06-30,exp_dairy,-5312.85
L07,2025-06-30,exp_syrups,-1795.14
L07,2025-06-30,exp_food_ingredients,-3727.07
L07,2025-06-30,exp_packaging,-1902.45
L07,2025-06-30,exp_retail_cogs,-1409.81
L07,2025-06-30,exp_barista_wages,-15333.0
L07,2025-06-30,exp_shift_lead_wages,-4801.6
L07,2025-06-30,exp_store_manager_salary,-5834.39
L07,2025-06-30,exp_payroll_taxes,-2382.25
L07,2025-06-30,exp_employee_benefits,-1996.6
L07,2025-06-30,exp_overtime,-995.75
L07,2025-06-30,exp_rent,-7004.03
L07,2025-06-30,exp_utilities,-1393.84
L07,2025-06-30,exp_property_insurance,-577.97
L07,2025-06-30,exp_cam,-849.82
L07,2025-06-30,exp_property_tax,-985.27
L07,2025-06-30,exp_marketing,-1464.11
L07,2025-06-30,exp_pos_software,-574.49
L07,2025-06-30,exp_equipment_maintenance,-802.05
L07,2025-06-30,exp_cleaning,-563.33
L07,2025-06-30,exp_cc_fees,-1777.94
L07,2025-06-30,exp_office_supplies,-334.99
L07,2025-06-30,exp_waste_removal,-377.64
L07,2025-06-30,exp_corporate_overhead,-2053.0
L07,2025-06-30,exp_training,-448.57
L07,2025-06-30,exp_general_liability_ins,-493.26
L07,2025-06-30,exp_bank_fees,-192.69
L07,2025-06-30,exp_depreciation,-831.38
L07,2025-06-30,exp_professional_fees,-707.73
L07,2025-07-31,rev_drip_coffee,15816.3
L07,2025-07-31,rev_espresso_drinks,23195.89
L07,2025-07-31,rev_cold_brew,15459.18
L07,2025-07-31,rev_specialty_seasonal,6913.38
L07,2025-07-31,rev_tea,3873.52
L07,2025-07-31,rev_pastries,7893.32
L07,2025-07-31,rev_sandwiches,6687.96
L07,2025-07-31,rev_breakfast,4506.46
L07,2025-07-31,rev_snacks,2755.76
L07,2025-07-31,rev_whole_bean,3159.9
L07,2025-07-31,rev_brew_equipment,1417.39
L07,2025-07-31,rev_merchandise,1062.04
L07,2025-07-31,rev_gift_cards,1657.14
L07,2025-07-31,rev_catering,2287.4
L07,2025-07-31,rev_wholesale,1877.3
L07,2025-07-31,exp_coffee_beans,-8776.73
L07,2025-07-31,exp_dairy,-4761.7
L07,2025-07-31,exp_syrups,-1769.46
L07,2025-07-31,exp_food_ingredients,-4162.95
L07,2025-07-31,exp_packaging,-2032.35
L07,2025-07-31,exp_retail_cogs,-1518.78
L07,2025-07-31,exp_barista_wages,-16146.57
L07,2025-07-31,exp_shift_lead_wages,-4919.02
L07,2025-07-31,exp_store_manager_salary,-5631.04
L07,2025-07-31,exp_payroll_taxes,-2371.58
L07,2025-07-31,exp_employee_benefits,-1860.5
L07,2025-07-31,exp_overtime,-1105.62
L07,2025-07-31,exp_rent,-7025.66
L07,2025-07-31,exp_utilities,-1447.89
L07,2025-07-31,exp_property_insurance,-585.91
L07,2025-07-31,exp_cam,-799.33
L07,2025-07-31,exp_property_tax,-994.74
L07,2025-07-31,exp_marketing,-1804.6
L07,2025-07-31,exp_pos_software,-600.57
L07,2025-07-31,exp_equipment_maintenance,-843.08
L07,2025-07-31,exp_cleaning,-571.24
L07,2025-07-31,exp_cc_fees,-1343.02
L07,2025-07-31,exp_office_supplies,-282.08
L07,2025-07-31,exp_waste_removal,-374.41
L07,2025-07-31,exp_corporate_overhead,-2247.78
L07,2025-07-31,exp_training,-397.47
L07,2025-07-31,exp_general_liability_ins,-405.81
L07,2025-07-31,exp_bank_fees,-191.51
L07,2025-07-31,exp_depreciation,-1093.77
L07,2025-07-31,exp_professional_fees,-594.51
L07,2025-08-31,rev_drip_coffee,14543.57
L07,2025-08-31,rev_espresso_drinks,20344.46
L07,2025-08-31,rev_cold_brew,13662.25
L07,2025-08-31,rev_specialty_seasonal,6575.5
L07,2025-08-31,rev_tea,3258.87
L07,2025-08-31,rev_pastries,7663.36
L07,2025-08-31,rev_sandwiches,7360.7
L07,2025-08-31,rev_breakfast,3958.97
L07,2025-08-31,rev_snacks,2051.42
L07,2025-08-31,rev_whole_bean,2795.86
L07,2025-08-31,rev_brew_equipment,1391.47
L07,2025-08-31,rev_merchandise,827.85
L07,2025-08-31,rev_gift_cards,1599.5
L07,2025-08-31,rev_catering,2563.57
L07,2025-08-31,rev_wholesale,1646.8
L07,2025-08-31,exp_coffee_beans,-8303.49
L07,2025-08-31,exp_dairy,-5470.71
L07,2025-08-31,exp_syrups,-1774.93
L07,2025-08-31,exp_food_ingredients,-3864.23
L07,2025-08-31,exp_packaging,-1907.45
L07,2025-08-31,exp_retail_cogs,-1402.71
L07,2025-08-31,exp_barista_wages,-15695.28
L07,2025-08-31,exp_shift_lead_wages,-4277.29
L07,2025-08-31,exp_store_manager_salary,-4991.77
L07,2025-08-31,exp_payroll_taxes,-2150.31
L07,2025-08-31,exp_employee_benefits,-1905.14
L07,2025-08-31,exp_overtime,-990.71
L07,2025-08-31,exp_rent,-6879.92
L07,2025-08-31,exp_utilities,-1398.59
L07,2025-08-31,exp_property_insurance,-591.13
L07,2025-08-31,exp_cam,-793.12
L07,2025-08-31,exp_property_tax,-987.1
L07,2025-08-31,exp_marketing,-1345.48
L07,2025-08-31,exp_pos_software,-559.24
L07,2025-08-31,exp_equipment_maintenance,-744.02
L07,2025-08-31,exp_cleaning,-596.68
L07,2025-08-31,exp_cc_fees,-1793.82
L07,2025-08-31,exp_office_supplies,-330.92
L07,2025-08-31,exp_waste_removal,-360.34
L07,2025-08-31,exp_corporate_overhead,-2820.24
L07,2025-08-31,exp_training,-420.59
L07,2025-08-31,exp_general_liability_ins,-477.14
L07,2025-08-31,exp_bank_fees,-158.31
L07,2025-08-31,exp_depreciation,-1172.59
L07,2025-08-31,exp_professional_fees,-493.0
L07,2025-09-30,rev_drip_coffee,14110.46
L07,2025-09-30,rev_espresso_drinks,20113.36
L07,2025-09-30,rev_cold_brew,9114.4
L07,2025-09-30,rev_specialty_seasonal,6428.24
L07,2025-09-30,rev_tea,3094.85
L07,2025-09-30,rev_pastries,7436.16
L07,2025-09-30,rev_sandwiches,7011.11
L07,2025-09-30,rev_breakfast,3445.51
L07,2025-09-30,rev_snacks,2061.77
L07,2025-09-30,rev_whole_bean,2968.62
L07,2025-09-30,rev_brew_equipment,1402.21
L07,2025-09-30,rev_merchandise,955.73
L07,2025-09-30,rev_gift_cards,1499.27
L07,2025-09-30,rev_catering,2044.61
L07,2025-09-30,rev_wholesale,1596.51
L07,2025-09-30,exp_coffee_beans,-7938.82
L07,2025-09-30,exp_dairy,-4516.0
L07,2025-09-30,exp_syrups,-1590.83
L07,2025-09-30,exp_food_ingredients,-3633.17
L07,2025-09-30,exp_packaging,-1831.88
L07,2025-09-30,exp_retail_cogs,-1237.47
L07,2025-09-30,exp_barista_wages,-13134.36
L07,2025-09-30,exp_shift_lead_wages,-4381.84
L07,2025-09-30,exp_store_manager_salary,-4137.87
L07,2025-09-30,exp_payroll_taxes,-2184.26
L07,2025-09-30,exp_employee_benefits,-1704.06
L07,2025-09-30,exp_overtime,-1121.52
L07,2025-09-30,exp_rent,-6883.09
L07,2025-09-30,exp_utilities,-1408.5
L07,2025-09-30,exp_property_insurance,-578.13
L07,2025-09-30,exp_cam,-791.73
L07,2025-09-30,exp_property_tax,-971.44
L07,2025-09-30,exp_marketing,-1618.1
L07,2025-09-30,exp_pos_software,-528.69
L07,2025-09-30,exp_equipment_maintenance,-809.48
L07,2025-09-30,exp_cleaning,-560.26
L07,2025-09-30,exp_cc_fees,-1299.5
L07,2025-09-30,exp_office_supplies,-304.54
L07,2025-09-30,exp_waste_removal,-376.21
L07,2025-09-30,exp_corporate_overhead,-1831.56
L07,2025-09-30,exp_training,-498.14
L07,2025-09-30,exp_general_liability_ins,-459.99
L07,2025-09-30,exp_bank_fees,-205.19
L07,2025-09-30,exp_depreciation,-1237.95
L07,2025-09-30,exp_professional_fees,-606.09
L07,2025-10-31,rev_drip_coffee,15924.2
L07,2025-10-31,rev_espresso_drinks,19157.55
L07,2025-10-31,rev_cold_brew,8394.79
L07,2025-10-31,rev_specialty_seasonal,5084.55
L07,2025-10-31,rev_tea,3624.78
L07,2025-10-31,rev_pastries,8109.9
L07,2025-10-31,rev_sandwiches,5973.1
L07,2025-10-31,rev_breakfast,3609.73
L07,2025-10-31,rev_snacks,2094.34
L07,2025-10-31,rev_whole_bean,3181.75
L07,2025-10-31,rev_brew_equipment,1173.96
L07,2025-10-31,rev_merchandise,708.97
L07,2025-10-31,rev_gift_cards,1755.06
L07,2025-10-31,rev_catering,2107.98
L07,2025-10-31,rev_wholesale,1743.83
L07,2025-10-31,exp_coffee_beans,-7578.3
L07,2025-10-31,exp_dairy,-4598.89
L07,2025-10-31,exp_syrups,-1461.58
L07,2025-10-31,exp_food_ingredients,-3428.26
L07,2025-10-31,exp_packaging,-1756.94
L07,2025-10-31,exp_retail_cogs,-1106.65
L07,2025-10-31,exp_barista_wages,-13406.25
L07,2025-10-31,exp_shift_lead_wages,-4141.97
L07,2025-10-31,exp_store_manager_salary,-4921.23
L07,2025-10-31,exp_payroll_taxes,-2172.58
L07,2025-10-31,exp_employee_benefits,-1706.34
L07,2025-10-31,exp_overtime,-923.65
L07,2025-10-31,exp_rent,-6964.43
L07,2025-10-31,exp_utilities,-1415.93
L07,2025-10-31,exp_property_insurance,-562.78
L07,2025-10-31,exp_cam,-802.27
L07,2025-10-31,exp_property_tax,-973.55
L07,2025-10-31,exp_marketing,-1528.66
L07,2025-10-31,exp_pos_software,-432.93
L07,2025-10-31,exp_equipment_maintenance,-903.53
L07,2025-10-31,exp_cleaning,-546.36
L07,2025-10-31,exp_cc_fees,-1478.29
L07,2025-10-31,exp_office_supplies,-278.24
L07,2025-10-31,exp_waste_removal,-350.83
L07,2025-10-31,exp_corporate_overhead,-2382.93
L07,2025-10-31,exp_training,-487.57
L07,2025-10-31,exp_general_liability_ins,-475.63
L07,2025-10-31,exp_bank_fees,-193.14
L07,2025-10-31,exp_depreciation,-1249.52
L07,2025-10-31,exp_professional_fees,-468.3
L07,2025-11-30,rev_drip_coffee,14267.31
L07,2025-11-30,rev_espresso_drinks,20820.1
L07,2025-11-30,rev_cold_brew,10862.63
L07,2025-11-30,rev_specialty_seasonal,8708.72
L07,2025-11-30,rev_tea,3505.37
L07,2025-11-30,rev_pastries,7811.53
L07,2025-11-30,rev_sandwiches,7611.4
L07,2025-11-30,rev_breakfast,4095.07
L07,2025-11-30,rev_snacks,2475.85
L07,2025-11-30,rev_whole_bean,2702.89
L07,2025-11-30,rev_brew_equipment,1230.93
L07,2025-11-30,rev_merchandise,742.66
L07,2025-11-30,rev_gift_cards,1716.93
L07,2025-11-30,rev_catering,2340.82
L07,2025-11-30,rev_wholesale,1947.66
L07,2025-11-30,exp_coffee_beans,-7989.3
L07,2025-11-30,exp_dairy,-4716.99
L07,2025-11-30,exp_syrups,-1697.47
L07,2025-11-30,exp_food_ingredients,-4144.03
L07,2025-11-30,exp_packaging,-2047.43
L07,2025-11-30,exp_retail_cogs,-1401.78
L07,2025-11-30,exp_barista_wages,-14408.06
L07,2025-11-30,exp_shift_lead_wages,-4732.35
L07,2025-11-30,exp_store_manager_salary,-5106.43
L07,2025-11-30,exp_payroll_taxes,-2270.24
L07,2025-11-30,exp_employee_benefits,-1863.17
L07,2025-11-30,exp_overtime,-1009.96
L07,2025-11-30,exp_rent,-6920.02
L07,2025-11-30,exp_utilities,-1392.64
L07,2025-11-30,exp_property_insurance,-590.56
L07,2025-11-30,exp_cam,-809.98
L07,2025-11-30,exp_property_tax,-1007.33
L07,2025-11-30,exp_marketing,-1341.44
L07,2025-11-30,exp_pos_software,-656.96
L07,2025-11-30,exp_equipment_maintenance,-712.79
L07,2025-11-30,exp_cleaning,-548.53
L07,2025-11-30,exp_cc_fees,-1377.79
L07,2025-11-30,exp_office_supplies,-342.29
L07,2025-11-30,exp_waste_removal,-373.26
L07,2025-11-30,exp_corporate_overhead,-2084.62
L07,2025-11-30,exp_training,-426.26
L07,2025-11-30,exp_general_liability_ins,-368.54
L07,2025-11-30,exp_bank_fees,-208.14
L07,2025-11-30,exp_depreciation,-1297.89
L07,2025-11-30,exp_professional_fees,-646.85
L07,2025-12-31,rev_drip_coffee,17061.82
L07,2025-12-31,rev_espresso_drinks,18887.67
L07,2025-12-31,rev_cold_brew,10063.81
L07,2025-12-31,rev_specialty_seasonal,10634.15
L07,2025-12-31,rev_tea,3762.92
L07,2025-12-31,rev_pastries,8280.09
L07,2025-12-31,rev_sandwiches,7174.73
L07,2025-12-31,rev_breakfast,5030.41
L07,2025-12-31,rev_snacks,2718.82
L07,2025-12-31,rev_whole_bean,3677.22
L07,2025-12-31,rev_brew_equipment,1515.73
L07,2025-12-31,rev_merchandise,1040.9
L07,2025-12-31,rev_gift_cards,1629.47
L07,2025-12-31,rev_catering,2482.98
L07,2025-12-31,rev_wholesale,1637.69
L07,2025-12-31,exp_coffee_beans,-8608.91
L07,2025-12-31,exp_dairy,-5394.59
L07,2025-12-31,exp_syrups,-2158.29
L07,2025-12-31,exp_food_ingredients,-3972.95
L07,2025-12-31,exp_packaging,-1999.68
L07,2025-12-31,exp_retail_cogs,-1539.55
L07,2025-12-31,exp_barista_wages,-16543.71
L07,2025-12-31,exp_shift_lead_wages,-4694.49
L07,2025-12-31,exp_store_manager_salary,-5721.44
L07,2025-12-31,exp_payroll_taxes,-2411.25
L07,2025-12-31,exp_employee_benefits,-1926.91
L07,2025-12-31,exp_overtime,-1141.49
L07,2025-12-31,exp_rent,-6852.9
L07,2025-12-31,exp_utilities,-1445.11
L07,2025-12-31,exp_property_insurance,-560.1
L07,2025-12-31,exp_cam,-815.53
L07,2025-12-31,exp_property_tax,-980.1
L07,2025-12-31,exp_marketing,-1568.13
L07,2025-12-31,exp_pos_software,-461.29
L07,2025-12-31,exp_equipment_maintenance,-762.91
L07,2025-12-31,exp_cleaning,-697.91
L07,2025-12-31,exp_cc_fees,-1438.35
L07,2025-12-31,exp_office_supplies,-311.13
L07,2025-12-31,exp_waste_removal,-332.92
L07,2025-12-31,exp_corporate_overhead,-2130.51
L07,2025-12-31,exp_training,-399.43
L07,2025-12-31,exp_general_liability_ins,-431.61
L07,2025-12-31,exp_bank_fees,-193.89
L07,2025-12-31,exp_depreciation,-1240.44
L07,2025-12-31,exp_professional_fees,-518.31
L08,2023-01-31,rev_drip_coffee,12160.6
L08,2023-01-31,rev_espresso_drinks,16600.57
L08,2023-01-31,rev_cold_brew,7699.11
L08,2023-01-31,rev_specialty_seasonal,8329.7
L08,2023-01-31,rev_tea,2525.96
L08,2023-01-31,rev_pastries,6639.41
L08,2023-01-31,rev_sandwiches,5035.8
L08,2023-01-31,rev_breakfast,3469.53
L08,2023-01-31,rev_snacks,1954.22
L08,2023-01-31,rev_whole_bean,2390.95
L08,2023-01-31,rev_brew_equipment,1016.1
L08,2023-01-31,rev_merchandise,609.62
L08,2023-01-31,rev_gift_cards,1223.26
L08,2023-01-31,rev_catering,1843.5
L08,2023-01-31,rev_wholesale,1322.61
L08,2023-01-31,exp_coffee_beans,-6641.57
L08,2023-01-31,exp_dairy,-3593.12
L08,2023-01-31,exp_syrups,-1349.05
L08,2023-01-31,exp_food_ingredients,-2912.06
L08,2023-01-31,exp_packaging,-1502.82
L08,2023-01-31,exp_retail_cogs,-1050.64
L08,2023-01-31,exp_barista_wages,-11952.75
L08,2023-01-31,exp_shift_lead_wages,-3834.17
L08,2023-01-31,exp_store_manager_salary,-4460.36
L08,2023-01-31,exp_payroll_taxes,-1951.2
L08,2023-01-31,exp_employee_benefits,-1821.99
L08,2023-01-31,exp_overtime,-956.5
L08,2023-01-31,exp_rent,-6661.97
L08,2023-01-31,exp_utilities,-1411.7
L08,2023-01-31,exp_property_insurance,-591.37
L08,2023-01-31,exp_cam,-791.86
L08,2023-01-31,exp_property_tax,-1012.23
L08,2023-01-31,exp_marketing,-1470.44
L08,2023-01-31,exp_pos_software,-581.82
L08,2023-01-31,exp_equipment_maintenance,-936.76
L08,2023-01-31,exp_cleaning,-653.57
L08,2023-01-31,exp_cc_fees,-1271.57
L08,2023-01-31,exp_office_supplies,-275.14
L08,2023-01-31,exp_waste_removal,-409.18
L08,2023-01-31,exp_corporate_overhead,-1971.75
L08,2023-01-31,exp_training,-509.92
L08,2023-01-31,exp_general_liability_ins,-410.4
L08,2023-01-31,exp_bank_fees,-190.28
L08,2023-01-31,exp_depreciation,-1038.97
L08,2023-01-31,exp_professional_fees,-537.03
L08,2023-02-28,rev_drip_coffee,10602.11
L08,2023-02-28,rev_espresso_drinks,16808.94
L08,2023-02-28,rev_cold_brew,7762.56
L08,2023-02-28,rev_specialty_seasonal,7329.87
L08,2023-02-28,rev_tea,2568.3
L08,2023-02-28,rev_pastries,5530.71
L08,2023-02-28,rev_sandwiches,5504.33
L08,2023-02-28,rev_breakfast,2958.05
L08,2023-02-28,rev_snacks,1964.36
L08,2023-02-28,rev_whole_bean,2415.0
L08,2023-02-28,rev_brew_equipment,1072.01
L08,2023-02-28,rev_merchandise,733.78
L08,2023-02-28,rev_gift_cards,1250.29
L08,2023-02-28,rev_catering,1500.28
L08,2023-02-28,rev_wholesale,1295.05
L08,2023-02-28,exp_coffee_beans,-6804.43
L08,2023-02-28,exp_dairy,-3809.21
L08,2023-02-28,exp_syrups,-1222.46
L08,2023-02-28,exp_food_ingredients,-3073.77
L08,2023-02-28,exp_packaging,-1433.92
L08,2023-02-28,exp_retail_cogs,-1007.62
L08,2023-02-28,exp_barista_wages,-11882.17
L08,2023-02-28,exp_shift_lead_wages,-4194.17
L08,2023-02-28,exp_store_manager_salary,-4131.2
L08,2023-02-28,exp_payroll_taxes,-1994.01
L08,2023-02-28,exp_employee_benefits,-1707.98
L08,2023-02-28,exp_overtime,-1060.77
L08,2023-02-28,exp_rent,-7046.11
L08,2023-02-28,exp_utilities,-1405.33
L08,2023-02-28,exp_property_insurance,-598.51
L08,2023-02-28,exp_cam,-782.31
L08,2023-02-28,exp_property_tax,-988.01
L08,2023-02-28,exp_marketing,-1686.66
L08,2023-02-28,exp_pos_software,-505.13
L08,2023-02-28,exp_equipment_maintenance,-907.99
L08,2023-02-28,exp_cleaning,-593.28
L08,2023-02-28,exp_cc_fees,-1576.67
L08,2023-02-28,exp_office_supplies,-247.89
L08,2023-02-28,exp_waste_removal,-378.59
L08,2023-02-28,exp_corporate_overhead,-2055.91
L08,2023-02-28,exp_training,-518.01
L08,2023-02-28,exp_general_liability_ins,-426.97
L08,2023-02-28,exp_bank_fees,-211.06
L08,2023-02-28,exp_depreciation,-1267.38
L08,2023-02-28,exp_professional_fees,-564.52
L08,2023-03-31,rev_drip_coffee,13082.8
L08,2023-03-31,rev_espresso_drinks,18956.61
L08,2023-03-31,rev_cold_brew,8632.05
L08,2023-03-31,rev_specialty_seasonal,4297.38
L08,2023-03-31,rev_tea,2659.0
L08,2023-03-31,rev_pastries,7164.99
L08,2023-03-31,rev_sandwiches,5268.12
L08,2023-03-31,rev_breakfast,3725.66
L08,2023-03-31,rev_snacks,2062.52
L08,2023-03-31,rev_whole_bean,2478.44
L08,2023-03-31,rev_brew_equipment,998.62
L08,2023-03-31,rev_merchandise,729.13
L08,2023-03-31,rev_gift_cards,1583.81
L08,2023-03-31,rev_catering,1738.35
L08,2023-03-31,rev_wholesale,1430.72
L08,2023-03-31,exp_coffee_beans,-6628.74
L08,2023-03-31,exp_dairy,-4343.77
L08,2023-03-31,exp_syrups,-1423.35
L08,2023-03-31,exp_food_ingredients,-3158.81
L08,2023-03-31,exp_packaging,-1705.06
L08,2023-03-31,exp_retail_cogs,-1170.47
L08,2023-03-31,exp_barista_wages,-12430.23
L08,2023-03-31,exp_shift_lead_wages,-3780.45
L08,2023-03-31,exp_store_manager_salary,-5164.97
L08,2023-03-31,exp_payroll_taxes,-2167.07
L08,2023-03-31,exp_employee_benefits,-1586.05
L08,2023-03-31,exp_overtime,-892.28
L08,2023-03-31,exp_rent,-6813.36
L08,2023-03-31,exp_utilities,-1394.08
L08,2023-03-31,exp_property_insurance,-556.98
L08,2023-03-31,exp_cam,-786.42
L08,2023-03-31,exp_property_tax,-964.73
L08,2023-03-31,exp_marketing,-1533.8
L08,2023-03-31,exp_pos_software,-647.72
L08,2023-03-31,exp_equipment_maintenance,-826.13
L08,2023-03-31,exp_cleaning,-614.93
L08,2023-03-31,exp_cc_fees,-1549.27
L08,2023-03-31,exp_office_supplies,-296.56
L08,2023-03-31,exp_waste_removal,-380.97
L08,2023-03-31,exp_corporate_overhead,-2204.45
L08,2023-03-31,exp_training,-470.29
L08,2023-03-31,exp_general_liability_ins,-547.5
L08,2023-03-31,exp_bank_fees,-204.72
L08,2023-03-31,exp_depreciation,-1075.68
L08,2023-03-31,exp_professional_fees,-592.98
L08,2023-04-30,rev_drip_coffee,12134.47
L08,2023-04-30,rev_espresso_drinks,19432.27
L08,2023-04-30,rev_cold_brew,7792.54
L08,2023-04-30,rev_specialty_seasonal,5048.48
L08,2023-04-30,rev_tea,3121.31
L08,2023-04-30,rev_pastries,7332.17
L08,2023-04-30,rev_sandwiches,6412.7
L08,2023-04-30,rev_breakfast,3913.45
L08,2023-04-30,rev_snacks,2116.39
L08,2023-04-30,rev_whole_bean,2807.92
L08,2023-04-30,rev_brew_equipment,1200.43
L08,2023-04-30,rev_merchandise,856.4
L08,2023-04-30,rev_gift_cards,1546.73
L08,2023-04-30,rev_catering,1955.67
L08,2023-04-30,rev_wholesale,1593.17
L08,2023-04-30,exp_coffee_beans,-7928.28
L08,2023-04-30,exp_dairy,-4306.16
L08,2023-04-30,exp_syrups,-1522.42
L08,2023-04-30,exp_food_ingredients,-3515.59
L08,2023-04-30,exp_packaging,-1668.13
L08,2023-04-30,exp_retail_cogs,-1148.27
L08,2023-04-30,exp_barista_wages,-13744.44
L08,2023-04-30,exp_shift_lead_wages,-4158.3
L08,2023-04-30,exp_store_manager_salary,-5478.87
L08,2023-04-30,exp_payroll_taxes,-2316.21
L08,2023-04-30,exp_employee_benefits,-1722.46
L08,2023-04-30,exp_overtime,-1065.38
L08,2023-04-30,exp_rent,-7011.82
L08,2023-04-30,exp_utilities,-1466.96
L08,2023-04-30,exp_property_insurance,-574.65
L08,2023-04-30,exp_cam,-807.14
L08,2023-04-30,exp_property_tax,-980.85
L08,2023-04-30,exp_marketing,-1617.61
L08,2023-04-30,exp_pos_software,-504.9
L08,2023-04-30,exp_equipment_maintenance,-897.66
L08,2023-04-30,exp_cleaning,-651.56
L08,2023-04-30,exp_cc_fees,-1663.66
L08,2023-04-30,exp_office_supplies,-303.47
L08,2023-04-30,exp_waste_removal,-351.23
L08,2023-04-30,exp_corporate_overhead,-2313.53
L08,2023-04-30,exp_training,-427.7
L08,2023-04-30,exp_general_liability_ins,-475.39
L08,2023-04-30,exp_bank_fees,-207.94
L08,2023-04-30,exp_depreciation,-1357.8
L08,2023-04-30,exp_professional_fees,-593.34
L08,2023-05-31,rev_drip_coffee,13073.36
L08,2023-05-31,rev_espresso_drinks,19872.66
L08,2023-05-31,rev_cold_brew,9473.14
L08,2023-05-31,rev_specialty_seasonal,5555.72
L08,2023-05-31,rev_tea,3529.79
L08,2023-05-31,rev_pastries,7460.6
L08,2023-05-31,rev_sandwiches,6011.01
L08,2023-05-31,rev_breakfast,4425.67
L08,2023-05-31,rev_snacks,2174.49
L08,2023-05-31,rev_whole_bean,2653.63
L08,2023-05-31,rev_brew_equipment,1226.14
L08,2023-05-31,rev_merchandise,944.8
L08,2023-05-31,rev_gift_cards,1720.14
L08,2023-05-31,rev_catering,2230.54
L08,2023-05-31,rev_wholesale,1866.85
L08,2023-05-31,exp_coffee_beans,-8180.19
L08,2023-05-31,exp_dairy,-4652.13
L08,2023-05-31,exp_syrups,-1618.71
L08,2023-05-31,exp_food_ingredients,-3701.4
L08,2023-05-31,exp_packaging,-1824.92
L08,2023-05-31,exp_retail_cogs,-1210.63
L08,2023-05-31,exp_barista_wages,-14326.13
L08,2023-05-31,exp_shift_lead_wages,-4628.47
L08,2023-05-31,exp_store_manager_salary,-4975.34
L08,2023-05-31,exp_payroll_taxes,-2215.84
L08,2023-05-31,exp_employee_benefits,-1876.15
L08,2023-05-31,exp_overtime,-1001.66
L08,2023-05-31,exp_rent,-6785.37
L08,2023-05-31,exp_utilities,-1462.33
L08,2023-05-31,exp_property_insurance,-575.5
L08,2023-05-31,exp_cam,-804.4
L08,2023-05-31,exp_property_tax,-970.8
L08,2023-05-31,exp_marketing,-1813.54
L08,2023-05-31,exp_pos_software,-601.2
L08,2023-05-31,exp_equipment_maintenance,-828.34
L08,2023-05-31,exp_cleaning,-551.62
L08,2023-05-31,exp_cc_fees,-1423.05
L08,2023-05-31,exp_office_supplies,-321.09
L08,2023-05-31,exp_waste_removal,-373.22
L08,2023-05-31,exp_corporate_overhead,-2167.67
L08,2023-05-31,exp_training,-474.43
L08,2023-05-31,exp_general_liability_ins,-461.4
L08,2023-05-31,exp_bank_fees,-186.84
L08,2023-05-31,exp_depreciation,-1260.44
L08,2023-05-31,exp_professional_fees,-515.38
L08,2023-06-30,rev_drip_coffee,17474.06
L08,2023-06-30,rev_espresso_drinks,20536.74
L08,2023-06-30,rev_cold_brew,13454.41
L08,2023-06-30,rev_specialty_seasonal,6485.27
L08,2023-06-30,rev_tea,3290.45
L08,2023-06-30,rev_pastries,7609.81
L08,2023-06-30,rev_sandwiches,6902.19
L08,2023-06-30,rev_breakfast,3802.72
L08,2023-06-30,rev_snacks,2382.28
L08,2023-06-30,rev_whole_bean,2692.78
L08,2023-06-30,rev_brew_equipment,1597.36
L08,2023-06-30,rev_merchandise,957.73
L08,2023-06-30,rev_gift_cards,1682.92
L08,2023-06-30,rev_catering,1895.61
L08,2023-06-30,rev_wholesale,1687.0
L08,2023-06-30,exp_coffee_beans,-8796.58
L08,2023-06-30,exp_dairy,-5829.91
L08,2023-06-30,exp_syrups,-1800.15
L08,2023-06-30,exp_food_ingredients,-4043.71
L08,2023-06-30,exp_packaging,-1926.77
L08,2023-06-30,exp_retail_cogs,-1284.24
L08,2023-06-30,exp_barista_wages,-14963.88
L08,2023-06-30,exp_shift_lead_wages,-4089.87
L08,2023-06-30,exp_store_manager_salary,-4807.05
L08,2023-06-30,exp_payroll_taxes,-2146.11
L08,2023-06-30,exp_employee_benefits,-1986.68
L08,2023-06-30,exp_overtime,-1068.77
L08,2023-06-30,exp_rent,-6982.97
L08,2023-06-30,exp_utilities,-1429.08
L08,2023-06-30,exp_property_insurance,-567.67
L08,2023-06-30,exp_cam,-793.32
L08,2023-06-30,exp_property_tax,-970.6
L08,2023-06-30,exp_marketing,-1382.21
L08,2023-06-30,exp_pos_software,-526.01
L08,2023-06-30,exp_equipment_maintenance,-757.0
L08,2023-06-30,exp_cleaning,-661.54
L08,2023-06-30,exp_cc_fees,-1571.63
L08,2023-06-30,exp_office_supplies,-264.48
L08,2023-06-30,exp_waste_removal,-355.45
L08,2023-06-30,exp_corporate_overhead,-2542.27
L08,2023-06-30,exp_training,-419.03
L08,2023-06-30,exp_general_liability_ins,-447.15
L08,2023-06-30,exp_bank_fees,-189.6
L08,2023-06-30,exp_depreciation,-1337.98
L08,2023-06-30,exp_professional_fees,-588.7
L08,2023-07-31,rev_drip_coffee,14384.23
L08,2023-07-31,rev_espresso_drinks,21692.06
L08,2023-07-31,rev_cold_brew,13681.88
L08,2023-07-31,rev_specialty_seasonal,6323.57
L08,2023-07-31,rev_tea,3124.74
L08,2023-07-31,rev_pastries,8585.31
L08,2023-07-31,rev_sandwiches,7694.37
L08,2023-07-31,rev_breakfast,3860.71
L08,2023-07-31,rev_snacks,2306.32
L08,2023-07-31,rev_whole_bean,3127.79
L08,2023-07-31,rev_brew_equipment,1305.37
L08,2023-07-31,rev_merchandise,786.62
L08,2023-07-31,rev_gift_cards,1555.75
L08,2023-07-31,rev_catering,2195.98
L08,2023-07-31,rev_wholesale,1636.2
L08,2023-07-31,exp_coffee_beans,-8520.25
L08,2023-07-31,exp_dairy,-5245.37
L08,2023-07-31,exp_syrups,-1817.62
L08,2023-07-31,exp_food_ingredients,-3922.36
L08,2023-07-31,exp_packaging,-1750.38
L08,2023-07-31,exp_retail_cogs,-1426.26
L08,2023-07-31,exp_barista_wages,-14416.52
L08,2023-07-31,exp_shift_lead_wages,-4544.86
L08,2023-07-31,exp_store_manager_salary,-5855.48
L08,2023-07-31,exp_payroll_taxes,-2235.3
L08,2023-07-31,exp_employee_benefits,-1571.8
L08,2023-07-31,exp_overtime,-1016.79
L08,2023-07-31,exp_rent,-7036.65
L08,2023-07-31,exp_utilities,-1430.29
L08,2023-07-31,exp_property_insurance,-566.62
L08,2023-07-31,exp_cam,-781.27
L08,2023-07-31,exp_property_tax,-975.82
L08,2023-07-31,exp_marketing,-1407.81
L08,2023-07-31,exp_pos_software,-582.78
L08,2023-07-31,exp_equipment_maintenance,-813.86
L08,2023-07-31,exp_cleaning,-586.19
L08,2023-07-31,exp_cc_fees,-1362.41
L08,2023-07-31,exp_office_supplies,-311.77
L08,2023-07-31,exp_waste_removal,-367.88
L08,2023-07-31,exp_corporate_overhead,-2187.59
L08,2023-07-31,exp_training,-472.96
L08,2023-07-31,exp_general_liability_ins,-425.76
L08,2023-07-31,exp_bank_fees,-168.24
L08,2023-07-31,exp_depreciation,-1118.06
L08,2023-07-31,exp_professional_fees,-549.24
L08,2023-08-31,rev_drip_coffee,16604.94
L08,2023-08-31,rev_espresso_drinks,18411.64
L08,2023-08-31,rev_cold_brew,12566.56
L08,2023-08-31,rev_specialty_seasonal,6141.23
L08,2023-08-31,rev_tea,3260.42
L08,2023-08-31,rev_pastries,8110.98
L08,2023-08-31,rev_sandwiches,6613.92
L08,2023-08-31,rev_breakfast,3953.85
L08,2023-08-31,rev_snacks,2407.74
L08,2023-08-31,rev_whole_bean,3487.99
L08,2023-08-31,rev_brew_equipment,1530.84
L08,2023-08-31,rev_merchandise,874.85
L08,2023-08-31,rev_gift_cards,1566.24
L08,2023-08-31,rev_catering,2170.23
L08,2023-08-31,rev_wholesale,1789.83
L08,2023-08-31,exp_coffee_beans,-7736.06
L08,2023-08-31,exp_dairy,-4963.67
L08,2023-08-31,exp_syrups,-1685.58
L08,2023-08-31,exp_food_ingredients,-3767.27
L08,2023-08-31,exp_packaging,-1726.77
L08,2023-08-31,exp_retail_cogs,-1321.22
L08,2023-08-31,exp_barista_wages,-12416.1
L08,2023-08-31,exp_shift_lead_wages,-4192.41
L08,2023-08-31,exp_store_manager_salary,-4968.17
L08,2023-08-31,exp_payroll_taxes,-2344.68
L08,2023-08-31,exp_employee_benefits,-2071.7
L08,2023-08-31,exp_overtime,-1100.34
L08,2023-08-31,exp_rent,-7170.78
L08,2023-08-31,exp_utilities,-1447.97
L08,2023-08-31,exp_property_insurance,-593.81
L08,2023-08-31,exp_cam,-833.97
L08,2023-08-31,exp_property_tax,-968.41
L08,2023-08-31,exp_marketing,-1480.02
L08,2023-08-31,exp_pos_software,-590.99
L08,2023-08-31,exp_equipment_maintenance,-848.47
L08,2023-08-31,exp_cleaning,-639.2
L08,2023-08-31,exp_cc_fees,-1437.53
L08,2023-08-31,exp_office_supplies,-285.66
L08,2023-08-31,exp_waste_removal,-425.69
L08,2023-08-31,exp_corporate_overhead,-1908.44
L08,2023-08-31,exp_training,-496.48
L08,2023-08-31,exp_general_liability_ins,-451.34
L08,2023-08-31,exp_bank_fees,-158.0
L08,2023-08-31,exp_depreciation,-1105.95
L08,2023-08-31,exp_professional_fees,-533.91
L08,2023-09-30,rev_drip_coffee,13810.96
L08,2023-09-30,rev_espresso_drinks,18575.76
L08,2023-09-30,rev_cold_brew,8869.77
L08,2023-09-30,rev_specialty_seasonal,4991.3
L08,2023-09-30,rev_tea,3675.03
L08,2023-09-30,rev_pastries,6965.47
L08,2023-09-30,rev_sandwiches,6539.12
L08,2023-09-30,rev_breakfast,3574.81
L08,2023-09-30,rev_snacks,1986.6
L08,2023-09-30,rev_whole_bean,3257.37
L08,2023-09-30,rev_brew_equipment,1080.21
L08,2023-09-30,rev_merchandise,838.47
L08,2023-09-30,rev_gift_cards,1316.79
L08,2023-09-30,rev_catering,1939.94
L08,2023-09-30,rev_wholesale,1556.64
L08,2023-09-30,exp_coffee_beans,-7121.52
L08,2023-09-30,exp_dairy,-4404.57
L08,2023-09-30,exp_syrups,-1348.37
L08,2023-09-30,exp_food_ingredients,-3445.91
L08,2023-09-30,exp_packaging,-1702.14
L08,2023-09-30,exp_retail_cogs,-1138.32
L08,2023-09-30,exp_barista_wages,-14783.7
L08,2023-09-30,exp_shift_lead_wages,-4053.28
L08,2023-09-30,exp_store_manager_salary,-4904.32
L08,2023-09-30,exp_payroll_taxes,-2151.02
L08,2023-09-30,exp_employee_benefits,-1792.55
L08,2023-09-30,exp_overtime,-1110.15
L08,2023-09-30,exp_rent,-7313.59
L08,2023-09-30,exp_utilities,-1450.84
L08,2023-09-30,exp_property_insurance,-593.38
L08,2023-09-30,exp_cam,-831.71
L08,2023-09-30,exp_property_tax,-987.69
L08,2023-09-30,exp_marketing,-1860.74
L08,2023-09-30,exp_pos_software,-597.83
L08,2023-09-30,exp_equipment_maintenance,-861.0
L08,2023-09-30,exp_cleaning,-647.33
L08,2023-09-30,exp_cc_fees,-1205.68
L08,2023-09-30,exp_office_supplies,-312.65
L08,2023-09-30,exp_waste_removal,-309.76
L08,2023-09-30,exp_corporate_overhead,-1795.78
L08,2023-09-30,exp_training,-473.55
L08,2023-09-30,exp_general_liability_ins,-381.08
L08,2023-09-30,exp_bank_fees,-187.49
L08,2023-09-30,exp_depreciation,-1222.85
L08,2023-09-30,exp_professional_fees,-582.27
L08,2023-10-31,rev_drip_coffee,12017.99
L08,2023-10-31,rev_espresso_drinks,20111.37
L08,2023-10-31,rev_cold_brew,8693.3
L08,2023-10-31,rev_specialty_seasonal,5734.85
L08,2023-10-31,rev_tea,2746.97
L08,2023-10-31,rev_pastries,6693.35
L08,2023-10-31,rev_sandwiches,6705.97
L08,2023-10-31,rev_breakfast,3947.46
L08,2023-10-31,rev_snacks,1923.86
L08,2023-10-31,rev_whole_bean,2648.81
L08,2023-10-31,rev_brew_equipment,1151.9
L08,2023-10-31,rev_merchandise,761.88
L08,2023-10-31,rev_gift_cards,1269.52
L08,2023-10-31,rev_catering,1943.86
L08,2023-10-31,rev_wholesale,1689.67
L08,2023-10-31,exp_coffee_beans,-7055.66
L08,2023-10-31,exp_dairy,-4291.04
L08,2023-10-31,exp_syrups,-1499.96
L08,2023-10-31,exp_food_ingredients,-3613.57
L08,2023-10-31,exp_packaging,-1625.07
L08,2023-10-31,exp_retail_cogs,-1162.94
L08,2023-10-31,exp_barista_wages,-12757.44
L08,2023-10-31,exp_shift_lead_wages,-3883.53
L08,2023-10-31,exp_store_manager_salary,-5090.19
L08,2023-10-31,exp_payroll_taxes,-2193.66
L08,2023-10-31,exp_employee_benefits,-1792.16
L08,2023-10-31,exp_overtime,-1098.8
L08,2023-10-31,exp_rent,-7154.57
L08,2023-10-31,exp_utilities,-1382.45
L08,2023-10-31,exp_property_insurance,-588.27
L08,2023-10-31,exp_cam,-807.73
L08,2023-10-31,exp_property_tax,-973.72
L08,2023-10-31,exp_marketing,-1660.91
L08,2023-10-31,exp_pos_software,-458.31
L08,2023-10-31,exp_equipment_maintenance,-972.92
L08,2023-10-31,exp_cleaning,-657.62
L08,2023-10-31,exp_cc_fees,-1346.65
L08,2023-10-31,exp_office_supplies,-285.99
L08,2023-10-31,exp_waste_removal,-303.93
L08,2023-10-31,exp_corporate_overhead,-2076.96
L08,2023-10-31,exp_training,-442.17
L08,2023-10-31,exp_general_liability_ins,-372.03
L08,2023-10-31,exp_bank_fees,-202.2
L08,2023-10-31,exp_depreciation,-1360.16
L08,2023-10-31,exp_professional_fees,-570.24
L08,2023-11-30,rev_drip_coffee,13649.31
L08,2023-11-30,rev_espresso_drinks,20968.59
L08,2023-11-30,rev_cold_brew,9441.42
L08,2023-11-30,rev_specialty_seasonal,7923.68
L08,2023-11-30,rev_tea,3109.45
L08,2023-11-30,rev_pastries,7159.53
L08,2023-11-30,rev_sandwiches,6790.18
L08,2023-11-30,rev_breakfast,3959.15
L08,2023-11-30,rev_snacks,2256.68
L08,2023-11-30,rev_whole_bean,2626.38
L08,2023-11-30,rev_brew_equipment,1422.79
L08,2023-11-30,rev_merchandise,868.67
L08,2023-11-30,rev_gift_cards,1859.17
L08,2023-11-30,rev_catering,2057.01
L08,2023-11-30,rev_wholesale,1781.81
L08,2023-11-30,exp_coffee_beans,-9053.43
L08,2023-11-30,exp_dairy,-4700.59
L08,2023-11-30,exp_syrups,-1632.48
L08,2023-11-30,exp_food_ingredients,-3524.16
L08,2023-11-30,exp_packaging,-1948.78
L08,2023-11-30,exp_retail_cogs,-1218.22
L08,2023-11-30,exp_barista_wages,-14249.76
L08,2023-11-30,exp_shift_lead_wages,-4186.38
L08,2023-11-30,exp_store_manager_salary,-5042.28
L08,2023-11-30,exp_payroll_taxes,-2090.97
L08,2023-11-30,exp_employee_benefits,-1995.45
L08,2023-11-30,exp_overtime,-1037.63
L08,2023-11-30,exp_rent,-6799.55
L08,2023-11-30,exp_utilities,-1465.33
L08,2023-11-30,exp_property_insurance,-574.89
L08,2023-11-30,exp_cam,-809.49
L08,2023-11-30,exp_property_tax,-999.33
L08,2023-11-30,exp_marketing,-1684.44
L08,2023-11-30,exp_pos_software,-432.26
L08,2023-11-30,exp_equipment_maintenance,-907.8
L08,2023-11-30,exp_cleaning,-619.12
L08,2023-11-30,exp_cc_fees,-1425.69
L08,2023-11-30,exp_office_supplies,-300.46
L08,2023-11-30,exp_waste_removal,-307.34
L08,2023-11-30,exp_corporate_overhead,-2185.49
L08,2023-11-30,exp_training,-401.21
L08,2023-11-30,exp_general_liability_ins,-416.6
L08,2023-11-30,exp_bank_fees,-190.56
L08,2023-11-30,exp_depreciation,-1335.7
L08,2023-11-30,exp_professional_fees,-524.94
L08,2023-12-31,rev_drip_coffee,17640.53
L08,2023-12-31,rev_espresso_drinks,24624.08
L08,2023-12-31,rev_cold_brew,10315.13
L08,2023-12-31,rev_specialty_seasonal,8929.99
L08,2023-12-31,rev_tea,3277.96
L08,2023-12-31,rev_pastries,8464.17
L08,2023-12-31,rev_sandwiches,7077.45
L08,2023-12-31,rev_breakfast,4897.83
L08,2023-12-31,rev_snacks,2370.73
L08,2023-12-31,rev_whole_bean,3135.56
L08,2023-12-31,rev_brew_equipment,1554.53
L08,2023-12-31,rev_merchandise,927.17
L08,2023-12-31,rev_gift_cards,1745.21
L08,2023-12-31,rev_catering,2587.17
L08,2023-12-31,rev_wholesale,1980.42
L08,2023-12-31,exp_coffee_beans,-9013.78
L08,2023-12-31,exp_dairy,-5312.83
L08,2023-12-31,exp_syrups,-1693.71
L08,2023-12-31,exp_food_ingredients,-4269.68
L08,2023-12-31,exp_packaging,-2061.48
L08,2023-12-31,exp_retail_cogs,-1526.02
L08,2023-12-31,exp_barista_wages,-15222.18
L08,2023-12-31,exp_shift_lead_wages,-4500.03
L08,2023-12-31,exp_store_manager_salary,-5725.9
L08,2023-12-31,exp_payroll_taxes,-2374.62
L08,2023-12-31,exp_employee_benefits,-1981.19
L08,2023-12-31,exp_overtime,-1094.74
L08,2023-12-31,exp_rent,-7033.27
L08,2023-12-31,exp_utilities,-1418.76
L08,2023-12-31,exp_property_insurance,-599.88
L08,2023-12-31,exp_cam,-836.55
L08,2023-12-31,exp_property_tax,-999.97
L08,2023-12-31,exp_marketing,-1856.08
L08,2023-12-31,exp_pos_software,-468.68
L08,2023-12-31,exp_equipment_maintenance,-728.13
L08,2023-12-31,exp_cleaning,-605.3
L08,2023-12-31,exp_cc_fees,-1480.27
L08,2023-12-31,exp_office_supplies,-297.75
L08,2023-12-31,exp_waste_removal,-306.16
L08,2023-12-31,exp_corporate_overhead,-2391.21
L08,2023-12-31,exp_training,-564.68
L08,2023-12-31,exp_general_liability_ins,-483.79
L08,2023-12-31,exp_bank_fees,-207.99
L08,2023-12-31,exp_depreciation,-1233.43
L08,2023-12-31,exp_professional_fees,-523.6
L08,2024-01-31,rev_drip_coffee,12020.35
L08,2024-01-31,rev_espresso_drinks,20223.9
L08,2024-01-31,rev_cold_brew,7849.79
L08,2024-01-31,rev_specialty_seasonal,7139.94
L08,2024-01-31,rev_tea,3050.55
L08,2024-01-31,rev_pastries,6852.13
L08,2024-01-31,rev_sandwiches,5301.27
L08,2024-01-31,rev_breakfast,3308.56
L08,2024-01-31,rev_snacks,1819.56
L08,2024-01-31,rev_whole_bean,2569.29
L08,2024-01-31,rev_brew_equipment,1255.77
L08,2024-01-31,rev_merchandise,694.07
L08,2024-01-31,rev_gift_cards,1433.69
L08,2024-01-31,rev_catering,1828.0
L08,2024-01-31,rev_wholesale,1759.66
L08,2024-01-31,exp_coffee_beans,-6882.77
L08,2024-01-31,exp_dairy,-3957.23
L08,2024-01-31,exp_syrups,-1439.34
L08,2024-01-31,exp_food_ingredients,-3113.09
L08,2024-01-31,exp_packaging,-1407.6
L08,2024-01-31,exp_retail_cogs,-1091.3
L08,2024-01-31,exp_barista_wages,-12799.89
L08,2024-01-31,exp_shift_lead_wages,-3646.41
L08,2024-01-31,exp_store_manager_salary,-4751.17
L08,2024-01-31,exp_payroll_taxes,-1873.89
L08,2024-01-31,exp_employee_benefits,-1691.78
L08,2024-01-31,exp_overtime,-1001.76
L08,2024-01-31,exp_rent,-6982.43
L08,2024-01-31,exp_utilities,-1417.77
L08,2024-01-31,exp_property_insurance,-579.75
L08,2024-01-31,exp_cam,-791.5
L08,2024-01-31,exp_property_tax,-983.01
L08,2024-01-31,exp_marketing,-1617.55
L08,2024-01-31,exp_pos_software,-504.07
L08,2024-01-31,exp_equipment_maintenance,-871.5
L08,2024-01-31,exp_cleaning,-641.77
L08,2024-01-31,exp_cc_fees,-1449.69
L08,2024-01-31,exp_office_supplies,-377.32
L08,2024-01-31,exp_waste_removal,-361.16
L08,2024-01-31,exp_corporate_overhead,-2084.4
L08,2024-01-31,exp_training,-444.97
L08,2024-01-31,exp_general_liability_ins,-387.22
L08,2024-01-31,exp_bank_fees,-200.49
L08,2024-01-31,exp_depreciation,-1123.39
L08,2024-01-31,exp_professional_fees,-539.33
L08,2024-02-29,rev_drip_coffee,11182.26
L08,2024-02-29,rev_espresso_drinks,15590.21
L08,2024-02-29,rev_cold_brew,6791.37
L08,2024-02-29,rev_specialty_seasonal,6976.65
L08,2024-02-29,rev_tea,2931.47
L08,2024-02-29,rev_pastries,6221.29
L08,2024-02-29,rev_sandwiches,6254.88
L08,2024-02-29,rev_breakfast,3502.66
L08,2024-02-29,rev_snacks,1931.25
L08,2024-02-29,rev_whole_bean,2874.53
L08,2024-02-29,rev_brew_equipment,1119.48
L08,2024-02-29,rev_merchandise,728.96
L08,2024-02-29,rev_gift_cards,1288.24
L08,2024-02-29,rev_catering,1991.93
L08,2024-02-29,rev_wholesale,1450.9
L08,2024-02-29,exp_coffee_beans,-6409.5
L08,2024-02-29,exp_dairy,-4002.38
L08,2024-02-29,exp_syrups,-1312.21
L08,2024-02-29,exp_food_ingredients,-3178.69
L08,2024-02-29,exp_packaging,-1543.34
L08,2024-02-29,exp_retail_cogs,-1069.81
L08,2024-02-29,exp_barista_wages,-13320.83
L08,2024-02-29,exp_shift_lead_wages,-3638.83
L08,2024-02-29,exp_store_manager_salary,-4775.61
L08,2024-02-29,exp_payroll_taxes,-2061.2
L08,2024-02-29,exp_employee_benefits,-2006.43
L08,2024-02-29,exp_overtime,-987.64
L08,2024-02-29,exp_rent,-6885.79
L08,2024-02-29,exp_utilities,-1390.11
L08,2024-02-29,exp_property_insurance,-595.9
L08,2024-02-29,exp_cam,-798.48
L08,2024-02-29,exp_property_tax,-967.24
L08,2024-02-29,exp_marketing,-1662.29
L08,2024-02-29,exp_pos_software,-589.93
L08,2024-02-29,exp_equipment_maintenance,-902.59
L08,2024-02-29,exp_cleaning,-626.65
L08,2024-02-29,exp_cc_fees,-1497.66
L08,2024-02-29,exp_office_supplies,-310.82
L08,2024-02-29,exp_waste_removal,-378.64
L08,2024-02-29,exp_corporate_overhead,-2235.39
L08,2024-02-29,exp_training,-515.44
L08,2024-02-29,exp_general_liability_ins,-431.28
L08,2024-02-29,exp_bank_fees,-172.3
L08,2024-02-29,exp_depreciation,-1188.75
L08,2024-02-29,exp_professional_fees,-614.91
L08,2024-03-31,rev_drip_coffee,10812.0
L08,2024-03-31,rev_espresso_drinks,15667.2
L08,2024-03-31,rev_cold_brew,9152.3
L08,2024-03-31,rev_specialty_seasonal,6049.94
L08,2024-03-31,rev_tea,2658.59
L08,2024-03-31,rev_pastries,6665.11
L08,2024-03-31,rev_sandwiches,5811.1
L08,2024-03-31,rev_breakfast,3492.56
L08,2024-03-31,rev_snacks,2049.9
L08,2024-03-31,rev_whole_bean,2418.04
L08,2024-03-31,rev_brew_equipment,1110.11
L08,2024-03-31,rev_merchandise,764.13
L08,2024-03-31,rev_gift_cards,1375.81
L08,2024-03-31,rev_catering,1741.59
L08,2024-03-31,rev_wholesale,1664.92
L08,2024-03-31,exp_coffee_beans,-7001.85
L08,2024-03-31,exp_dairy,-4108.89
L08,2024-03-31,exp_syrups,-1497.74
L08,2024-03-31,exp_food_ingredients,-3320.84
L08,2024-03-31,exp_packaging,-1700.68
L08,2024-03-31,exp_retail_cogs,-1111.53
L08,2024-03-31,exp_barista_wages,-12176.34
L08,2024-03-31,exp_shift_lead_wages,-4045.18
L08,2024-03-31,exp_store_manager_salary,-4896.49
L08,2024-03-31,exp_payroll_taxes,-2024.26
L08,2024-03-31,exp_employee_benefits,-1619.4
L08,2024-03-31,exp_overtime,-1020.46
L08,2024-03-31,exp_rent,-6863.29
L08,2024-03-31,exp_utilities,-1387.99
L08,2024-03-31,exp_property_insurance,-591.95
L08,2024-03-31,exp_cam,-793.94
L08,2024-03-31,exp_property_tax,-1005.4
L08,2024-03-31,exp_marketing,-1612.79
L08,2024-03-31,exp_pos_software,-570.27
L08,2024-03-31,exp_equipment_maintenance,-830.83
L08,2024-03-31,exp_cleaning,-459.36
L08,2024-03-31,exp_cc_fees,-1306.61
L08,2024-03-31,exp_office_supplies,-299.95
L08,2024-03-31,exp_waste_removal,-379.68
L08,2024-03-31,exp_corporate_overhead,-1760.52
L08,2024-03-31,exp_training,-462.1
L08,2024-03-31,exp_general_liability_ins,-380.73
L08,2024-03-31,exp_bank_fees,-192.03
L08,2024-03-31,exp_depreciation,-1203.82
L08,2024-03-31,exp_professional_fees,-614.32
L08,2024-04-30,rev_drip_coffee,14412.2
L08,2024-04-30,rev_espresso_drinks,19937.67
L08,2024-04-30,rev_cold_brew,9592.45
L08,2024-04-30,rev_specialty_seasonal,5518.74
L08,2024-04-30,rev_tea,3816.89
L08,2024-04-30,rev_pastries,6281.34
L08,2024-04-30,rev_sandwiches,6052.14
L08,2024-04-30,rev_breakfast,4025.47
L08,2024-04-30,rev_snacks,2233.15
L08,2024-04-30,rev_whole_bean,2949.63
L08,2024-04-30,rev_brew_equipment,1351.37
L08,2024-04-30,rev_merchandise,686.82
L08,2024-04-30,rev_gift_cards,1651.56
L08,2024-04-30,rev_catering,1981.87
L08,2024-04-30,rev_wholesale,1812.72
L08,2024-04-30,exp_coffee_beans,-6762.15
L08,2024-04-30,exp_dairy,-4475.01
L08,2024-04-30,exp_syrups,-1510.8
L08,2024-04-30,exp_food_ingredients,-3618.94
L08,2024-04-30,exp_packaging,-1745.48
L08,2024-04-30,exp_retail_cogs,-1249.78
L08,2024-04-30,exp_barista_wages,-12718.62
L08,2024-04-30,exp_shift_lead_wages,-4197.6
L08,2024-04-30,exp_store_manager_salary,-4931.74
L08,2024-04-30,exp_payroll_taxes,-2301.36
L08,2024-04-30,exp_employee_benefits,-1912.29
L08,2024-04-30,exp_overtime,-1040.82
L08,2024-04-30,exp_rent,-6791.04
L08,2024-04-30,exp_utilities,-1432.6
L08,2024-04-30,exp_property_insurance,-611.07
L08,2024-04-30,exp_cam,-830.58
L08,2024-04-30,exp_property_tax,-924.33
L08,2024-04-30,exp_marketing,-1618.4
L08,2024-04-30,exp_pos_software,-605.57
L08,2024-04-30,exp_equipment_maintenance,-833.3
L08,2024-04-30,exp_cleaning,-596.64
L08,2024-04-30,exp_cc_fees,-1434.84
L08,2024-04-30,exp_office_supplies,-320.55
L08,2024-04-30,exp_waste_removal,-324.24
L08,2024-04-30,exp_corporate_overhead,-2399.17
L08,2024-04-30,exp_training,-461.99
L08,2024-04-30,exp_general_liability_ins,-388.76
L08,2024-04-30,exp_bank_fees,-208.72
L08,2024-04-30,exp_depreciation,-1019.79
L08,2024-04-30,exp_professional_fees,-540.06
L08,2024-05-31,rev_drip_coffee,13305.18
L08,2024-05-31,rev_espresso_drinks,23656.51
L08,2024-05-31,rev_cold_brew,8907.02
L08,2024-05-31,rev_specialty_seasonal,4933.98
L08,2024-05-31,rev_tea,3117.18
L08,2024-05-31,rev_pastries,7574.31
L08,2024-05-31,rev_sandwiches,7051.05
L08,2024-05-31,rev_breakfast,4660.47
L08,2024-05-31,rev_snacks,2460.55
L08,2024-05-31,rev_whole_bean,3025.7
L08,2024-05-31,rev_brew_equipment,1250.2
L08,2024-05-31,rev_merchandise,977.85
L08,2024-05-31,rev_gift_cards,1493.16
L08,2024-05-31,rev_catering,2004.08
L08,2024-05-31,rev_wholesale,1673.08
L08,2024-05-31,exp_coffee_beans,-7409.0
L08,2024-05-31,exp_dairy,-4531.38
L08,2024-05-31,exp_syrups,-1613.3
L08,2024-05-31,exp_food_ingredients,-3829.17
L08,2024-05-31,exp_packaging,-1769.14
L08,2024-05-31,exp_retail_cogs,-1207.01
L08,2024-05-31,exp_barista_wages,-12537.53
L08,2024-05-31,exp_shift_lead_wages,-4356.3
L08,2024-05-31,exp_store_manager_salary,-5114.6
L08,2024-05-31,exp_payroll_taxes,-2206.88
L08,2024-05-31,exp_employee_benefits,-1792.09
L08,2024-05-31,exp_overtime,-1078.16
L08,2024-05-31,exp_rent,-7162.72
L08,2024-05-31,exp_utilities,-1407.22
L08,2024-05-31,exp_property_insurance,-581.78
L08,2024-05-31,exp_cam,-819.52
L08,2024-05-31,exp_property_tax,-967.54
L08,2024-05-31,exp_marketing,-1605.7
L08,2024-05-31,exp_pos_software,-551.83
L08,2024-05-31,exp_equipment_maintenance,-737.48
L08,2024-05-31,exp_cleaning,-635.95
L08,2024-05-31,exp_cc_fees,-1478.84
L08,2024-05-31,exp_office_supplies,-320.63
L08,2024-05-31,exp_waste_removal,-322.84
L08,2024-05-31,exp_corporate_overhead,-2146.42
L08,2024-05-31,exp_training,-528.79
L08,2024-05-31,exp_general_liability_ins,-517.95
L08,2024-05-31,exp_bank_fees,-211.64
L08,2024-05-31,exp_depreciation,-1064.18
L08,2024-05-31,exp_professional_fees,-597.6
L08,2024-06-30,rev_drip_coffee,14297.52
L08,2024-06-30,rev_espresso_drinks,22028.49
L08,2024-06-30,rev_cold_brew,12731.45
L08,2024-06-30,rev_specialty_seasonal,5487.51
L08,2024-06-30,rev_tea,3391.2
L08,2024-06-30,rev_pastries,8245.8
L08,2024-06-30,rev_sandwiches,7240.25
L08,2024-06-30,rev_breakfast,4340.85
L08,2024-06-30,rev_snacks,2399.9
L08,2024-06-30,rev_whole_bean,3282.51
L08,2024-06-30,rev_brew_equipment,1496.78
L08,2024-06-30,rev_merchandise,902.83
L08,2024-06-30,rev_gift_cards,1651.97
L08,2024-06-30,rev_catering,2571.19
L08,2024-06-30,rev_wholesale,1867.2
L08,2024-06-30,exp_coffee_beans,-8448.77
L08,2024-06-30,exp_dairy,-4973.98
L08,2024-06-30,exp_syrups,-1722.18
L08,2024-06-30,exp_food_ingredients,-3854.72
L08,2024-06-30,exp_packaging,-1944.51
L08,2024-06-30,exp_retail_cogs,-1339.83
L08,2024-06-30,exp_barista_wages,-14154.97
L08,2024-06-30,exp_shift_lead_wages,-4218.45
L08,2024-06-30,exp_store_manager_salary,-5275.87
L08,2024-06-30,exp_payroll_taxes,-2432.18
L08,2024-06-30,exp_employee_benefits,-1873.8
L08,2024-06-30,exp_overtime,-953.84
L08,2024-06-30,exp_rent,-7051.19
L08,2024-06-30,exp_utilities,-1432.96
L08,2024-06-30,exp_property_insurance,-569.21
L08,2024-06-30,exp_cam,-816.54
L08,2024-06-30,exp_property_tax,-955.31
L08,2024-06-30,exp_marketing,-1776.33
L08,2024-06-30,exp_pos_software,-550.76
L08,2024-06-30,exp_equipment_maintenance,-656.2
L08,2024-06-30,exp_cleaning,-636.57
L08,2024-06-30,exp_cc_fees,-1414.31
L08,2024-06-30,exp_office_supplies,-286.86
L08,2024-06-30,exp_waste_removal,-339.29
L08,2024-06-30,exp_corporate_overhead,-2117.0
L08,2024-06-30,exp_training,-442.05
L08,2024-06-30,exp_general_liability_ins,-349.23
L08,2024-06-30,exp_bank_fees,-211.49
L08,2024-06-30,exp_depreciation,-1176.68
L08,2024-06-30,exp_professional_fees,-529.96
L08,2024-07-31,rev_drip_coffee,13892.19
L08,2024-07-31,rev_espresso_drinks,23479.89
L08,2024-07-31,rev_cold_brew,12485.92
L08,2024-07-31,rev_specialty_seasonal,6599.55
L08,2024-07-31,rev_tea,3413.53
L08,2024-07-31,rev_pastries,7667.54
L08,2024-07-31,rev_sandwiches,6625.22
L08,2024-07-31,rev_breakfast,4103.65
L08,2024-07-31,rev_snacks,2423.96
L08,2024-07-31,rev_whole_bean,3326.24
L08,2024-07-31,rev_brew_equipment,1381.75
L08,2024-07-31,rev_merchandise,940.94
L08,2024-07-31,rev_gift_cards,1804.81
L08,2024-07-31,rev_catering,2008.76
L08,2024-07-31,rev_wholesale,1894.73
L08,2024-07-31,exp_coffee_beans,-8245.12
L08,2024-07-31,exp_dairy,-4813.64
L08,2024-07-31,exp_syrups,-1811.12
L08,2024-07-31,exp_food_ingredients,-3935.74
L08,2024-07-31,exp_packaging,-1855.76
L08,2024-07-31,exp_retail_cogs,-1504.87
L08,2024-07-31,exp_barista_wages,-15252.11
L08,2024-07-31,exp_shift_lead_wages,-3962.91
L08,2024-07-31,exp_store_manager_salary,-4836.56
L08,2024-07-31,exp_payroll_taxes,-2463.23
L08,2024-07-31,exp_employee_benefits,-1888.29
L08,2024-07-31,exp_overtime,-1196.62
L08,2024-07-31,exp_rent,-7054.81
L08,2024-07-31,exp_utilities,-1438.08
L08,2024-07-31,exp_property_insurance,-568.87
L08,2024-07-31,exp_cam,-812.01
L08,2024-07-31,exp_property_tax,-957.72
L08,2024-07-31,exp_marketing,-1818.12
L08,2024-07-31,exp_pos_software,-577.32
L08,2024-07-31,exp_equipment_maintenance,-778.77
L08,2024-07-31,exp_cleaning,-675.74
L08,2024-07-31,exp_cc_fees,-1804.64
L08,2024-07-31,exp_office_supplies,-297.16
L08,2024-07-31,exp_waste_removal,-386.48
L08,2024-07-31,exp_corporate_overhead,-2051.68
L08,2024-07-31,exp_training,-468.56
L08,2024-07-31,exp_general_liability_ins,-364.22
L08,2024-07-31,exp_bank_fees,-187.61
L08,2024-07-31,exp_depreciation,-1211.41
L08,2024-07-31,exp_professional_fees,-674.68
L08,2024-08-31,rev_drip_coffee,12509.25
L08,2024-08-31,rev_espresso_drinks,20679.3
L08,2024-08-31,rev_cold_brew,14700.82
L08,2024-08-31,rev_specialty_seasonal,6124.86
L08,2024-08-31,rev_tea,3378.09
L08,2024-08-31,rev_pastries,7145.62
L08,2024-08-31,rev_sandwiches,6432.23
L08,2024-08-31,rev_breakfast,3526.9
L08,2024-08-31,rev_snacks,2200.31
L08,2024-08-31,rev_whole_bean,2875.66
L08,2024-08-31,rev_brew_equipment,1423.63
L08,2024-08-31,rev_merchandise,849.5
L08,2024-08-31,rev_gift_cards,1549.94
L08,2024-08-31,rev_catering,2136.03
L08,2024-08-31,rev_wholesale,1806.27
L08,2024-08-31,exp_coffee_beans,-8061.46
L08,2024-08-31,exp_dairy,-4602.14
L08,2024-08-31,exp_syrups,-1717.39
L08,2024-08-31,exp_food_ingredients,-4076.69
L08,2024-08-31,exp_packaging,-1902.2
L08,2024-08-31,exp_retail_cogs,-1308.88
L08,2024-08-31,exp_barista_wages,-14058.64
L08,2024-08-31,exp_shift_lead_wages,-3851.98
L08,2024-08-31,exp_store_manager_salary,-5155.7
L08,2024-08-31,exp_payroll_taxes,-2274.68
L08,2024-08-31,exp_employee_benefits,-1777.03
L08,2024-08-31,exp_overtime,-1027.15
L08,2024-08-31,exp_rent,-6911.73
L08,2024-08-31,exp_utilities,-1457.89
L08,2024-08-31,exp_property_insurance,-593.43
L08,2024-08-31,exp_cam,-789.18
L08,2024-08-31,exp_property_tax,-972.61
L08,2024-08-31,exp_marketing,-1528.99
L08,2024-08-31,exp_pos_software,-598.78
L08,2024-08-31,exp_equipment_maintenance,-861.13
L08,2024-08-31,exp_cleaning,-631.22
L08,2024-08-31,exp_cc_fees,-1553.25
L08,2024-08-31,exp_office_supplies,-285.66
L08,2024-08-31,exp_waste_removal,-416.28
L08,2024-08-31,exp_corporate_overhead,-2143.91
L08,2024-08-31,exp_training,-424.83
L08,2024-08-31,exp_general_liability_ins,-419.01
L08,2024-08-31,exp_bank_fees,-210.74
L08,2024-08-31,exp_depreciation,-1154.88
L08,2024-08-31,exp_professional_fees,-626.1
L08,2024-09-30,rev_drip_coffee,12866.88
L08,2024-09-30,rev_espresso_drinks,18414.59
L08,2024-09-30,rev_cold_brew,9637.25
L08,2024-09-30,rev_specialty_seasonal,5386.51
L08,2024-09-30,rev_tea,3384.93
L08,2024-09-30,rev_pastries,7298.87
L08,2024-09-30,rev_sandwiches,5994.86
L08,2024-09-30,rev_breakfast,3807.93
L08,2024-09-30,rev_snacks,2054.11
L08,2024-09-30,rev_whole_bean,2976.56
L08,2024-09-30,rev_brew_equipment,1505.24
L08,2024-09-30,rev_merchandise,815.76
L08,2024-09-30,rev_gift_cards,1558.38
L08,2024-09-30,rev_catering,2059.04
L08,2024-09-30,rev_wholesale,1684.62
L08,2024-09-30,exp_coffee_beans,-7614.65
L08,2024-09-30,exp_dairy,-4313.49
L08,2024-09-30,exp_syrups,-1612.26
L08,2024-09-30,exp_food_ingredients,-3536.86
L08,2024-09-30,exp_packaging,-1673.32
L08,2024-09-30,exp_retail_cogs,-1315.34
L08,2024-09-30,exp_barista_wages,-13779.27
L08,2024-09-30,exp_shift_lead_wages,-4189.94
L08,2024-09-30,exp_store_manager_salary,-5432.64
L08,2024-09-30,exp_payroll_taxes,-2005.76
L08,2024-09-30,exp_employee_benefits,-1959.64
L08,2024-09-30,exp_overtime,-985.4
L08,2024-09-30,exp_rent,-6998.39
L08,2024-09-30,exp_utilities,-1412.71
L08,2024-09-30,exp_property_insurance,-570.02
L08,2024-09-30,exp_cam,-825.23
L08,2024-09-30,exp_property_tax,-1019.28
L08,2024-09-30,exp_marketing,-1572.63
L08,2024-09-30,exp_pos_software,-572.52
L08,2024-09-30,exp_equipment_maintenance,-853.61
L08,2024-09-30,exp_cleaning,-733.64
L08,2024-09-30,exp_cc_fees,-1162.67
L08,2024-09-30,exp_office_supplies,-315.23
L08,2024-09-30,exp_waste_removal,-339.68
L08,2024-09-30,exp_corporate_overhead,-1639.1
L08,2024-09-30,exp_training,-447.84
L08,2024-09-30,exp_general_liability_ins,-508.11
L08,2024-09-30,exp_bank_fees,-175.32
L08,2024-09-30,exp_depreciation,-1301.54
L08,2024-09-30,exp_professional_fees,-640.35
L08,2024-10-31,rev_drip_coffee,13265.41
L08,2024-10-31,rev_espresso_drinks,19416.83
L08,2024-10-31,rev_cold_brew,7742.44
L08,2024-10-31,rev_specialty_seasonal,5352.57
L08,2024-10-31,rev_tea,3339.6
L08,2024-10-31,rev_pastries,6993.76
L08,2024-10-31,rev_sandwiches,6504.62
L08,2024-10-31,rev_breakfast,3794.72
L08,2024-10-31,rev_snacks,2475.67
L08,2024-10-31,rev_whole_bean,2741.16
L08,2024-10-31,rev_brew_equipment,1446.76
L08,2024-10-31,rev_merchandise,833.01
L08,2024-10-31,rev_gift_cards,1663.85
L08,2024-10-31,rev_catering,1817.29
L08,2024-10-31,rev_wholesale,1672.77
L08,2024-10-31,exp_coffee_beans,-7379.35
L08,2024-10-31,exp_dairy,-4449.14
L08,2024-10-31,exp_syrups,-1649.61
L08,2024-10-31,exp_food_ingredients,-3584.94
L08,2024-10-31,exp_packaging,-1823.08
L08,2024-10-31,exp_retail_cogs,-1186.19
L08,2024-10-31,exp_barista_wages,-12911.02
L08,2024-10-31,exp_shift_lead_wages,-4216.07
L08,2024-10-31,exp_store_manager_salary,-4974.07
L08,2024-10-31,exp_payroll_taxes,-2210.01
L08,2024-10-31,exp_employee_benefits,-1701.31
L08,2024-10-31,exp_overtime,-1105.7
L08,2024-10-31,exp_rent,-6918.34
L08,2024-10-31,exp_utilities,-1470.29
L08,2024-10-31,exp_property_insurance,-580.89
L08,2024-10-31,exp_cam,-814.53
L08,2024-10-31,exp_property_tax,-993.76
L08,2024-10-31,exp_marketing,-1475.65
L08,2024-10-31,exp_pos_software,-574.28
L08,2024-10-31,exp_equipment_maintenance,-1012.45
L08,2024-10-31,exp_cleaning,-641.15
L08,2024-10-31,exp_cc_fees,-1607.06
L08,2024-10-31,exp_office_supplies,-324.83
L08,2024-10-31,exp_waste_removal,-377.56
L08,2024-10-31,exp_corporate_overhead,-2184.27
L08,2024-10-31,exp_training,-490.02
L08,2024-10-31,exp_general_liability_ins,-461.59
L08,2024-10-31,exp_bank_fees,-162.25
L08,2024-10-31,exp_depreciation,-1235.99
L08,2024-10-31,exp_professional_fees,-561.28
L08,2024-11-30,rev_drip_coffee,13892.01
L08,2024-11-30,rev_espresso_drinks,22923.41
L08,2024-11-30,rev_cold_brew,9124.19
L08,2024-11-30,rev_specialty_seasonal,7899.42
L08,2024-11-30,rev_tea,3576.83
L08,2024-11-30,rev_pastries,6662.63
L08,2024-11-30,rev_sandwiches,5771.87
L08,2024-11-30,rev_breakfast,4349.75
L08,2024-11-30,rev_snacks,2303.7
L08,2024-11-30,rev_whole_bean,3182.0
L08,2024-11-30,rev_brew_equipment,1335.66
L08,2024-11-30,rev_merchandise,791.56
L08,2024-11-30,rev_gift_cards,1432.36
L08,2024-11-30,rev_catering,2128.53
L08,2024-11-30,rev_wholesale,1599.07
L08,2024-11-30,exp_coffee_beans,-8254.54
L08,2024-11-30,exp_dairy,-4661.46
L08,2024-11-30,exp_syrups,-1694.5
L08,2024-11-30,exp_food_ingredients,-3829.24
L08,2024-11-30,exp_packaging,-1891.59
L08,2024-11-30,exp_retail_cogs,-1358.6
L08,2024-11-30,exp_barista_wages,-13757.1
L08,2024-11-30,exp_shift_lead_wages,-4404.42
L08,2024-11-30,exp_store_manager_salary,-5229.49
L08,2024-11-30,exp_payroll_taxes,-1974.66
L08,2024-11-30,exp_employee_benefits,-1939.42
L08,2024-11-30,exp_overtime,-1076.45
L08,2024-11-30,exp_rent,-7047.53
L08,2024-11-30,exp_utilities,-1392.73
L08,2024-11-30,exp_property_insurance,-577.07
L08,2024-11-30,exp_cam,-786.55
L08,2024-11-30,exp_property_tax,-997.43
L08,2024-11-30,exp_marketing,-1382.24
L08,2024-11-30,exp_pos_software,-502.5
L08,2024-11-30,exp_equipment_maintenance,-894.13
L08,2024-11-30,exp_cleaning,-586.05
L08,2024-11-30,exp_cc_fees,-1337.33
L08,2024-11-30,exp_office_supplies,-331.32
L08,2024-11-30,exp_waste_removal,-401.03
L08,2024-11-30,exp_corporate_overhead,-2299.11
L08,2024-11-30,exp_training,-504.02
L08,2024-11-30,exp_general_liability_ins,-418.92
L08,2024-11-30,exp_bank_fees,-183.79
L08,2024-11-30,exp_depreciation,-1127.99
L08,2024-11-30,exp_professional_fees,-581.4
L08,2024-12-31,rev_drip_coffee,15516.09
L08,2024-12-31,rev_espresso_drinks,22649.58
L08,2024-12-31,rev_cold_brew,11474.61
L08,2024-12-31,rev_specialty_seasonal,10995.98
L08,2024-12-31,rev_tea,3919.71
L08,2024-12-31,rev_pastries,9710.04
L08,2024-12-31,rev_sandwiches,7273.98
L08,2024-12-31,rev_breakfast,3907.22
L08,2024-12-31,rev_snacks,2716.61
L08,2024-12-31,rev_whole_bean,3249.64
L08,2024-12-31,rev_brew_equipment,1529.91
L08,2024-12-31,rev_merchandise,863.17
L08,2024-12-31,rev_gift_cards,1659.02
L08,2024-12-31,rev_catering,2162.58
L08,2024-12-31,rev_wholesale,1941.19
L08,2024-12-31,exp_coffee_beans,-9002.41
L08,2024-12-31,exp_dairy,-5414.61
L08,2024-12-31,exp_syrups,-2014.17
L08,2024-12-31,exp_food_ingredients,-4437.6
L08,2024-12-31,exp_packaging,-1926.23
L08,2024-12-31,exp_retail_cogs,-1542.84
L08,2024-12-31,exp_barista_wages,-14961.04
L08,2024-12-31,exp_shift_lead_wages,-4581.86
L08,2024-12-31,exp_store_manager_salary,-5448.02
L08,2024-12-31,exp_payroll_taxes,-2475.56
L08,2024-12-31,exp_employee_benefits,-1893.25
L08,2024-12-31,exp_overtime,-1116.36
L08,2024-12-31,exp_rent,-7133.92
L08,2024-12-31,exp_utilities,-1409.39
L08,2024-12-31,exp_property_insurance,-568.78
L08,2024-12-31,exp_cam,-803.11
L08,2024-12-31,exp_property_tax,-960.57
L08,2024-12-31,exp_marketing,-1331.15
L08,2024-12-31,exp_pos_software,-534.86
L08,2024-12-31,exp_equipment_maintenance,-971.73
L08,2024-12-31,exp_cleaning,-623.0
L08,2024-12-31,exp_cc_fees,-1500.52
L08,2024-12-31,exp_office_supplies,-239.06
L08,2024-12-31,exp_waste_removal,-382.36
L08,2024-12-31,exp_corporate_overhead,-2164.3
L08,2024-12-31,exp_training,-433.7
L08,2024-12-31,exp_general_liability_ins,-436.58
L08,2024-12-31,exp_bank_fees,-190.82
L08,2024-12-31,exp_depreciation,-1078.37
L08,2024-12-31,exp_professional_fees,-590.78
L08,2025-01-31,rev_drip_coffee,13414.97
L08,2025-01-31,rev_espresso_drinks,17407.19
L08,2025-01-31,rev_cold_brew,7699.94
L08,2025-01-31,rev_specialty_seasonal,7482.52
L08,2025-01-31,rev_tea,3066.92
L08,2025-01-31,rev_pastries,5787.24
L08,2025-01-31,rev_sandwiches,6095.38
L08,2025-01-31,rev_breakfast,3273.91
L08,2025-01-31,rev_snacks,1979.52
L08,2025-01-31,rev_whole_bean,2499.2
L08,2025-01-31,rev_brew_equipment,1128.42
L08,2025-01-31,rev_merchandise,852.47
L08,2025-01-31,rev_gift_cards,1198.61
L08,2025-01-31,rev_catering,1929.61
L08,2025-01-31,rev_wholesale,1730.25
L08,2025-01-31,exp_coffee_beans,-7177.89
L08,2025-01-31,exp_dairy,-3802.37
L08,2025-01-31,exp_syrups,-1341.42
L08,2025-01-31,exp_food_ingredients,-3121.8
L08,2025-01-31,exp_packaging,-1596.64
L08,2025-01-31,exp_retail_cogs,-1144.31
L08,2025-01-31,exp_barista_wages,-12125.85
L08,2025-01-31,exp_shift_lead_wages,-3858.0
L08,2025-01-31,exp_store_manager_salary,-4584.33
L08,2025-01-31,exp_payroll_taxes,-2136.79
L08,2025-01-31,exp_employee_benefits,-1952.57
L08,2025-01-31,exp_overtime,-941.2
L08,2025-01-31,exp_rent,-6832.74
L08,2025-01-31,exp_utilities,-1397.12
L08,2025-01-31,exp_property_insurance,-588.12
L08,2025-01-31,exp_cam,-803.44
L08,2025-01-31,exp_property_tax,-965.18
L08,2025-01-31,exp_marketing,-1549.86
L08,2025-01-31,exp_pos_software,-510.09
L08,2025-01-31,exp_equipment_maintenance,-873.89
L08,2025-01-31,exp_cleaning,-793.3
L08,2025-01-31,exp_cc_fees,-1555.4
L08,2025-01-31,exp_office_supplies,-300.95
L08,2025-01-31,exp_waste_removal,-341.96
L08,2025-01-31,exp_corporate_overhead,-1856.22
L08,2025-01-31,exp_training,-498.68
L08,2025-01-31,exp_general_liability_ins,-457.99
L08,2025-01-31,exp_bank_fees,-178.88
L08,2025-01-31,exp_depreciation,-1352.5
L08,2025-01-31,exp_professional_fees,-573.01
L08,2025-02-28,rev_drip_coffee,12712.38
L08,2025-02-28,rev_espresso_drinks,17747.3
L08,2025-02-28,rev_cold_brew,7975.72
L08,2025-02-28,rev_specialty_seasonal,6854.73
L08,2025-02-28,rev_tea,2774.18
L08,2025-02-28,rev_pastries,6696.82
L08,2025-02-28,rev_sandwiches,5464.72
L08,2025-02-28,rev_breakfast,3503.82
L08,2025-02-28,rev_snacks,1734.29
L08,2025-02-28,rev_whole_bean,2718.9
L08,2025-02-28,rev_brew_equipment,1184.7
L08,2025-02-28,rev_merchandise,671.54
L08,2025-02-28,rev_gift_cards,1297.2
L08,2025-02-28,rev_catering,1951.54
L08,2025-02-28,rev_wholesale,1336.31
L08,2025-02-28,exp_coffee_beans,-6422.42
L08,2025-02-28,exp_dairy,-3969.12
L08,2025-02-28,exp_syrups,-1550.9
L08,2025-02-28,exp_food_ingredients,-3064.96
L08,2025-02-28,exp_packaging,-1587.29
L08,2025-02-28,exp_retail_cogs,-1120.77
L08,2025-02-28,exp_barista_wages,-12548.19
L08,2025-02-28,exp_shift_lead_wages,-4073.23
L08,2025-02-28,exp_store_manager_salary,-4646.89
L08,2025-02-28,exp_payroll_taxes,-2094.65
L08,2025-02-28,exp_employee_benefits,-1556.62
L08,2025-02-28,exp_overtime,-986.52
L08,2025-02-28,exp_rent,-7094.22
L08,2025-02-28,exp_utilities,-1431.16
L08,2025-02-28,exp_property_insurance,-593.41
L08,2025-02-28,exp_cam,-813.44
L08,2025-02-28,exp_property_tax,-981.62
L08,2025-02-28,exp_marketing,-1507.23
L08,2025-02-28,exp_pos_software,-527.0
L08,2025-02-28,exp_equipment_maintenance,-723.96
L08,2025-02-28,exp_cleaning,-608.71
L08,2025-02-28,exp_cc_fees,-1495.72
L08,2025-02-28,exp_office_supplies,-355.88
L08,2025-02-28,exp_waste_removal,-385.67
L08,2025-02-28,exp_corporate_overhead,-1958.83
L08,2025-02-28,exp_training,-397.72
L08,2025-02-28,exp_general_liability_ins,-420.0
L08,2025-02-28,exp_bank_fees,-202.86
L08,2025-02-28,exp_depreciation,-1179.55
L08,2025-02-28,exp_professional_fees,-602.8
L08,2025-03-31,rev_drip_coffee,12735.39
L08,2025-03-31,rev_espresso_drinks,19789.07
L08,2025-03-31,rev_cold_brew,7617.89
L08,2025-03-31,rev_specialty_seasonal,6234.66
L08,2025-03-31,rev_tea,2760.46
L08,2025-03-31,rev_pastries,7203.34
L08,2025-03-31,rev_sandwiches,6015.49
L08,2025-03-31,rev_breakfast,3620.13
L08,2025-03-31,rev_snacks,2010.26
L08,2025-03-31,rev_whole_bean,2819.26
L08,2025-03-31,rev_brew_equipment,1293.37
L08,2025-03-31,rev_merchandise,870.01
L08,2025-03-31,rev_gift_cards,1586.56
L08,2025-03-31,rev_catering,2012.72
L08,2025-03-31,rev_wholesale,1824.11
L08,2025-03-31,exp_coffee_beans,-7359.62
L08,2025-03-31,exp_dairy,-4531.43
L08,2025-03-31,exp_syrups,-1545.32
L08,2025-03-31,exp_food_ingredients,-3329.88
L08,2025-03-31,exp_packaging,-1687.29
L08,2025-03-31,exp_retail_cogs,-1224.43
L08,2025-03-31,exp_barista_wages,-13399.53
L08,2025-03-31,exp_shift_lead_wages,-4266.73
L08,2025-03-31,exp_store_manager_salary,-5184.22
L08,2025-03-31,exp_payroll_taxes,-2206.16
L08,2025-03-31,exp_employee_benefits,-1469.21
L08,2025-03-31,exp_overtime,-1122.33
L08,2025-03-31,exp_rent,-6927.43
L08,2025-03-31,exp_utilities,-1405.98
L08,2025-03-31,exp_property_insurance,-567.69
L08,2025-03-31,exp_cam,-798.69
L08,2025-03-31,exp_property_tax,-971.73
L08,2025-03-31,exp_marketing,-1489.68
L08,2025-03-31,exp_pos_software,-516.15
L08,2025-03-31,exp_equipment_maintenance,-893.74
L08,2025-03-31,exp_cleaning,-752.4
L08,2025-03-31,exp_cc_fees,-1595.16
L08,2025-03-31,exp_office_supplies,-337.87
L08,2025-03-31,exp_waste_removal,-352.49
L08,2025-03-31,exp_corporate_overhead,-2166.72
L08,2025-03-31,exp_training,-484.41
L08,2025-03-31,exp_general_liability_ins,-400.57
L08,2025-03-31,exp_bank_fees,-179.64
L08,2025-03-31,exp_depreciation,-1309.23
L08,2025-03-31,exp_professional_fees,-634.15
L08,2025-04-30,rev_drip_coffee,13676.13
L08,2025-04-30,rev_espresso_drinks,17816.95
L08,2025-04-30,rev_cold_brew,8976.2
L08,2025-04-30,rev_specialty_seasonal,5145.69
L08,2025-04-30,rev_tea,3208.81
L08,2025-04-30,rev_pastries,7275.41
L08,2025-04-30,rev_sandwiches,6332.86
L08,2025-04-30,rev_breakfast,3920.68
L08,2025-04-30,rev_snacks,2229.64
L08,2025-04-30,rev_whole_bean,2967.94
L08,2025-04-30,rev_brew_equipment,1187.13
L08,2025-04-30,rev_merchandise,827.2
L08,2025-04-30,rev_gift_cards,1550.21
L08,2025-04-30,rev_catering,2324.53
L08,2025-04-30,rev_wholesale,1651.89
L08,2025-04-30,exp_coffee_beans,-7923.5
L08,2025-04-30,exp_dairy,-4724.82
L08,2025-04-30,exp_syrups,-1576.86
L08,2025-04-30,exp_food_ingredients,-3811.06
L08,2025-04-30,exp_packaging,-1865.95
L08,2025-04-30,exp_retail_cogs,-1344.02
L08,2025-04-30,exp_barista_wages,-14100.91
L08,2025-04-30,exp_shift_lead_wages,-4858.69
L08,2025-04-30,exp_store_manager_salary,-4851.74
L08,2025-04-30,exp_payroll_taxes,-2546.09
L08,2025-04-30,exp_employee_benefits,-1908.08
L08,2025-04-30,exp_overtime,-1126.11
L08,2025-04-30,exp_rent,-6924.3
L08,2025-04-30,exp_utilities,-1453.66
L08,2025-04-30,exp_property_insurance,-597.32
L08,2025-04-30,exp_cam,-786.62
L08,2025-04-30,exp_property_tax,-979.58
L08,2025-04-30,exp_marketing,-1263.85
L08,2025-04-30,exp_pos_software,-544.06
L08,2025-04-30,exp_equipment_maintenance,-779.52
L08,2025-04-30,exp_cleaning,-611.8
L08,2025-04-30,exp_cc_fees,-1905.19
L08,2025-04-30,exp_office_supplies,-355.96
L08,2025-04-30,exp_waste_removal,-313.59
L08,2025-04-30,exp_corporate_overhead,-2263.45
L08,2025-04-30,exp_training,-501.71
L08,2025-04-30,exp_general_liability_ins,-414.37
L08,2025-04-30,exp_bank_fees,-190.97
L08,2025-04-30,exp_depreciation,-1239.45
L08,2025-04-30,exp_professional_fees,-494.81
L08,2025-05-31,rev_drip_coffee,13104.48
L08,2025-05-31,rev_espresso_drinks,20970.72
L08,2025-05-31,rev_cold_brew,9730.04
L08,2025-05-31,rev_specialty_seasonal,5760.99
L08,2025-05-31,rev_tea,3136.26
L08,2025-05-31,rev_pastries,7432.45
L08,2025-05-31,rev_sandwiches,7278.53
L08,2025-05-31,rev_breakfast,4013.91
L08,2025-05-31,rev_snacks,2559.68
L08,2025-05-31,rev_whole_bean,2883.61
L08,2025-05-31,rev_brew_equipment,1400.34
L08,2025-05-31,rev_merchandise,861.4
L08,2025-05-31,rev_gift_cards,1650.18
L08,2025-05-31,rev_catering,2031.56
L08,2025-05-31,rev_wholesale,2046.44
L08,2025-05-31,exp_coffee_beans,-7412.26
L08,2025-05-31,exp_dairy,-5160.03
L08,2025-05-31,exp_syrups,-1679.66
L08,2025-05-31,exp_food_ingredients,-3888.84
L08,2025-05-31,exp_packaging,-1971.48
L08,2025-05-31,exp_retail_cogs,-1376.72
L08,2025-05-31,exp_barista_wages,-13407.24
L08,2025-05-31,exp_shift_lead_wages,-4504.98
L08,2025-05-31,exp_store_manager_salary,-5723.82
L08,2025-05-31,exp_payroll_taxes,-2184.48
L08,2025-05-31,exp_employee_benefits,-2100.48
L08,2025-05-31,exp_overtime,-1089.56
L08,2025-05-31,exp_rent,-6908.53
L08,2025-05-31,exp_utilities,-1403.98
L08,2025-05-31,exp_property_insurance,-578.15
L08,2025-05-31,exp_cam,-772.66
L08,2025-05-31,exp_property_tax,-974.63
L08,2025-05-31,exp_marketing,-1565.93
L08,2025-05-31,exp_pos_software,-494.42
L08,2025-05-31,exp_equipment_maintenance,-912.25
L08,2025-05-31,exp_cleaning,-611.73
L08,2025-05-31,exp_cc_fees,-1380.46
L08,2025-05-31,exp_office_supplies,-293.89
L08,2025-05-31,exp_waste_removal,-379.32
L08,2025-05-31,exp_corporate_overhead,-2159.98
L08,2025-05-31,exp_training,-432.03
L08,2025-05-31,exp_general_liability_ins,-434.24
L08,2025-05-31,exp_bank_fees,-186.67
L08,2025-05-31,exp_depreciation,-1068.72
L08,2025-05-31,exp_professional_fees,-555.31
L08,2025-06-30,rev_drip_coffee,15941.21
L08,2025-06-30,rev_espresso_drinks,23074.56
L08,2025-06-30,rev_cold_brew,13644.99
L08,2025-06-30,rev_specialty_seasonal,6867.02
L08,2025-06-30,rev_tea,3292.31
L08,2025-06-30,rev_pastries,7379.06
L08,2025-06-30,rev_sandwiches,7104.09
L08,2025-06-30,rev_breakfast,4823.96
L08,2025-06-30,rev_snacks,2448.16
L08,2025-06-30,rev_whole_bean,3185.41
L08,2025-06-30,rev_brew_equipment,1652.69
L08,2025-06-30,rev_merchandise,923.92
L08,2025-06-30,rev_gift_cards,1981.66
L08,2025-06-30,rev_catering,2216.99
L08,2025-06-30,rev_wholesale,1738.18
L08,2025-06-30,exp_coffee_beans,-8564.62
L08,2025-06-30,exp_dairy,-5006.09
L08,2025-06-30,exp_syrups,-1711.58
L08,2025-06-30,exp_food_ingredients,-4561.76
L08,2025-06-30,exp_packaging,-2002.77
L08,2025-06-30,exp_retail_cogs,-1440.8
L08,2025-06-30,exp_barista_wages,-14038.43
L08,2025-06-30,exp_shift_lead_wages,-4322.58
L08,2025-06-30,exp_store_manager_salary,-5626.37
L08,2025-06-30,exp_payroll_taxes,-2137.06
L08,2025-06-30,exp_employee_benefits,-1787.46
L08,2025-06-30,exp_overtime,-1080.33
L08,2025-06-30,exp_rent,-7157.22
L08,2025-06-30,exp_utilities,-1418.81
L08,2025-06-30,exp_property_insurance,-585.58
L08,2025-06-30,exp_cam,-804.55
L08,2025-06-30,exp_property_tax,-1008.27
L08,2025-06-30,exp_marketing,-1353.35
L08,2025-06-30,exp_pos_software,-594.71
L08,2025-06-30,exp_equipment_maintenance,-831.9
L08,2025-06-30,exp_cleaning,-683.26
L08,2025-06-30,exp_cc_fees,-1353.41
L08,2025-06-30,exp_office_supplies,-304.51
L08,2025-06-30,exp_waste_removal,-362.56
L08,2025-06-30,exp_corporate_overhead,-1929.33
L08,2025-06-30,exp_training,-405.11
L08,2025-06-30,exp_general_liability_ins,-403.96
L08,2025-06-30,exp_bank_fees,-190.06
L08,2025-06-30,exp_depreciation,-1114.86
L08,2025-06-30,exp_professional_fees,-552.93
L08,2025-07-31,rev_drip_coffee,13283.2
L08,2025-07-31,rev_espresso_drinks,21983.87
L08,2025-07-31,rev_cold_brew,15441.84
L08,2025-07-31,rev_specialty_seasonal,7066.16
L08,2025-07-31,rev_tea,3642.55
L08,2025-07-31,rev_pastries,8359.01
L08,2025-07-31,rev_sandwiches,6950.76
L08,2025-07-31,rev_breakfast,4998.07
L08,2025-07-31,rev_snacks,2891.8
L08,2025-07-31,rev_whole_bean,3388.51
L08,2025-07-31,rev_brew_equipment,1823.41
L08,2025-07-31,rev_merchandise,918.12
L08,2025-07-31,rev_gift_cards,1553.38
L08,2025-07-31,rev_catering,2238.71
L08,2025-07-31,rev_wholesale,1907.81
L08,2025-07-31,exp_coffee_beans,-9892.94
L08,2025-07-31,exp_dairy,-5131.84
L08,2025-07-31,exp_syrups,-1752.67
L08,2025-07-31,exp_food_ingredients,-3958.53
L08,2025-07-31,exp_packaging,-2139.55
L08,2025-07-31,exp_retail_cogs,-1517.93
L08,2025-07-31,exp_barista_wages,-14191.55
L08,2025-07-31,exp_shift_lead_wages,-4023.02
L08,2025-07-31,exp_store_manager_salary,-5002.51
L08,2025-07-31,exp_payroll_taxes,-2653.8
L08,2025-07-31,exp_employee_benefits,-2023.1
L08,2025-07-31,exp_overtime,-1114.54
L08,2025-07-31,exp_rent,-7229.38
L08,2025-07-31,exp_utilities,-1485.51
L08,2025-07-31,exp_property_insurance,-580.33
L08,2025-07-31,exp_cam,-803.82
L08,2025-07-31,exp_property_tax,-971.35
L08,2025-07-31,exp_marketing,-1562.44
L08,2025-07-31,exp_pos_software,-471.61
L08,2025-07-31,exp_equipment_maintenance,-722.28
L08,2025-07-31,exp_cleaning,-517.68
L08,2025-07-31,exp_cc_fees,-1634.04
L08,2025-07-31,exp_office_supplies,-256.34
L08,2025-07-31,exp_waste_removal,-437.74
L08,2025-07-31,exp_corporate_overhead,-1987.67
L08,2025-07-31,exp_training,-545.31
L08,2025-07-31,exp_general_liability_ins,-413.2
L08,2025-07-31,exp_bank_fees,-158.24
L08,2025-07-31,exp_depreciation,-1361.0
L08,2025-07-31,exp_professional_fees,-651.97
L08,2025-08-31,rev_drip_coffee,13878.47
L08,2025-08-31,rev_espresso_drinks,21095.66
L08,2025-08-31,rev_cold_brew,12663.19
L08,2025-08-31,rev_specialty_seasonal,6336.3
L08,2025-08-31,rev_tea,3538.84
L08,2025-08-31,rev_pastries,7622.24
L08,2025-08-31,rev_sandwiches,6084.26
L08,2025-08-31,rev_breakfast,4034.32
L08,2025-08-31,rev_snacks,2507.03
L08,2025-08-31,rev_whole_bean,3145.54
L08,2025-08-31,rev_brew_equipment,1406.86
L08,2025-08-31,rev_merchandise,859.59
L08,2025-08-31,rev_gift_cards,1570.52
L08,2025-08-31,rev_catering,2526.15
L08,2025-08-31,rev_wholesale,1688.11
L08,2025-08-31,exp_coffee_beans,-8787.94
L08,2025-08-31,exp_dairy,-4990.42
L08,2025-08-31,exp_syrups,-1773.21
L08,2025-08-31,exp_food_ingredients,-3819.35
L08,2025-08-31,exp_packaging,-1902.11
L08,2025-08-31,exp_retail_cogs,-1382.58
L08,2025-08-31,exp_barista_wages,-13872.03
L08,2025-08-31,exp_shift_lead_wages,-4529.13
L08,2025-08-31,exp_store_manager_salary,-5400.75
L08,2025-08-31,exp_payroll_taxes,-2663.53
L08,2025-08-31,exp_employee_benefits,-1934.97
L08,2025-08-31,exp_overtime,-962.77
L08,2025-08-31,exp_rent,-7131.01
L08,2025-08-31,exp_utilities,-1423.69
L08,2025-08-31,exp_property_insurance,-604.11
L08,2025-08-31,exp_cam,-827.76
L08,2025-08-31,exp_property_tax,-972.86
L08,2025-08-31,exp_marketing,-1724.31
L08,2025-08-31,exp_pos_software,-521.04
L08,2025-08-31,exp_equipment_maintenance,-849.01
L08,2025-08-31,exp_cleaning,-667.69
L08,2025-08-31,exp_cc_fees,-1638.27
L08,2025-08-31,exp_office_supplies,-330.97
L08,2025-08-31,exp_waste_removal,-369.06
L08,2025-08-31,exp_corporate_overhead,-2676.8
L08,2025-08-31,exp_training,-447.64
L08,2025-08-31,exp_general_liability_ins,-359.93
L08,2025-08-31,exp_bank_fees,-161.08
L08,2025-08-31,exp_depreciation,-1383.95
L08,2025-08-31,exp_professional_fees,-567.42
L08,2025-09-30,rev_drip_coffee,14051.38
L08,2025-09-30,rev_espresso_drinks,19222.44
L08,2025-09-30,rev_cold_brew,9037.86
L08,2025-09-30,rev_specialty_seasonal,5559.12
L08,2025-09-30,rev_tea,3376.04
L08,2025-09-30,rev_pastries,7215.67
L08,2025-09-30,rev_sandwiches,6832.28
L08,2025-09-30,rev_breakfast,4029.76
L08,2025-09-30,rev_snacks,2125.85
L08,2025-09-30,rev_whole_bean,2620.18
L08,2025-09-30,rev_brew_equipment,1173.97
L08,2025-09-30,rev_merchandise,1069.72
L08,2025-09-30,rev_gift_cards,1712.06
L08,2025-09-30,rev_catering,2330.85
L08,2025-09-30,rev_wholesale,1629.44
L08,2025-09-30,exp_coffee_beans,-7869.08
L08,2025-09-30,exp_dairy,-4428.4
L08,2025-09-30,exp_syrups,-1517.8
L08,2025-09-30,exp_food_ingredients,-3567.97
L08,2025-09-30,exp_packaging,-1914.4
L08,2025-09-30,exp_retail_cogs,-1336.3
L08,2025-09-30,exp_barista_wages,-13036.94
L08,2025-09-30,exp_shift_lead_wages,-4211.88
L08,2025-09-30,exp_store_manager_salary,-5309.87
L08,2025-09-30,exp_payroll_taxes,-2199.86
L08,2025-09-30,exp_employee_benefits,-1848.63
L08,2025-09-30,exp_overtime,-1076.69
L08,2025-09-30,exp_rent,-7023.4
L08,2025-09-30,exp_utilities,-1436.79
L08,2025-09-30,exp_property_insurance,-573.15
L08,2025-09-30,exp_cam,-795.24
L08,2025-09-30,exp_property_tax,-960.51
L08,2025-09-30,exp_marketing,-1357.11
L08,2025-09-30,exp_pos_software,-547.58
L08,2025-09-30,exp_equipment_maintenance,-918.06
L08,2025-09-30,exp_cleaning,-539.09
L08,2025-09-30,exp_cc_fees,-1514.43
L08,2025-09-30,exp_office_supplies,-327.61
L08,2025-09-30,exp_waste_removal,-299.03
L08,2025-09-30,exp_corporate_overhead,-2086.26
L08,2025-09-30,exp_training,-541.08
L08,2025-09-30,exp_general_liability_ins,-452.53
L08,2025-09-30,exp_bank_fees,-152.53
L08,2025-09-30,exp_depreciation,-1285.56
L08,2025-09-30,exp_professional_fees,-529.05
L08,2025-10-31,rev_drip_coffee,14355.07
L08,2025-10-31,rev_espresso_drinks,18612.97
L08,2025-10-31,rev_cold_brew,9154.59
L08,2025-10-31,rev_specialty_seasonal,5566.24
L08,2025-10-31,rev_tea,3190.42
L08,2025-10-31,rev_pastries,6806.17
L08,2025-10-31,rev_sandwiches,6357.29
L08,2025-10-31,rev_breakfast,3484.56
L08,2025-10-31,rev_snacks,2242.38
L08,2025-10-31,rev_whole_bean,2948.96
L08,2025-10-31,rev_brew_equipment,1143.52
L08,2025-10-31,rev_merchandise,911.38
L08,2025-10-31,rev_gift_cards,1479.83
L08,2025-10-31,rev_catering,2090.58
L08,2025-10-31,rev_wholesale,1791.9
L08,2025-10-31,exp_coffee_beans,-7837.68
L08,2025-10-31,exp_dairy,-4789.78
L08,2025-10-31,exp_syrups,-1569.16
L08,2025-10-31,exp_food_ingredients,-3790.52
L08,2025-10-31,exp_packaging,-1770.97
L08,2025-10-31,exp_retail_cogs,-1289.16
L08,2025-10-31,exp_barista_wages,-14055.79
L08,2025-10-31,exp_shift_lead_wages,-4572.84
L08,2025-10-31,exp_store_manager_salary,-5255.77
L08,2025-10-31,exp_payroll_taxes,-2198.27
L08,2025-10-31,exp_employee_benefits,-1753.82
L08,2025-10-31,exp_overtime,-1039.17
L08,2025-10-31,exp_rent,-6862.97
L08,2025-10-31,exp_utilities,-1399.44
L08,2025-10-31,exp_property_insurance,-556.03
L08,2025-10-31,exp_cam,-779.19
L08,2025-10-31,exp_property_tax,-1021.82
L08,2025-10-31,exp_marketing,-1502.63
L08,2025-10-31,exp_pos_software,-659.38
L08,2025-10-31,exp_equipment_maintenance,-883.0
L08,2025-10-31,exp_cleaning,-622.3
L08,2025-10-31,exp_cc_fees,-1252.97
L08,2025-10-31,exp_office_supplies,-303.91
L08,2025-10-31,exp_waste_removal,-435.63
L08,2025-10-31,exp_corporate_overhead,-2478.28
L08,2025-10-31,exp_training,-477.33
L08,2025-10-31,exp_general_liability_ins,-379.59
L08,2025-10-31,exp_bank_fees,-169.67
L08,2025-10-31,exp_depreciation,-1103.32
L08,2025-10-31,exp_professional_fees,-644.89
L08,2025-11-30,rev_drip_coffee,16608.72
L08,2025-11-30,rev_espresso_drinks,21610.05
L08,2025-11-30,rev_cold_brew,9688.34
L08,2025-11-30,rev_specialty_seasonal,10236.92
L08,2025-11-30,rev_tea,3175.11
L08,2025-11-30,rev_pastries,7732.03
L08,2025-11-30,rev_sandwiches,7249.81
L08,2025-11-30,rev_breakfast,3867.28
L08,2025-11-30,rev_snacks,2211.75
L08,2025-11-30,rev_whole_bean,2961.5
L08,2025-11-30,rev_brew_equipment,1579.2
L08,2025-11-30,rev_merchandise,1051.5
L08,2025-11-30,rev_gift_cards,1635.96
L08,2025-11-30,rev_catering,2181.15
L08,2025-11-30,rev_wholesale,1736.2
L08,2025-11-30,exp_coffee_beans,-8328.74
L08,2025-11-30,exp_dairy,-4753.7
L08,2025-11-30,exp_syrups,-1711.57
L08,2025-11-30,exp_food_ingredients,-3972.86
L08,2025-11-30,exp_packaging,-1862.43
L08,2025-11-30,exp_retail_cogs,-1344.96
L08,2025-11-30,exp_barista_wages,-14042.17
L08,2025-11-30,exp_shift_lead_wages,-4319.94
L08,2025-11-30,exp_store_manager_salary,-5074.66
L08,2025-11-30,exp_payroll_taxes,-2443.6
L08,2025-11-30,exp_employee_benefits,-1686.84
L08,2025-11-30,exp_overtime,-1180.37
L08,2025-11-30,exp_rent,-6987.8
L08,2025-11-30,exp_utilities,-1446.96
L08,2025-11-30,exp_property_insurance,-589.16
L08,2025-11-30,exp_cam,-792.72
L08,2025-11-30,exp_property_tax,-964.82
L08,2025-11-30,exp_marketing,-1442.2
L08,2025-11-30,exp_pos_software,-540.25
L08,2025-11-30,exp_equipment_maintenance,-908.12
L08,2025-11-30,exp_cleaning,-588.91
L08,2025-11-30,exp_cc_fees,-1563.81
L08,2025-11-30,exp_office_supplies,-231.84
L08,2025-11-30,exp_waste_removal,-352.19
L08,2025-11-30,exp_corporate_overhead,-2394.55
L08,2025-11-30,exp_training,-456.65
L08,2025-11-30,exp_general_liability_ins,-393.3
L08,2025-11-30,exp_bank_fees,-175.3
L08,2025-11-30,exp_depreciation,-840.93
L08,2025-11-30,exp_professional_fees,-513.95
L08,2025-12-31,rev_drip_coffee,17999.01
L08,2025-12-31,rev_espresso_drinks,22914.48
L08,2025-12-31,rev_cold_brew,10799.36
L08,2025-12-31,rev_specialty_seasonal,8369.75
L08,2025-12-31,rev_tea,3383.64
L08,2025-12-31,rev_pastries,9526.38
L08,2025-12-31,rev_sandwiches,8287.1
L08,2025-12-31,rev_breakfast,4205.43
L08,2025-12-31,rev_snacks,2499.58
L08,2025-12-31,rev_whole_bean,3539.7
L08,2025-12-31,rev_brew_equipment,1448.99
L08,2025-12-31,rev_merchandise,864.91
L08,2025-12-31,rev_gift_cards,1807.89
L08,2025-12-31,rev_catering,2633.26
L08,2025-12-31,rev_wholesale,2157.66
L08,2025-12-31,exp_coffee_beans,-9819.26
L08,2025-12-31,exp_dairy,-5092.91
L08,2025-12-31,exp_syrups,-1948.49
L08,2025-12-31,exp_food_ingredients,-4338.0
L08,2025-12-31,exp_packaging,-2138.01
L08,2025-12-31,exp_retail_cogs,-1517.6
L08,2025-12-31,exp_barista_wages,-14438.72
L08,2025-12-31,exp_shift_lead_wages,-3818.35
L08,2025-12-31,exp_store_manager_salary,-5903.72
L08,2025-12-31,exp_payroll_taxes,-2523.01
L08,2025-12-31,exp_employee_benefits,-1820.3
L08,2025-12-31,exp_overtime,-1174.28
L08,2025-12-31,exp_rent,-6906.56
L08,2025-12-31,exp_utilities,-1417.54
L08,2025-12-31,exp_property_insurance,-571.82
L08,2025-12-31,exp_cam,-812.74
L08,2025-12-31,exp_property_tax,-967.07
L08,2025-12-31,exp_marketing,-1431.82
L08,2025-12-31,exp_pos_software,-616.63
L08,2025-12-31,exp_equipment_maintenance,-833.59
L08,2025-12-31,exp_cleaning,-616.19
L08,2025-12-31,exp_cc_fees,-1576.27
L08,2025-12-31,exp_office_supplies,-283.49
L08,2025-12-31,exp_waste_removal,-349.17
L08,2025-12-31,exp_corporate_overhead,-2209.83
L08,2025-12-31,exp_training,-392.98
L08,2025-12-31,exp_general_liability_ins,-438.34
L08,2025-12-31,exp_bank_fees,-173.45
L08,2025-12-31,exp_depreciation,-1309.34
L08,2025-12-31,exp_professional_fees,-603.07
L09,2023-01-31,rev_drip_coffee,17784.68
L09,2023-01-31,rev_espresso_drinks,29312.37
L09,2023-01-31,rev_cold_brew,12494.14
L09,2023-01-31,rev_specialty_seasonal,12615.83
L09,2023-01-31,rev_tea,3899.03
L09,2023-01-31,rev_pastries,9378.21
L09,2023-01-31,rev_sandwiches,10635.33
L09,2023-01-31,rev_breakfast,5941.0
L09,2023-01-31,rev_snacks,3145.55
L09,2023-01-31,rev_whole_bean,4045.96
L09,2023-01-31,rev_brew_equipment,1799.54
L09,2023-01-31,rev_merchandise,1287.01
L09,2023-01-31,rev_gift_cards,2190.04
L09,2023-01-31,rev_catering,3479.56
L09,2023-01-31,rev_wholesale,2496.0
L09,2023-01-31,exp_coffee_beans,-20309.37
L09,2023-01-31,exp_dairy,-11060.64
L09,2023-01-31,exp_syrups,-4106.62
L09,2023-01-31,exp_food_ingredients,-9548.39
L09,2023-01-31,exp_packaging,-4536.11
L09,2023-01-31,exp_retail_cogs,-3221.45
L09,2023-01-31,exp_barista_wages,-29813.08
L09,2023-01-31,exp_shift_lead_wages,-9892.15
L09,2023-01-31,exp_store_manager_salary,-10826.87
L09,2023-01-31,exp_payroll_taxes,-5141.89
L09,2023-01-31,exp_employee_benefits,-4031.21
L09,2023-01-31,exp_overtime,-2365.21
L09,2023-01-31,exp_rent,-12049.32
L09,2023-01-31,exp_utilities,-2491.81
L09,2023-01-31,exp_property_insurance,-1012.38
L09,2023-01-31,exp_cam,-1422.85
L09,2023-01-31,exp_property_tax,-1747.5
L09,2023-01-31,exp_marketing,-2850.14
L09,2023-01-31,exp_pos_software,-1054.59
L09,2023-01-31,exp_equipment_maintenance,-1401.97
L09,2023-01-31,exp_cleaning,-1191.62
L09,2023-01-31,exp_cc_fees,-2842.48
L09,2023-01-31,exp_office_supplies,-567.73
L09,2023-01-31,exp_waste_removal,-649.78
L09,2023-01-31,exp_corporate_overhead,-4020.98
L09,2023-01-31,exp_training,-740.5
L09,2023-01-31,exp_general_liability_ins,-765.54
L09,2023-01-31,exp_bank_fees,-338.28
L09,2023-01-31,exp_depreciation,-1830.52
L09,2023-01-31,exp_professional_fees,-1048.37
L09,2023-02-28,rev_drip_coffee,17961.19
L09,2023-02-28,rev_espresso_drinks,27910.69
L09,2023-02-28,rev_cold_brew,13529.58
L09,2023-02-28,rev_specialty_seasonal,11648.72
L09,2023-02-28,rev_tea,4709.96
L09,2023-02-28,rev_pastries,10514.75
L09,2023-02-28,rev_sandwiches,8872.67
L09,2023-02-28,rev_breakfast,5898.77
L09,2023-02-28,rev_snacks,2971.74
L09,2023-02-28,rev_whole_bean,5047.07
L09,2023-02-28,rev_brew_equipment,1909.79
L09,2023-02-28,rev_merchandise,1122.51
L09,2023-02-28,rev_gift_cards,2028.51
L09,2023-02-28,rev_catering,3305.58
L09,2023-02-28,rev_wholesale,2396.06
L09,2023-02-28,exp_coffee_beans,-18449.8
L09,2023-02-28,exp_dairy,-12117.77
L09,2023-02-28,exp_syrups,-4004.15
L09,2023-02-28,exp_food_ingredients,-9556.66
L09,2023-02-28,exp_packaging,-4730.96
L09,2023-02-28,exp_retail_cogs,-3272.55
L09,2023-02-28,exp_barista_wages,-33045.11
L09,2023-02-28,exp_shift_lead_wages,-8032.88
L09,2023-02-28,exp_store_manager_salary,-10085.34
L09,2023-02-28,exp_payroll_taxes,-4681.33
L09,2023-02-28,exp_employee_benefits,-4361.03
L09,2023-02-28,exp_overtime,-2431.04
L09,2023-02-28,exp_rent,-12512.46
L09,2023-02-28,exp_utilities,-2462.43
L09,2023-02-28,exp_property_insurance,-1002.73
L09,2023-02-28,exp_cam,-1384.15
L09,2023-02-28,exp_property_tax,-1693.29
L09,2023-02-28,exp_marketing,-3235.13
L09,2023-02-28,exp_pos_software,-945.95
L09,2023-02-28,exp_equipment_maintenance,-1469.1
L09,2023-02-28,exp_cleaning,-1179.47
L09,2023-02-28,exp_cc_fees,-2151.11
L09,2023-02-28,exp_office_supplies,-534.51
L09,2023-02-28,exp_waste_removal,-570.85
L09,2023-02-28,exp_corporate_overhead,-3642.75
L09,2023-02-28,exp_training,-765.52
L09,2023-02-28,exp_general_liability_ins,-702.76
L09,2023-02-28,exp_bank_fees,-335.82
L09,2023-02-28,exp_depreciation,-2157.91
L09,2023-02-28,exp_professional_fees,-978.87
L09,2023-03-31,rev_drip_coffee,22180.93
L09,2023-03-31,rev_espresso_drinks,29030.92
L09,2023-03-31,rev_cold_brew,15353.37
L09,2023-03-31,rev_specialty_seasonal,9059.16
L09,2023-03-31,rev_tea,4855.8
L09,2023-03-31,rev_pastries,10573.14
L09,2023-03-31,rev_sandwiches,10053.1
L09,2023-03-31,rev_breakfast,7002.77
L09,2023-03-31,rev_snacks,3399.72
L09,2023-03-31,rev_whole_bean,4183.9
L09,2023-03-31,rev_brew_equipment,2232.81
L09,2023-03-31,rev_merchandise,1286.61
L09,2023-03-31,rev_gift_cards,2431.02
L09,2023-03-31,rev_catering,3110.09
L09,2023-03-31,rev_wholesale,2948.19
L09,2023-03-31,exp_coffee_beans,-20743.54
L09,2023-03-31,exp_dairy,-13423.03
L09,2023-03-31,exp_syrups,-4182.79
L09,2023-03-31,exp_food_ingredients,-9844.13
L09,2023-03-31,exp_packaging,-5220.59
L09,2023-03-31,exp_retail_cogs,-3514.34
L09,2023-03-31,exp_barista_wages,-34212.48
L09,2023-03-31,exp_shift_lead_wages,-9186.81
L09,2023-03-31,exp_store_manager_salary,-11223.13
L09,2023-03-31,exp_payroll_taxes,-5521.0
L09,2023-03-31,exp_employee_benefits,-3638.32
L09,2023-03-31,exp_overtime,-2062.05
L09,2023-03-31,exp_rent,-12003.99
L09,2023-03-31,exp_utilities,-2542.87
L09,2023-03-31,exp_property_insurance,-983.78
L09,2023-03-31,exp_cam,-1424.28
L09,2023-03-31,exp_property_tax,-1738.36
L09,2023-03-31,exp_marketing,-3381.98
L09,2023-03-31,exp_pos_software,-1070.96
L09,2023-03-31,exp_equipment_maintenance,-1539.75
L09,2023-03-31,exp_cleaning,-1243.48
L09,2023-03-31,exp_cc_fees,-2719.42
L09,2023-03-31,exp_office_supplies,-507.25
L09,2023-03-31,exp_waste_removal,-567.79
L09,2023-03-31,exp_corporate_overhead,-3539.55
L09,2023-03-31,exp_training,-809.95
L09,2023-03-31,exp_general_liability_ins,-763.79
L09,2023-03-31,exp_bank_fees,-258.29
L09,2023-03-31,exp_depreciation,-2064.85
L09,2023-03-31,exp_professional_fees,-1003.73
L09,2023-04-30,rev_drip_coffee,23669.17
L09,2023-04-30,rev_espresso_drinks,37115.01
L09,2023-04-30,rev_cold_brew,15553.4
L09,2023-04-30,rev_specialty_seasonal,8990.38
L09,2023-04-30,rev_tea,4543.75
L09,2023-04-30,rev_pastries,12538.52
L09,2023-04-30,rev_sandwiches,10040.36
L09,2023-04-30,rev_breakfast,6856.44
L09,2023-04-30,rev_snacks,3998.97
L09,2023-04-30,rev_whole_bean,4249.1
L09,2023-04-30,rev_brew_equipment,2286.41
L09,2023-04-30,rev_merchandise,1553.02
L09,2023-04-30,rev_gift_cards,2706.15
L09,2023-04-30,rev_catering,2863.48
L09,2023-04-30,rev_wholesale,2622.7
L09,2023-04-30,exp_coffee_beans,-21059.71
L09,2023-04-30,exp_dairy,-13552.13
L09,2023-04-30,exp_syrups,-4742.75
L09,2023-04-30,exp_food_ingredients,-9097.67
L09,2023-04-30,exp_packaging,-5058.6
L09,2023-04-30,exp_retail_cogs,-3815.33
L09,2023-04-30,exp_barista_wages,-31253.46
L09,2023-04-30,exp_shift_lead_wages,-9691.54
L09,2023-04-30,exp_store_manager_salary,-11122.78
L09,2023-04-30,exp_payroll_taxes,-4773.82
L09,2023-04-30,exp_employee_benefits,-4113.17
L09,2023-04-30,exp_overtime,-2360.14
L09,2023-04-30,exp_rent,-12348.17
L09,2023-04-30,exp_utilities,-2537.02
L09,2023-04-30,exp_property_insurance,-1018.25
L09,2023-04-30,exp_cam,-1438.29
L09,2023-04-30,exp_property_tax,-1707.34
L09,2023-04-30,exp_marketing,-2408.45
L09,2023-04-30,exp_pos_software,-1015.84
L09,2023-04-30,exp_equipment_maintenance,-1504.44
L09,2023-04-30,exp_cleaning,-1149.1
L09,2023-04-30,exp_cc_fees,-2254.09
L09,2023-04-30,exp_office_supplies,-626.93
L09,2023-04-30,exp_waste_removal,-686.74
L09,2023-04-30,exp_corporate_overhead,-3645.16
L09,2023-04-30,exp_training,-737.13
L09,2023-04-30,exp_general_liability_ins,-831.51
L09,2023-04-30,exp_bank_fees,-292.23
L09,2023-04-30,exp_depreciation,-2588.62
L09,2023-04-30,exp_professional_fees,-939.49
L09,2023-05-31,rev_drip_coffee,27086.86
L09,2023-05-31,rev_espresso_drinks,33974.1
L09,2023-05-31,rev_cold_brew,18127.06
L09,2023-05-31,rev_specialty_seasonal,9582.18
L09,2023-05-31,rev_tea,5591.37
L09,2023-05-31,rev_pastries,13282.99
L09,2023-05-31,rev_sandwiches,11930.24
L09,2023-05-31,rev_breakfast,7325.26
L09,2023-05-31,rev_snacks,3629.43
L09,2023-05-31,rev_whole_bean,5124.88
L09,2023-05-31,rev_brew_equipment,2528.46
L09,2023-05-31,rev_merchandise,1394.46
L09,2023-05-31,rev_gift_cards,2747.61
L09,2023-05-31,rev_catering,3549.17
L09,2023-05-31,rev_wholesale,3004.37
L09,2023-05-31,exp_coffee_beans,-23724.77
L09,2023-05-31,exp_dairy,-13320.24
L09,2023-05-31,exp_syrups,-4815.46
L09,2023-05-31,exp_food_ingredients,-11122.09
L09,2023-05-31,exp_packaging,-5364.94
L09,2023-05-31,exp_retail_cogs,-4154.79
L09,2023-05-31,exp_barista_wages,-33777.73
L09,2023-05-31,exp_shift_lead_wages,-10048.71
L09,2023-05-31,exp_store_manager_salary,-11155.66
L09,2023-05-31,exp_payroll_taxes,-4981.67
L09,2023-05-31,exp_employee_benefits,-4734.24
L09,2023-05-31,exp_overtime,-2272.26
L09,2023-05-31,exp_rent,-12225.84
L09,2023-05-31,exp_utilities,-2520.23
L09,2023-05-31,exp_property_insurance,-1010.18
L09,2023-05-31,exp_cam,-1379.26
L09,2023-05-31,exp_property_tax,-1693.24
L09,2023-05-31,exp_marketing,-2661.1
L09,2023-05-31,exp_pos_software,-900.8
L09,2023-05-31,exp_equipment_maintenance,-1682.92
L09,2023-05-31,exp_cleaning,-1093.7
L09,2023-05-31,exp_cc_fees,-2445.2
L09,2023-05-31,exp_office_supplies,-537.4
L09,2023-05-31,exp_waste_removal,-684.01
L09,2023-05-31,exp_corporate_overhead,-3623.91
L09,2023-05-31,exp_training,-886.55
L09,2023-05-31,exp_general_liability_ins,-655.23
L09,2023-05-31,exp_bank_fees,-366.88
L09,2023-05-31,exp_depreciation,-2109.31
L09,2023-05-31,exp_professional_fees,-996.06
L09,2023-06-30,rev_drip_coffee,23988.96
L09,2023-06-30,rev_espresso_drinks,33168.86
L09,2023-06-30,rev_cold_brew,20082.89
L09,2023-06-30,rev_specialty_seasonal,10196.74
L09,2023-06-30,rev_tea,6235.13
L09,2023-06-30,rev_pastries,12287.84
L09,2023-06-30,rev_sandwiches,10588.37
L09,2023-06-30,rev_breakfast,6658.97
L09,2023-06-30,rev_snacks,3904.47
L09,2023-06-30,rev_whole_bean,5279.63
L09,2023-06-30,rev_brew_equipment,2426.84
L09,2023-06-30,rev_merchandise,1706.59
L09,2023-06-30,rev_gift_cards,3082.5
L09,2023-06-30,rev_catering,4471.56
L09,2023-06-30,rev_wholesale,2742.9
L09,2023-06-30,exp_coffee_beans,-24121.48
L09,2023-06-30,exp_dairy,-15307.81
L09,2023-06-30,exp_syrups,-5086.18
L09,2023-06-30,exp_food_ingredients,-12285.14
L09,2023-06-30,exp_packaging,-5811.72
L09,2023-06-30,exp_retail_cogs,-4433.1
L09,2023-06-30,exp_barista_wages,-35133.68
L09,2023-06-30,exp_shift_lead_wages,-10907.15
L09,2023-06-30,exp_store_manager_salary,-11837.84
L09,2023-06-30,exp_payroll_taxes,-5409.26
L09,2023-06-30,exp_employee_benefits,-4314.23
L09,2023-06-30,exp_overtime,-2284.37
L09,2023-06-30,exp_rent,-12557.12
L09,2023-06-30,exp_utilities,-2539.47
L09,2023-06-30,exp_property_insurance,-1009.49
L09,2023-06-30,exp_cam,-1444.19
L09,2023-06-30,exp_property_tax,-1698.55
L09,2023-06-30,exp_marketing,-2297.52
L09,2023-06-30,exp_pos_software,-1067.26
L09,2023-06-30,exp_equipment_maintenance,-1295.71
L09,2023-06-30,exp_cleaning,-1073.27
L09,2023-06-30,exp_cc_fees,-2633.55
L09,2023-06-30,exp_office_supplies,-552.21
L09,2023-06-30,exp_waste_removal,-695.58
L09,2023-06-30,exp_corporate_overhead,-3971.26
L09,2023-06-30,exp_training,-857.92
L09,2023-06-30,exp_general_liability_ins,-691.29
L09,2023-06-30,exp_bank_fees,-338.07
L09,2023-06-30,exp_depreciation,-1793.35
L09,2023-06-30,exp_professional_fees,-1157.22
L09,2023-07-31,rev_drip_coffee,23151.27
L09,2023-07-31,rev_espresso_drinks,36720.37
L09,2023-07-31,rev_cold_brew,21282.84
L09,2023-07-31,rev_specialty_seasonal,10498.96
L09,2023-07-31,rev_tea,6121.24
L09,2023-07-31,rev_pastries,13089.92
L09,2023-07-31,rev_sandwiches,13545.12
L09,2023-07-31,rev_breakfast,7507.42
L09,2023-07-31,rev_snacks,3983.21
L09,2023-07-31,rev_whole_bean,5515.56
L09,2023-07-31,rev_brew_equipment,2763.48
L09,2023-07-31,rev_merchandise,1736.28
L09,2023-07-31,rev_gift_cards,2615.35
L09,2023-07-31,rev_catering,3741.11
L09,2023-07-31,rev_wholesale,3360.14
L09,2023-07-31,exp_coffee_beans,-26332.06
L09,2023-07-31,exp_dairy,-14389.81
L09,2023-07-31,exp_syrups,-5543.88
L09,2023-07-31,exp_food_ingredients,-11555.0
L09,2023-07-31,exp_packaging,-6291.26
L09,2023-07-31,exp_retail_cogs,-4330.41
L09,2023-07-31,exp_barista_wages,-31305.63
L09,2023-07-31,exp_shift_lead_wages,-10085.47
L09,2023-07-31,exp_store_manager_salary,-11925.04
L09,2023-07-31,exp_payroll_taxes,-5579.94
L09,2023-07-31,exp_employee_benefits,-4409.42
L09,2023-07-31,exp_overtime,-2375.57
L09,2023-07-31,exp_rent,-11857.92
L09,2023-07-31,exp_utilities,-2529.64
L09,2023-07-31,exp_property_insurance,-1022.32
L09,2023-07-31,exp_cam,-1410.44
L09,2023-07-31,exp_property_tax,-1729.55
L09,2023-07-31,exp_marketing,-2640.72
L09,2023-07-31,exp_pos_software,-987.43
L09,2023-07-31,exp_equipment_maintenance,-1862.8
L09,2023-07-31,exp_cleaning,-1223.28
L09,2023-07-31,exp_cc_fees,-2505.94
L09,2023-07-31,exp_office_supplies,-503.88
L09,2023-07-31,exp_waste_removal,-457.77
L09,2023-07-31,exp_corporate_overhead,-4154.36
L09,2023-07-31,exp_training,-877.17
L09,2023-07-31,exp_general_liability_ins,-709.83
L09,2023-07-31,exp_bank_fees,-281.39
L09,2023-07-31,exp_depreciation,-1867.3
L09,2023-07-31,exp_professional_fees,-1045.35
L09,2023-08-31,rev_drip_coffee,24765.21
L09,2023-08-31,rev_espresso_drinks,38123.75
L09,2023-08-31,rev_cold_brew,22916.17
L09,2023-08-31,rev_specialty_seasonal,11490.37
L09,2023-08-31,rev_tea,6021.74
L09,2023-08-31,rev_pastries,13940.67
L09,2023-08-31,rev_sandwiches,9885.35
L09,2023-08-31,rev_breakfast,6356.52
L09,2023-08-31,rev_snacks,3841.23
L09,2023-08-31,rev_whole_bean,5793.31
L09,2023-08-31,rev_brew_equipment,2770.65
L09,2023-08-31,rev_merchandise,1527.87
L09,2023-08-31,rev_gift_cards,2617.72
L09,2023-08-31,rev_catering,3192.64
L09,2023-08-31,rev_wholesale,3310.35
L09,2023-08-31,exp_coffee_beans,-24069.04
L09,2023-08-31,exp_dairy,-16675.92
L09,2023-08-31,exp_syrups,-4922.42
L09,2023-08-31,exp_food_ingredients,-12785.56
L09,2023-08-31,exp_packaging,-5860.83
L09,2023-08-31,exp_retail_cogs,-3827.84
L09,2023-08-31,exp_barista_wages,-33172.97
L09,2023-08-31,exp_shift_lead_wages,-10616.1
L09,2023-08-31,exp_store_manager_salary,-11847.82
L09,2023-08-31,exp_payroll_taxes,-5654.55
L09,2023-08-31,exp_employee_benefits,-4561.39
L09,2023-08-31,exp_overtime,-2573.76
L09,2023-08-31,exp_rent,-12194.05
L09,2023-08-31,exp_utilities,-2443.37
L09,2023-08-31,exp_property_insurance,-1014.94
L09,2023-08-31,exp_cam,-1412.43
L09,2023-08-31,exp_property_tax,-1655.7
L09,2023-08-31,exp_marketing,-2862.58
L09,2023-08-31,exp_pos_software,-960.2
L09,2023-08-31,exp_equipment_maintenance,-1293.03
L09,2023-08-31,exp_cleaning,-1058.24
L09,2023-08-31,exp_cc_fees,-2499.89
L09,2023-08-31,exp_office_supplies,-634.34
L09,2023-08-31,exp_waste_removal,-655.29
L09,2023-08-31,exp_corporate_overhead,-4142.11
L09,2023-08-31,exp_training,-803.62
L09,2023-08-31,exp_general_liability_ins,-609.98
L09,2023-08-31,exp_bank_fees,-350.49
L09,2023-08-31,exp_depreciation,-1972.25
L09,2023-08-31,exp_professional_fees,-967.28
L09,2023-09-30,rev_drip_coffee,21181.04
L09,2023-09-30,rev_espresso_drinks,33692.77
L09,2023-09-30,rev_cold_brew,16964.39
L09,2023-09-30,rev_specialty_seasonal,10627.79
L09,2023-09-30,rev_tea,6111.66
L09,2023-09-30,rev_pastries,13798.85
L09,2023-09-30,rev_sandwiches,9204.99
L09,2023-09-30,rev_breakfast,5915.53
L09,2023-09-30,rev_snacks,3138.09
L09,2023-09-30,rev_whole_bean,5194.9
L09,2023-09-30,rev_brew_equipment,2109.36
L09,2023-09-30,rev_merchandise,1379.44
L09,2023-09-30,rev_gift_cards,2507.99
L09,2023-09-30,rev_catering,3616.69
L09,2023-09-30,rev_wholesale,2530.06
L09,2023-09-30,exp_coffee_beans,-21505.36
L09,2023-09-30,exp_dairy,-13471.47
L09,2023-09-30,exp_syrups,-5023.74
L09,2023-09-30,exp_food_ingredients,-10712.96
L09,2023-09-30,exp_packaging,-5031.21
L09,2023-09-30,exp_retail_cogs,-3339.92
L09,2023-09-30,exp_barista_wages,-33116.8
L09,2023-09-30,exp_shift_lead_wages,-9286.1
L09,2023-09-30,exp_store_manager_salary,-10707.79
L09,2023-09-30,exp_payroll_taxes,-4624.4
L09,2023-09-30,exp_employee_benefits,-3804.1
L09,2023-09-30,exp_overtime,-2241.99
L09,2023-09-30,exp_rent,-12139.8
L09,2023-09-30,exp_utilities,-2441.68
L09,2023-09-30,exp_property_insurance,-1020.28
L09,2023-09-30,exp_cam,-1400.53
L09,2023-09-30,exp_property_tax,-1796.69
L09,2023-09-30,exp_marketing,-2335.15
L09,2023-09-30,exp_pos_software,-985.25
L09,2023-09-30,exp_equipment_maintenance,-1511.51
L09,2023-09-30,exp_cleaning,-981.88
L09,2023-09-30,exp_cc_fees,-2604.94
L09,2023-09-30,exp_office_supplies,-572.63
L09,2023-09-30,exp_waste_removal,-647.37
L09,2023-09-30,exp_corporate_overhead,-4272.88
L09,2023-09-30,exp_training,-636.11
L09,2023-09-30,exp_general_liability_ins,-687.43
L09,2023-09-30,exp_bank_fees,-376.85
L09,2023-09-30,exp_depreciation,-2303.75
L09,2023-09-30,exp_professional_fees,-1054.97
L09,2023-10-31,rev_drip_coffee,24913.04
L09,2023-10-31,rev_espresso_drinks,27805.62
L09,2023-10-31,rev_cold_brew,16301.25
L09,2023-10-31,rev_specialty_seasonal,10521.5
L09,2023-10-31,rev_tea,5036.92
L09,2023-10-31,rev_pastries,14385.24
L09,2023-10-31,rev_sandwiches,10960.1
L09,2023-10-31,rev_breakfast,5287.04
L09,2023-10-31,rev_snacks,3706.58
L09,2023-10-31,rev_whole_bean,4568.76
L09,2023-10-31,rev_brew_equipment,2393.45
L09,2023-10-31,rev_merchandise,1469.17
L09,2023-10-31,rev_gift_cards,2382.48
L09,2023-10-31,rev_catering,3854.01
L09,2023-10-31,rev_wholesale,3026.5
L09,2023-10-31,exp_coffee_beans,-21568.5
L09,2023-10-31,exp_dairy,-13106.07
L09,2023-10-31,exp_syrups,-4766.82
L09,2023-10-31,exp_food_ingredients,-10324.73
L09,2023-10-31,exp_packaging,-5049.98
L09,2023-10-31,exp_retail_cogs,-3675.2
L09,2023-10-31,exp_barista_wages,-28997.41
L09,2023-10-31,exp_shift_lead_wages,-8320.19
L09,2023-10-31,exp_store_manager_salary,-11534.99
L09,2023-10-31,exp_payroll_taxes,-4489.38
L09,2023-10-31,exp_employee_benefits,-3872.06
L09,2023-10-31,exp_overtime,-2102.7
L09,2023-10-31,exp_rent,-11795.91
L09,2023-10-31,exp_utilities,-2523.5
L09,2023-10-31,exp_property_insurance,-1011.99
L09,2023-10-31,exp_cam,-1400.2
L09,2023-10-31,exp_property_tax,-1674.97
L09,2023-10-31,exp_marketing,-2630.32
L09,2023-10-31,exp_pos_software,-1006.09
L09,2023-10-31,exp_equipment_maintenance,-1477.92
L09,2023-10-31,exp_cleaning,-1184.76
L09,2023-10-31,exp_cc_fees,-2829.39
L09,2023-10-31,exp_office_supplies,-518.3
L09,2023-10-31,exp_waste_removal,-522.42
L09,2023-10-31,exp_corporate_overhead,-3469.26
L09,2023-10-31,exp_training,-805.26
L09,2023-10-31,exp_general_liability_ins,-692.36
L09,2023-10-31,exp_bank_fees,-293.77
L09,2023-10-31,exp_depreciation,-2125.93
L09,2023-10-31,exp_professional_fees,-1244.11
L09,2023-11-30,rev_drip_coffee,23533.51
L09,2023-11-30,rev_espresso_drinks,35460.27
L09,2023-11-30,rev_cold_brew,14814.51
L09,2023-11-30,rev_specialty_seasonal,16694.14
L09,2023-11-30,rev_tea,6144.33
L09,2023-11-30,rev_pastries,13663.52
L09,2023-11-30,rev_sandwiches,12921.59
L09,2023-11-30,rev_breakfast,6688.01
L09,2023-11-30,rev_snacks,3790.63
L09,2023-11-30,rev_whole_bean,5951.99
L09,2023-11-30,rev_brew_equipment,2484.24
L09,2023-11-30,rev_merchandise,1250.2
L09,2023-11-30,rev_gift_cards,2800.67
L09,2023-11-30,rev_catering,3542.8
L09,2023-11-30,rev_wholesale,3258.58
L09,2023-11-30,exp_coffee_beans,-24795.85
L09,2023-11-30,exp_dairy,-13021.72
L09,2023-11-30,exp_syrups,-5085.91
L09,2023-11-30,exp_food_ingredients,-11477.17
L09,2023-11-30,exp_packaging,-5647.52
L09,2023-11-30,exp_retail_cogs,-4075.95
L09,2023-11-30,exp_barista_wages,-35274.91
L09,2023-11-30,exp_shift_lead_wages,-10287.93
L09,2023-11-30,exp_store_manager_salary,-11898.8
L09,2023-11-30,exp_payroll_taxes,-5693.51
L09,2023-11-30,exp_employee_benefits,-4881.21
L09,2023-11-30,exp_overtime,-2593.42
L09,2023-11-30,exp_rent,-12248.37
L09,2023-11-30,exp_utilities,-2523.81
L09,2023-11-30,exp_property_insurance,-1021.71
L09,2023-11-30,exp_cam,-1407.99
L09,2023-11-30,exp_property_tax,-1794.73
L09,2023-11-30,exp_marketing,-2604.08
L09,2023-11-30,exp_pos_software,-1081.57
L09,2023-11-30,exp_equipment_maintenance,-1466.96
L09,2023-11-30,exp_cleaning,-932.64
L09,2023-11-30,exp_cc_fees,-2531.77
L09,2023-11-30,exp_office_supplies,-502.64
L09,2023-11-30,exp_waste_removal,-678.21
L09,2023-11-30,exp_corporate_overhead,-3787.52
L09,2023-11-30,exp_training,-730.09
L09,2023-11-30,exp_general_liability_ins,-861.07
L09,2023-11-30,exp_bank_fees,-364.21
L09,2023-11-30,exp_depreciation,-2446.05
L09,2023-11-30,exp_professional_fees,-1024.58
L09,2023-12-31,rev_drip_coffee,27585.51
L09,2023-12-31,rev_espresso_drinks,42321.07
L09,2023-12-31,rev_cold_brew,17833.66
L09,2023-12-31,rev_specialty_seasonal,17330.51
L09,2023-12-31,rev_tea,6395.7
L09,2023-12-31,rev_pastries,12805.25
L09,2023-12-31,rev_sandwiches,13298.76
L09,2023-12-31,rev_breakfast,7546.45
L09,2023-12-31,rev_snacks,4303.03
L09,2023-12-31,rev_whole_bean,6086.63
L09,2023-12-31,rev_brew_equipment,2942.99
L09,2023-12-31,rev_merchandise,1600.52
L09,2023-12-31,rev_gift_cards,2970.45
L09,2023-12-31,rev_catering,3940.48
L09,2023-12-31,rev_wholesale,3206.14
L09,2023-12-31,exp_coffee_beans,-26633.84
L09,2023-12-31,exp_dairy,-15953.63
L09,2023-12-31,exp_syrups,-5835.06
L09,2023-12-31,exp_food_ingredients,-13035.4
L09,2023-12-31,exp_packaging,-5934.64
L09,2023-12-31,exp_retail_cogs,-4765.13
L09,2023-12-31,exp_barista_wages,-36776.04
L09,2023-12-31,exp_shift_lead_wages,-10209.99
L09,2023-12-31,exp_store_manager_salary,-13714.47
L09,2023-12-31,exp_payroll_taxes,-5839.57
L09,2023-12-31,exp_employee_benefits,-4582.41
L09,2023-12-31,exp_overtime,-2700.12
L09,2023-12-31,exp_rent,-12191.78
L09,2023-12-31,exp_utilities,-2529.45
L09,2023-12-31,exp_property_insurance,-1020.31
L09,2023-12-31,exp_cam,-1397.97
L09,2023-12-31,exp_property_tax,-1650.54
L09,2023-12-31,exp_marketing,-2963.34
L09,2023-12-31,exp_pos_software,-933.36
L09,2023-12-31,exp_equipment_maintenance,-1601.24
L09,2023-12-31,exp_cleaning,-1147.43
L09,2023-12-31,exp_cc_fees,-2490.65
L09,2023-12-31,exp_office_supplies,-586.1
L09,2023-12-31,exp_waste_removal,-654.31
L09,2023-12-31,exp_corporate_overhead,-3814.67
L09,2023-12-31,exp_training,-801.97
L09,2023-12-31,exp_general_liability_ins,-877.03
L09,2023-12-31,exp_bank_fees,-304.99
L09,2023-12-31,exp_depreciation,-2043.08
L09,2023-12-31,exp_professional_fees,-877.03
L09,2024-01-31,rev_drip_coffee,22134.68
L09,2024-01-31,rev_espresso_drinks,28884.84
L09,2024-01-31,rev_cold_brew,13606.4
L09,2024-01-31,rev_specialty_seasonal,12433.13
L09,2024-01-31,rev_tea,4929.64
L09,2024-01-31,rev_pastries,9867.1
L09,2024-01-31,rev_sandwiches,8167.93
L09,2024-01-31,rev_breakfast,6131.47
L09,2024-01-31,rev_snacks,2757.07
L09,2024-01-31,rev_whole_bean,4777.83
L09,2024-01-31,rev_brew_equipment,2271.54
L09,2024-01-31,rev_merchandise,1281.33
L09,2024-01-31,rev_gift_cards,2548.21
L09,2024-01-31,rev_catering,3167.68
L09,2024-01-31,rev_wholesale,2929.01
L09,2024-01-31,exp_coffee_beans,-20282.7
L09,2024-01-31,exp_dairy,-10742.4
L09,2024-01-31,exp_syrups,-4269.47
L09,2024-01-31,exp_food_ingredients,-10529.72
L09,2024-01-31,exp_packaging,-4864.55
L09,2024-01-31,exp_retail_cogs,-3296.96
L09,2024-01-31,exp_barista_wages,-30215.54
L09,2024-01-31,exp_shift_lead_wages,-9724.74
L09,2024-01-31,exp_store_manager_salary,-10821.25
L09,2024-01-31,exp_payroll_taxes,-5644.32
L09,2024-01-31,exp_employee_benefits,-3816.01
L09,2024-01-31,exp_overtime,-2385.81
L09,2024-01-31,exp_rent,-12383.95
L09,2024-01-31,exp_utilities,-2467.15
L09,2024-01-31,exp_property_insurance,-1007.88
L09,2024-01-31,exp_cam,-1436.13
L09,2024-01-31,exp_property_tax,-1725.22
L09,2024-01-31,exp_marketing,-2910.1
L09,2024-01-31,exp_pos_software,-810.97
L09,2024-01-31,exp_equipment_maintenance,-1583.12
L09,2024-01-31,exp_cleaning,-1126.15
L09,2024-01-31,exp_cc_fees,-2563.87
L09,2024-01-31,exp_office_supplies,-550.9
L09,2024-01-31,exp_waste_removal,-614.94
L09,2024-01-31,exp_corporate_overhead,-3531.1
L09,2024-01-31,exp_training,-793.53
L09,2024-01-31,exp_general_liability_ins,-715.8
L09,2024-01-31,exp_bank_fees,-400.02
L09,2024-01-31,exp_depreciation,-2303.72
L09,2024-01-31,exp_professional_fees,-903.94
L09,2024-02-29,rev_drip_coffee,23785.63
L09,2024-02-29,rev_espresso_drinks,28596.75
L09,2024-02-29,rev_cold_brew,13856.43
L09,2024-02-29,rev_specialty_seasonal,13591.7
L09,2024-02-29,rev_tea,4040.18
L09,2024-02-29,rev_pastries,10517.25
L09,2024-02-29,rev_sandwiches,9286.69
L09,2024-02-29,rev_breakfast,5878.33
L09,2024-02-29,rev_snacks,3340.42
L09,2024-02-29,rev_whole_bean,4345.82
L09,2024-02-29,rev_brew_equipment,1955.3
L09,2024-02-29,rev_merchandise,1377.72
L09,2024-02-29,rev_gift_cards,2311.39
L09,2024-02-29,rev_catering,3113.6
L09,2024-02-29,rev_wholesale,2569.11
L09,2024-02-29,exp_coffee_beans,-22157.87
L09,2024-02-29,exp_dairy,-12015.08
L09,2024-02-29,exp_syrups,-4083.53
L09,2024-02-29,exp_food_ingredients,-8580.26
L09,2024-02-29,exp_packaging,-4300.4
L09,2024-02-29,exp_retail_cogs,-3231.69
L09,2024-02-29,exp_barista_wages,-29083.98
L09,2024-02-29,exp_shift_lead_wages,-8776.09
L09,2024-02-29,exp_store_manager_salary,-10972.69
L09,2024-02-29,exp_payroll_taxes,-4652.98
L09,2024-02-29,exp_employee_benefits,-3677.4
L09,2024-02-29,exp_overtime,-2305.1
L09,2024-02-29,exp_rent,-12532.15
L09,2024-02-29,exp_utilities,-2446.76
L09,2024-02-29,exp_property_insurance,-1021.46
L09,2024-02-29,exp_cam,-1353.84
L09,2024-02-29,exp_property_tax,-1669.51
L09,2024-02-29,exp_marketing,-2649.2
L09,2024-02-29,exp_pos_software,-1079.63
L09,2024-02-29,exp_equipment_maintenance,-1369.97
L09,2024-02-29,exp_cleaning,-1005.36
L09,2024-02-29,exp_cc_fees,-2589.67
L09,2024-02-29,exp_office_supplies,-533.68
L09,2024-02-29,exp_waste_removal,-590.84
L09,2024-02-29,exp_corporate_overhead,-4498.73
L09,2024-02-29,exp_training,-791.63
L09,2024-02-29,exp_general_liability_ins,-759.18
L09,2024-02-29,exp_bank_fees,-315.21
L09,2024-02-29,exp_depreciation,-2204.09
L09,2024-02-29,exp_professional_fees,-1124.47
L09,2024-03-31,rev_drip_coffee,25019.43
L09,2024-03-31,rev_espresso_drinks,30028.76
L09,2024-03-31,rev_cold_brew,16237.69
L09,2024-03-31,rev_specialty_seasonal,9856.56
L09,2024-03-31,rev_tea,5581.19
L09,2024-03-31,rev_pastries,11488.24
L09,2024-03-31,rev_sandwiches,10350.12
L09,2024-03-31,rev_breakfast,6710.87
L09,2024-03-31,rev_snacks,3769.95
L09,2024-03-31,rev_whole_bean,5311.99
L09,2024-03-31,rev_brew_equipment,2165.79
L09,2024-03-31,rev_merchandise,1358.8
L09,2024-03-31,rev_gift_cards,1957.01
L09,2024-03-31,rev_catering,2918.33
L09,2024-03-31,rev_wholesale,2654.59
L09,2024-03-31,exp_coffee_beans,-20703.11
L09,2024-03-31,exp_dairy,-13383.27
L09,2024-03-31,exp_syrups,-4228.37
L09,2024-03-31,exp_food_ingredients,-9983.53
L09,2024-03-31,exp_packaging,-4885.5
L09,2024-03-31,exp_retail_cogs,-3787.34
L09,2024-03-31,exp_barista_wages,-29408.08
L09,2024-03-31,exp_shift_lead_wages,-9722.62
L09,2024-03-31,exp_store_manager_salary,-11335.83
L09,2024-03-31,exp_payroll_taxes,-5294.81
L09,2024-03-31,exp_employee_benefits,-4263.66
L09,2024-03-31,exp_overtime,-2313.47
L09,2024-03-31,exp_rent,-11784.24
L09,2024-03-31,exp_utilities,-2490.57
L09,2024-03-31,exp_property_insurance,-1016.1
L09,2024-03-31,exp_cam,-1415.52
L09,2024-03-31,exp_property_tax,-1694.86
L09,2024-03-31,exp_marketing,-3136.1
L09,2024-03-31,exp_pos_software,-970.91
L09,2024-03-31,exp_equipment_maintenance,-1348.91
L09,2024-03-31,exp_cleaning,-1044.54
L09,2024-03-31,exp_cc_fees,-3077.99
L09,2024-03-31,exp_office_supplies,-567.04
L09,2024-03-31,exp_waste_removal,-708.41
L09,2024-03-31,exp_corporate_overhead,-3362.32
L09,2024-03-31,exp_training,-757.19
L09,2024-03-31,exp_general_liability_ins,-699.5
L09,2024-03-31,exp_bank_fees,-334.47
L09,2024-03-31,exp_depreciation,-2074.47
L09,2024-03-31,exp_professional_fees,-951.88
L09,2024-04-30,rev_drip_coffee,22565.83
L09,2024-04-30,rev_espresso_drinks,31523.67
L09,2024-04-30,rev_cold_brew,15482.91
L09,2024-04-30,rev_specialty_seasonal,10823.37
L09,2024-04-30,rev_tea,4790.3
L09,2024-04-30,rev_pastries,12520.11
L09,2024-04-30,rev_sandwiches,12281.51
L09,2024-04-30,rev_breakfast,6475.79
L09,2024-04-30,rev_snacks,3530.8
L09,2024-04-30,rev_whole_bean,5336.56
L09,2024-04-30,rev_brew_equipment,2067.43
L09,2024-04-30,rev_merchandise,1440.04
L09,2024-04-30,rev_gift_cards,2351.37
L09,2024-04-30,rev_catering,2998.9
L09,2024-04-30,rev_wholesale,2850.23
L09,2024-04-30,exp_coffee_beans,-21605.56
L09,2024-04-30,exp_dairy,-13528.73
L09,2024-04-30,exp_syrups,-5028.43
L09,2024-04-30,exp_food_ingredients,-11778.53
L09,2024-04-30,exp_packaging,-5288.86
L09,2024-04-30,exp_retail_cogs,-3951.8
L09,2024-04-30,exp_barista_wages,-32165.08
L09,2024-04-30,exp_shift_lead_wages,-9518.11
L09,2024-04-30,exp_store_manager_salary,-10199.68
L09,2024-04-30,exp_payroll_taxes,-5673.71
L09,2024-04-30,exp_employee_benefits,-3912.35
L09,2024-04-30,exp_overtime,-2583.75
L09,2024-04-30,exp_rent,-12329.03
L09,2024-04-30,exp_utilities,-2453.32
L09,2024-04-30,exp_property_insurance,-1022.85
L09,2024-04-30,exp_cam,-1467.51
L09,2024-04-30,exp_property_tax,-1773.07
L09,2024-04-30,exp_marketing,-2670.61
L09,2024-04-30,exp_pos_software,-900.56
L09,2024-04-30,exp_equipment_maintenance,-1500.55
L09,2024-04-30,exp_cleaning,-1076.58
L09,2024-04-30,exp_cc_fees,-2889.94
L09,2024-04-30,exp_office_supplies,-571.04
L09,2024-04-30,exp_waste_removal,-532.68
L09,2024-04-30,exp_corporate_overhead,-3925.4
L09,2024-04-30,exp_training,-798.64
L09,2024-04-30,exp_general_liability_ins,-753.44
L09,2024-04-30,exp_bank_fees,-336.59
L09,2024-04-30,exp_depreciation,-2364.28
L09,2024-04-30,exp_professional_fees,-1098.73
L09,2024-05-31,rev_drip_coffee,22941.14
L09,2024-05-31,rev_espresso_drinks,35179.34
L09,2024-05-31,rev_cold_brew,15902.52
L09,2024-05-31,rev_specialty_seasonal,9031.18
L09,2024-05-31,rev_tea,5672.47
L09,2024-05-31,rev_pastries,14679.33
L09,2024-05-31,rev_sandwiches,10022.77
L09,2024-05-31,rev_breakfast,6887.42
L09,2024-05-31,rev_snacks,3853.74
L09,2024-05-31,rev_whole_bean,5337.71
L09,2024-05-31,rev_brew_equipment,2174.86
L09,2024-05-31,rev_merchandise,1342.09
L09,2024-05-31,rev_gift_cards,2395.96
L09,2024-05-31,rev_catering,4097.07
L09,2024-05-31,rev_wholesale,2791.41
L09,2024-05-31,exp_coffee_beans,-23610.66
L09,2024-05-31,exp_dairy,-15709.16
L09,2024-05-31,exp_syrups,-4817.43
L09,2024-05-31,exp_food_ingredients,-11511.89
L09,2024-05-31,exp_packaging,-5821.46
L09,2024-05-31,exp_retail_cogs,-4148.7
L09,2024-05-31,exp_barista_wages,-29723.35
L09,2024-05-31,exp_shift_lead_wages,-9589.62
L09,2024-05-31,exp_store_manager_salary,-12073.67
L09,2024-05-31,exp_payroll_taxes,-5931.16
L09,2024-05-31,exp_employee_benefits,-4097.43
L09,2024-05-31,exp_overtime,-2380.83
L09,2024-05-31,exp_rent,-12300.43
L09,2024-05-31,exp_utilities,-2533.18
L09,2024-05-31,exp_property_insurance,-1030.34
L09,2024-05-31,exp_cam,-1383.64
L09,2024-05-31,exp_property_tax,-1701.94
L09,2024-05-31,exp_marketing,-2875.6
L09,2024-05-31,exp_pos_software,-1091.98
L09,2024-05-31,exp_equipment_maintenance,-1450.23
L09,2024-05-31,exp_cleaning,-1092.26
L09,2024-05-31,exp_cc_fees,-2315.63
L09,2024-05-31,exp_office_supplies,-630.78
L09,2024-05-31,exp_waste_removal,-651.07
L09,2024-05-31,exp_corporate_overhead,-4157.76
L09,2024-05-31,exp_training,-815.64
L09,2024-05-31,exp_general_liability_ins,-757.05
L09,2024-05-31,exp_bank_fees,-279.14
L09,2024-05-31,exp_depreciation,-1657.13
L09,2024-05-31,exp_professional_fees,-1126.17
L09,2024-06-30,rev_drip_coffee,26194.49
L09,2024-06-30,rev_espresso_drinks,38324.02
L09,2024-06-30,rev_cold_brew,21378.5
L09,2024-06-30,rev_specialty_seasonal,10326.74
L09,2024-06-30,rev_tea,6622.78
L09,2024-06-30,rev_pastries,15543.77
L09,2024-06-30,rev_sandwiches,11771.92
L09,2024-06-30,rev_breakfast,7756.16
L09,2024-06-30,rev_snacks,4191.97
L09,2024-06-30,rev_whole_bean,5511.78
L09,2024-06-30,rev_brew_equipment,2885.81
L09,2024-06-30,rev_merchandise,1557.19
L09,2024-06-30,rev_gift_cards,3157.6
L09,2024-06-30,rev_catering,4070.19
L09,2024-06-30,rev_wholesale,3227.18
L09,2024-06-30,exp_coffee_beans,-27601.84
L09,2024-06-30,exp_dairy,-15380.96
L09,2024-06-30,exp_syrups,-5308.71
L09,2024-06-30,exp_food_ingredients,-12905.34
L09,2024-06-30,exp_packaging,-6264.23
L09,2024-06-30,exp_retail_cogs,-4464.49
L09,2024-06-30,exp_barista_wages,-25725.32
L09,2024-06-30,exp_shift_lead_wages,-10680.15
L09,2024-06-30,exp_store_manager_salary,-12473.28
L09,2024-06-30,exp_payroll_taxes,-5509.65
L09,2024-06-30,exp_employee_benefits,-4622.59
L09,2024-06-30,exp_overtime,-2588.08
L09,2024-06-30,exp_rent,-12363.43
L09,2024-06-30,exp_utilities,-2488.76
L09,2024-06-30,exp_property_insurance,-1046.96
L09,2024-06-30,exp_cam,-1429.4
L09,2024-06-30,exp_property_tax,-1738.91
L09,2024-06-30,exp_marketing,-2953.91
L09,2024-06-30,exp_pos_software,-1081.8
L09,2024-06-30,exp_equipment_maintenance,-1637.45
L09,2024-06-30,exp_cleaning,-1082.35
L09,2024-06-30,exp_cc_fees,-2835.9
L09,2024-06-30,exp_office_supplies,-540.97
L09,2024-06-30,exp_waste_removal,-764.09
L09,2024-06-30,exp_corporate_overhead,-4165.26
L09,2024-06-30,exp_training,-762.33
L09,2024-06-30,exp_general_liability_ins,-925.61
L09,2024-06-30,exp_bank_fees,-259.38
L09,2024-06-30,exp_depreciation,-2245.76
L09,2024-06-30,exp_professional_fees,-931.18
L09,2024-07-31,rev_drip_coffee,30753.95
L09,2024-07-31,rev_espresso_drinks,39494.19
L09,2024-07-31,rev_cold_brew,22839.37
L09,2024-07-31,rev_specialty_seasonal,11185.38
L09,2024-07-31,rev_tea,5909.57
L09,2024-07-31,rev_pastries,13667.08
L09,2024-07-31,rev_sandwiches,12385.0
L09,2024-07-31,rev_breakfast,7103.74
L09,2024-07-31,rev_snacks,4331.41
L09,2024-07-31,rev_whole_bean,5893.37
L09,2024-07-31,rev_brew_equipment,2375.05
L09,2024-07-31,rev_merchandise,1438.96
L09,2024-07-31,rev_gift_cards,3022.8
L09,2024-07-31,rev_catering,4228.04
L09,2024-07-31,rev_wholesale,3511.94
L09,2024-07-31,exp_coffee_beans,-27252.67
L09,2024-07-31,exp_dairy,-16791.26
L09,2024-07-31,exp_syrups,-5750.38
L09,2024-07-31,exp_food_ingredients,-14057.0
L09,2024-07-31,exp_packaging,-6992.43
L09,2024-07-31,exp_retail_cogs,-3944.08
L09,2024-07-31,exp_barista_wages,-29593.03
L09,2024-07-31,exp_shift_lead_wages,-10566.48
L09,2024-07-31,exp_store_manager_salary,-12891.37
L09,2024-07-31,exp_payroll_taxes,-5583.65
L09,2024-07-31,exp_employee_benefits,-4721.75
L09,2024-07-31,exp_overtime,-2546.88
L09,2024-07-31,exp_rent,-12028.77
L09,2024-07-31,exp_utilities,-2475.0
L09,2024-07-31,exp_property_insurance,-1012.44
L09,2024-07-31,exp_cam,-1431.21
L09,2024-07-31,exp_property_tax,-1703.49
L09,2024-07-31,exp_marketing,-2733.6
L09,2024-07-31,exp_pos_software,-1024.88
L09,2024-07-31,exp_equipment_maintenance,-1456.13
L09,2024-07-31,exp_cleaning,-1216.94
L09,2024-07-31,exp_cc_fees,-2343.09
L09,2024-07-31,exp_office_supplies,-471.29
L09,2024-07-31,exp_waste_removal,-660.71
L09,2024-07-31,exp_corporate_overhead,-3904.99
L09,2024-07-31,exp_training,-742.87
L09,2024-07-31,exp_general_liability_ins,-851.51
L09,2024-07-31,exp_bank_fees,-391.63
L09,2024-07-31,exp_depreciation,-1978.65
L09,2024-07-31,exp_professional_fees,-1149.73
L09,2024-08-31,rev_drip_coffee,20694.74
L09,2024-08-31,rev_espresso_drinks,40215.89
L09,2024-08-31,rev_cold_brew,21726.97
L09,2024-08-31,rev_specialty_seasonal,11785.77
L09,2024-08-31,rev_tea,5534.01
L09,2024-08-31,rev_pastries,13327.25
L09,2024-08-31,rev_sandwiches,11377.9
L09,2024-08-31,rev_breakfast,7105.61
L09,2024-08-31,rev_snacks,4649.16
L09,2024-08-31,rev_whole_bean,5418.86
L09,2024-08-31,rev_brew_equipment,2885.29
L09,2024-08-31,rev_merchandise,1537.94
L09,2024-08-31,rev_gift_cards,3157.88
L09,2024-08-31,rev_catering,3374.64
L09,2024-08-31,rev_wholesale,3101.1
L09,2024-08-31,exp_coffee_beans,-24688.62
L09,2024-08-31,exp_dairy,-16035.13
L09,2024-08-31,exp_syrups,-5287.7
L09,2024-08-31,exp_food_ingredients,-10619.15
L09,2024-08-31,exp_packaging,-5411.34
L09,2024-08-31,exp_retail_cogs,-3926.76
L09,2024-08-31,exp_barista_wages,-35055.82
L09,2024-08-31,exp_shift_lead_wages,-10792.03
L09,2024-08-31,exp_store_manager_salary,-11966.04
L09,2024-08-31,exp_payroll_taxes,-5282.77
L09,2024-08-31,exp_employee_benefits,-4601.7
L09,2024-08-31,exp_overtime,-2350.31
L09,2024-08-31,exp_rent,-12309.72
L09,2024-08-31,exp_utilities,-2520.81
L09,2024-08-31,exp_property_insurance,-1010.92
L09,2024-08-31,exp_cam,-1418.66
L09,2024-08-31,exp_property_tax,-1723.75
L09,2024-08-31,exp_marketing,-2954.96
L09,2024-08-31,exp_pos_software,-840.24
L09,2024-08-31,exp_equipment_maintenance,-1576.96
L09,2024-08-31,exp_cleaning,-1207.08
L09,2024-08-31,exp_cc_fees,-2663.18
L09,2024-08-31,exp_office_supplies,-563.68
L09,2024-08-31,exp_waste_removal,-634.13
L09,2024-08-31,exp_corporate_overhead,-4087.79
L09,2024-08-31,exp_training,-818.51
L09,2024-08-31,exp_general_liability_ins,-664.48
L09,2024-08-31,exp_bank_fees,-355.35
L09,2024-08-31,exp_depreciation,-1766.2
L09,2024-08-31,exp_professional_fees,-1029.17
L09,2024-09-30,rev_drip_coffee,22978.93
L09,2024-09-30,rev_espresso_drinks,33104.29
L09,2024-09-30,rev_cold_brew,16243.56
L09,2024-09-30,rev_specialty_seasonal,9561.86
L09,2024-09-30,rev_tea,5786.82
L09,2024-09-30,rev_pastries,12482.54
L09,2024-09-30,rev_sandwiches,10724.45
L09,2024-09-30,rev_breakfast,7421.19
L09,2024-09-30,rev_snacks,3822.13
L09,2024-09-30,rev_whole_bean,5324.31
L09,2024-09-30,rev_brew_equipment,2548.42
L09,2024-09-30,rev_merchandise,1636.34
L09,2024-09-30,rev_gift_cards,2737.35
L09,2024-09-30,rev_catering,3509.93
L09,2024-09-30,rev_wholesale,2606.41
L09,2024-09-30,exp_coffee_beans,-23766.76
L09,2024-09-30,exp_dairy,-14563.03
L09,2024-09-30,exp_syrups,-4944.21
L09,2024-09-30,exp_food_ingredients,-9101.13
L09,2024-09-30,exp_packaging,-5603.12
L09,2024-09-30,exp_retail_cogs,-4014.01
L09,2024-09-30,exp_barista_wages,-31195.41
L09,2024-09-30,exp_shift_lead_wages,-10436.87
L09,2024-09-30,exp_store_manager_salary,-12101.66
L09,2024-09-30,exp_payroll_taxes,-5012.88
L09,2024-09-30,exp_employee_benefits,-4544.63
L09,2024-09-30,exp_overtime,-2229.38
L09,2024-09-30,exp_rent,-12184.1
L09,2024-09-30,exp_utilities,-2494.31
L09,2024-09-30,exp_property_insurance,-999.72
L09,2024-09-30,exp_cam,-1416.02
L09,2024-09-30,exp_property_tax,-1765.32
L09,2024-09-30,exp_marketing,-3166.17
L09,2024-09-30,exp_pos_software,-1039.76
L09,2024-09-30,exp_equipment_maintenance,-1233.71
L09,2024-09-30,exp_cleaning,-948.45
L09,2024-09-30,exp_cc_fees,-2623.24
L09,2024-09-30,exp_office_supplies,-529.89
L09,2024-09-30,exp_waste_removal,-609.24
L09,2024-09-30,exp_corporate_overhead,-4468.37
L09,2024-09-30,exp_training,-821.81
L09,2024-09-30,exp_general_liability_ins,-791.37
L09,2024-09-30,exp_bank_fees,-360.85
L09,2024-09-30,exp_depreciation,-2122.81
L09,2024-09-30,exp_professional_fees,-1260.2
L09,2024-10-31,rev_drip_coffee,21494.24
L09,2024-10-31,rev_espresso_drinks,32029.85
L09,2024-10-31,rev_cold_brew,14524.06
L09,2024-10-31,rev_specialty_seasonal,11180.71
L09,2024-10-31,rev_tea,5799.75
L09,2024-10-31,rev_pastries,11652.1
L09,2024-10-31,rev_sandwiches,10295.98
L09,2024-10-31,rev_breakfast,7300.23
L09,2024-10-31,rev_snacks,3793.46
L09,2024-10-31,rev_whole_bean,5529.83
L09,2024-10-31,rev_brew_equipment,2233.33
L09,2024-10-31,rev_merchandise,1501.69
L09,2024-10-31,rev_gift_cards,2626.32
L09,2024-10-31,rev_catering,3350.42
L09,2024-10-31,rev_wholesale,2852.04
L09,2024-10-31,exp_coffee_beans,-21696.76
L09,2024-10-31,exp_dairy,-13871.05
L09,2024-10-31,exp_syrups,-4944.17
L09,2024-10-31,exp_food_ingredients,-11312.82
L09,2024-10-31,exp_packaging,-5439.69
L09,2024-10-31,exp_retail_cogs,-3736.07
L09,2024-10-31,exp_barista_wages,-34338.26
L09,2024-10-31,exp_shift_lead_wages,-10263.62
L09,2024-10-31,exp_store_manager_salary,-12492.11
L09,2024-10-31,exp_payroll_taxes,-5619.37
L09,2024-10-31,exp_employee_benefits,-4143.7
L09,2024-10-31,exp_overtime,-2441.33
L09,2024-10-31,exp_rent,-12387.03
L09,2024-10-31,exp_utilities,-2444.66
L09,2024-10-31,exp_property_insurance,-993.59
L09,2024-10-31,exp_cam,-1370.89
L09,2024-10-31,exp_property_tax,-1716.52
L09,2024-10-31,exp_marketing,-2721.11
L09,2024-10-31,exp_pos_software,-830.39
L09,2024-10-31,exp_equipment_maintenance,-1507.85
L09,2024-10-31,exp_cleaning,-1084.23
L09,2024-10-31,exp_cc_fees,-2885.42
L09,2024-10-31,exp_office_supplies,-638.74
L09,2024-10-31,exp_waste_removal,-670.45
L09,2024-10-31,exp_corporate_overhead,-3491.79
L09,2024-10-31,exp_training,-865.8
L09,2024-10-31,exp_general_liability_ins,-751.35
L09,2024-10-31,exp_bank_fees,-320.52
L09,2024-10-31,exp_depreciation,-1929.3
L09,2024-10-31,exp_professional_fees,-954.4
L09,2024-11-30,rev_drip_coffee,24745.18
L09,2024-11-30,rev_espresso_drinks,38693.56
L09,2024-11-30,rev_cold_brew,17659.22
L09,2024-11-30,rev_specialty_seasonal,17836.34
L09,2024-11-30,rev_tea,6203.57
L09,2024-11-30,rev_pastries,13603.62
L09,2024-11-30,rev_sandwiches,11652.55
L09,2024-11-30,rev_breakfast,6508.77
L09,2024-11-30,rev_snacks,3800.2
L09,2024-11-30,rev_whole_bean,5066.22
L09,2024-11-30,rev_brew_equipment,1927.12
L09,2024-11-30,rev_merchandise,1432.35
L09,2024-11-30,rev_gift_cards,3124.94
L09,2024-11-30,rev_catering,3920.92
L09,2024-11-30,rev_wholesale,3022.27
L09,2024-11-30,exp_coffee_beans,-25403.65
L09,2024-11-30,exp_dairy,-13191.66
L09,2024-11-30,exp_syrups,-5216.47
L09,2024-11-30,exp_food_ingredients,-12385.1
L09,2024-11-30,exp_packaging,-5650.95
L09,2024-11-30,exp_retail_cogs,-3701.19
L09,2024-11-30,exp_barista_wages,-32023.38
L09,2024-11-30,exp_shift_lead_wages,-10965.94
L09,2024-11-30,exp_store_manager_salary,-12241.88
L09,2024-11-30,exp_payroll_taxes,-4944.02
L09,2024-11-30,exp_employee_benefits,-4984.71
L09,2024-11-30,exp_overtime,-2306.47
L09,2024-11-30,exp_rent,-12138.8
L09,2024-11-30,exp_utilities,-2450.25
L09,2024-11-30,exp_property_insurance,-995.44
L09,2024-11-30,exp_cam,-1394.74
L09,2024-11-30,exp_property_tax,-1742.13
L09,2024-11-30,exp_marketing,-3178.22
L09,2024-11-30,exp_pos_software,-932.15
L09,2024-11-30,exp_equipment_maintenance,-1335.59
L09,2024-11-30,exp_cleaning,-1147.09
L09,2024-11-30,exp_cc_fees,-2711.43
L09,2024-11-30,exp_office_supplies,-544.49
L09,2024-11-30,exp_waste_removal,-658.86
L09,2024-11-30,exp_corporate_overhead,-3711.0
L09,2024-11-30,exp_training,-821.19
L09,2024-11-30,exp_general_liability_ins,-737.01
L09,2024-11-30,exp_bank_fees,-363.56
L09,2024-11-30,exp_depreciation,-2581.68
L09,2024-11-30,exp_professional_fees,-1018.85
L09,2024-12-31,rev_drip_coffee,28341.3
L09,2024-12-31,rev_espresso_drinks,41908.22
L09,2024-12-31,rev_cold_brew,18156.16
L09,2024-12-31,rev_specialty_seasonal,18656.77
L09,2024-12-31,rev_tea,6883.71
L09,2024-12-31,rev_pastries,14362.62
L09,2024-12-31,rev_sandwiches,14467.42
L09,2024-12-31,rev_breakfast,8030.14
L09,2024-12-31,rev_snacks,4148.83
L09,2024-12-31,rev_whole_bean,6232.89
L09,2024-12-31,rev_brew_equipment,2789.75
L09,2024-12-31,rev_merchandise,1895.27
L09,2024-12-31,rev_gift_cards,3337.11
L09,2024-12-31,rev_catering,4264.73
L09,2024-12-31,rev_wholesale,3387.14
L09,2024-12-31,exp_coffee_beans,-28138.58
L09,2024-12-31,exp_dairy,-16814.68
L09,2024-12-31,exp_syrups,-5951.27
L09,2024-12-31,exp_food_ingredients,-13348.77
L09,2024-12-31,exp_packaging,-6393.23
L09,2024-12-31,exp_retail_cogs,-4816.05
L09,2024-12-31,exp_barista_wages,-33904.68
L09,2024-12-31,exp_shift_lead_wages,-12588.26
L09,2024-12-31,exp_store_manager_salary,-13564.65
L09,2024-12-31,exp_payroll_taxes,-5421.15
L09,2024-12-31,exp_employee_benefits,-4748.52
L09,2024-12-31,exp_overtime,-2808.03
L09,2024-12-31,exp_rent,-12112.83
L09,2024-12-31,exp_utilities,-2427.35
L09,2024-12-31,exp_property_insurance,-995.38
L09,2024-12-31,exp_cam,-1422.73
L09,2024-12-31,exp_property_tax,-1659.87
L09,2024-12-31,exp_marketing,-2406.96
L09,2024-12-31,exp_pos_software,-1021.64
L09,2024-12-31,exp_equipment_maintenance,-1452.6
L09,2024-12-31,exp_cleaning,-1018.53
L09,2024-12-31,exp_cc_fees,-2452.7
L09,2024-12-31,exp_office_supplies,-453.51
L09,2024-12-31,exp_waste_removal,-672.24
L09,2024-12-31,exp_corporate_overhead,-3450.54
L09,2024-12-31,exp_training,-769.64
L09,2024-12-31,exp_general_liability_ins,-776.68
L09,2024-12-31,exp_bank_fees,-319.98
L09,2024-12-31,exp_depreciation,-1962.44
L09,2024-12-31,exp_professional_fees,-801.75
L09,2025-01-31,rev_drip_coffee,22058.6
L09,2025-01-31,rev_espresso_drinks,31230.82
L09,2025-01-31,rev_cold_brew,13883.4
L09,2025-01-31,rev_specialty_seasonal,12183.19
L09,2025-01-31,rev_tea,5029.8
L09,2025-01-31,rev_pastries,11663.32
L09,2025-01-31,rev_sandwiches,10276.86
L09,2025-01-31,rev_breakfast,6853.18
L09,2025-01-31,rev_snacks,3590.68
L09,2025-01-31,rev_whole_bean,4541.99
L09,2025-01-31,rev_brew_equipment,2191.18
L09,2025-01-31,rev_merchandise,1335.24
L09,2025-01-31,rev_gift_cards,2373.1
L09,2025-01-31,rev_catering,3588.44
L09,2025-01-31,rev_wholesale,2469.0
L09,2025-01-31,exp_coffee_beans,-21287.19
L09,2025-01-31,exp_dairy,-13222.5
L09,2025-01-31,exp_syrups,-4458.99
L09,2025-01-31,exp_food_ingredients,-9754.49
L09,2025-01-31,exp_packaging,-4439.34
L09,2025-01-31,exp_retail_cogs,-3073.17
L09,2025-01-31,exp_barista_wages,-33761.92
L09,2025-01-31,exp_shift_lead_wages,-9482.98
L09,2025-01-31,exp_store_manager_salary,-10634.53
L09,2025-01-31,exp_payroll_taxes,-5043.92
L09,2025-01-31,exp_employee_benefits,-3763.38
L09,2025-01-31,exp_overtime,-2234.84
L09,2025-01-31,exp_rent,-11968.51
L09,2025-01-31,exp_utilities,-2431.44
L09,2025-01-31,exp_property_insurance,-973.71
L09,2025-01-31,exp_cam,-1362.5
L09,2025-01-31,exp_property_tax,-1755.38
L09,2025-01-31,exp_marketing,-2537.14
L09,2025-01-31,exp_pos_software,-1021.45
L09,2025-01-31,exp_equipment_maintenance,-1627.79
L09,2025-01-31,exp_cleaning,-1096.51
L09,2025-01-31,exp_cc_fees,-2503.32
L09,2025-01-31,exp_office_supplies,-538.78
L09,2025-01-31,exp_waste_removal,-614.47
L09,2025-01-31,exp_corporate_overhead,-4205.11
L09,2025-01-31,exp_training,-965.81
L09,2025-01-31,exp_general_liability_ins,-859.48
L09,2025-01-31,exp_bank_fees,-257.75
L09,2025-01-31,exp_depreciation,-2018.94
L09,2025-01-31,exp_professional_fees,-1001.28
L09,2025-02-28,rev_drip_coffee,21728.71
L09,2025-02-28,rev_espresso_drinks,26151.8
L09,2025-02-28,rev_cold_brew,12185.9
L09,2025-02-28,rev_specialty_seasonal,14348.64
L09,2025-02-28,rev_tea,4693.25
L09,2025-02-28,rev_pastries,9675.24
L09,2025-02-28,rev_sandwiches,9090.2
L09,2025-02-28,rev_breakfast,6109.58
L09,2025-02-28,rev_snacks,3104.8
L09,2025-02-28,rev_whole_bean,4566.09
L09,2025-02-28,rev_brew_equipment,1864.61
L09,2025-02-28,rev_merchandise,1119.03
L09,2025-02-28,rev_gift_cards,2575.46
L09,2025-02-28,rev_catering,3280.27
L09,2025-02-28,rev_wholesale,2531.56
L09,2025-02-28,exp_coffee_beans,-20247.96
L09,2025-02-28,exp_dairy,-13096.57
L09,2025-02-28,exp_syrups,-4420.56
L09,2025-02-28,exp_food_ingredients,-10274.2
L09,2025-02-28,exp_packaging,-4607.03
L09,2025-02-28,exp_retail_cogs,-3398.25
L09,2025-02-28,exp_barista_wages,-30372.56
L09,2025-02-28,exp_shift_lead_wages,-8893.84
L09,2025-02-28,exp_store_manager_salary,-10824.3
L09,2025-02-28,exp_payroll_taxes,-4709.36
L09,2025-02-28,exp_employee_benefits,-4036.12
L09,2025-02-28,exp_overtime,-2073.84
L09,2025-02-28,exp_rent,-12337.61
L09,2025-02-28,exp_utilities,-2517.72
L09,2025-02-28,exp_property_insurance,-1012.37
L09,2025-02-28,exp_cam,-1420.12
L09,2025-02-28,exp_property_tax,-1707.68
L09,2025-02-28,exp_marketing,-2626.3
L09,2025-02-28,exp_pos_software,-1022.31
L09,2025-02-28,exp_equipment_maintenance,-1572.87
L09,2025-02-28,exp_cleaning,-1039.17
L09,2025-02-28,exp_cc_fees,-2427.33
L09,2025-02-28,exp_office_supplies,-521.98
L09,2025-02-28,exp_waste_removal,-605.79
L09,2025-02-28,exp_corporate_overhead,-4325.67
L09,2025-02-28,exp_training,-838.94
L09,2025-02-28,exp_general_liability_ins,-751.75
L09,2025-02-28,exp_bank_fees,-297.78
L09,2025-02-28,exp_depreciation,-2267.22
L09,2025-02-28,exp_professional_fees,-939.65
L09,2025-03-31,rev_drip_coffee,21438.03
L09,2025-03-31,rev_espresso_drinks,34783.65
L09,2025-03-31,rev_cold_brew,15761.16
L09,2025-03-31,rev_specialty_seasonal,7734.66
L09,2025-03-31,rev_tea,5236.87
L09,2025-03-31,rev_pastries,11974.63
L09,2025-03-31,rev_sandwiches,10471.2
L09,2025-03-31,rev_breakfast,6477.83
L09,2025-03-31,rev_snacks,3068.44
L09,2025-03-31,rev_whole_bean,3740.6
L09,2025-03-31,rev_brew_equipment,2013.5
L09,2025-03-31,rev_merchandise,1435.65
L09,2025-03-31,rev_gift_cards,1851.98
L09,2025-03-31,rev_catering,3200.28
L09,2025-03-31,rev_wholesale,2375.99
L09,2025-03-31,exp_coffee_beans,-22171.39
L09,2025-03-31,exp_dairy,-14463.06
L09,2025-03-31,exp_syrups,-4584.77
L09,2025-03-31,exp_food_ingredients,-10433.58
L09,2025-03-31,exp_packaging,-5337.98
L09,2025-03-31,exp_retail_cogs,-3663.19
L09,2025-03-31,exp_barista_wages,-30535.89
L09,2025-03-31,exp_shift_lead_wages,-10127.15
L09,2025-03-31,exp_store_manager_salary,-11677.39
L09,2025-03-31,exp_payroll_taxes,-5178.72
L09,2025-03-31,exp_employee_benefits,-4077.37
L09,2025-03-31,exp_overtime,-2300.7
L09,2025-03-31,exp_rent,-12421.82
L09,2025-03-31,exp_utilities,-2485.33
L09,2025-03-31,exp_property_insurance,-1041.54
L09,2025-03-31,exp_cam,-1377.99
L09,2025-03-31,exp_property_tax,-1769.57
L09,2025-03-31,exp_marketing,-2947.82
L09,2025-03-31,exp_pos_software,-875.68
L09,2025-03-31,exp_equipment_maintenance,-1561.28
L09,2025-03-31,exp_cleaning,-1023.51
L09,2025-03-31,exp_cc_fees,-2588.99
L09,2025-03-31,exp_office_supplies,-505.84
L09,2025-03-31,exp_waste_removal,-632.66
L09,2025-03-31,exp_corporate_overhead,-4106.59
L09,2025-03-31,exp_training,-855.37
L09,2025-03-31,exp_general_liability_ins,-666.17
L09,2025-03-31,exp_bank_fees,-293.33
L09,2025-03-31,exp_depreciation,-2168.37
L09,2025-03-31,exp_professional_fees,-1035.22
L09,2025-04-30,rev_drip_coffee,22525.02
L09,2025-04-30,rev_espresso_drinks,38872.86
L09,2025-04-30,rev_cold_brew,17139.33
L09,2025-04-30,rev_specialty_seasonal,9671.19
L09,2025-04-30,rev_tea,5260.38
L09,2025-04-30,rev_pastries,12252.12
L09,2025-04-30,rev_sandwiches,11029.33
L09,2025-04-30,rev_breakfast,7408.95
L09,2025-04-30,rev_snacks,4074.17
L09,2025-04-30,rev_whole_bean,5104.63
L09,2025-04-30,rev_brew_equipment,2423.54
L09,2025-04-30,rev_merchandise,1575.14
L09,2025-04-30,rev_gift_cards,2639.52
L09,2025-04-30,rev_catering,3728.86
L09,2025-04-30,rev_wholesale,3096.18
L09,2025-04-30,exp_coffee_beans,-24200.88
L09,2025-04-30,exp_dairy,-13326.81
L09,2025-04-30,exp_syrups,-4713.73
L09,2025-04-30,exp_food_ingredients,-10882.74
L09,2025-04-30,exp_packaging,-5202.1
L09,2025-04-30,exp_retail_cogs,-3568.18
L09,2025-04-30,exp_barista_wages,-33139.49
L09,2025-04-30,exp_shift_lead_wages,-10082.15
L09,2025-04-30,exp_store_manager_salary,-10751.47
L09,2025-04-30,exp_payroll_taxes,-5165.03
L09,2025-04-30,exp_employee_benefits,-4186.14
L09,2025-04-30,exp_overtime,-2445.23
L09,2025-04-30,exp_rent,-11934.12
L09,2025-04-30,exp_utilities,-2434.41
L09,2025-04-30,exp_property_insurance,-1027.07
L09,2025-04-30,exp_cam,-1364.29
L09,2025-04-30,exp_property_tax,-1712.24
L09,2025-04-30,exp_marketing,-2723.15
L09,2025-04-30,exp_pos_software,-957.64
L09,2025-04-30,exp_equipment_maintenance,-1523.21
L09,2025-04-30,exp_cleaning,-1269.69
L09,2025-04-30,exp_cc_fees,-2167.63
L09,2025-04-30,exp_office_supplies,-578.32
L09,2025-04-30,exp_waste_removal,-480.11
L09,2025-04-30,exp_corporate_overhead,-4276.35
L09,2025-04-30,exp_training,-647.08
L09,2025-04-30,exp_general_liability_ins,-933.54
L09,2025-04-30,exp_bank_fees,-315.61
L09,2025-04-30,exp_depreciation,-2383.63
L09,2025-04-30,exp_professional_fees,-1109.38
L09,2025-05-31,rev_drip_coffee,24127.19
L09,2025-05-31,rev_espresso_drinks,35165.11
L09,2025-05-31,rev_cold_brew,15765.05
L09,2025-05-31,rev_specialty_seasonal,11363.07
L09,2025-05-31,rev_tea,5663.52
L09,2025-05-31,rev_pastries,12245.01
L09,2025-05-31,rev_sandwiches,12407.98
L09,2025-05-31,rev_breakfast,6561.64
L09,2025-05-31,rev_snacks,3861.18
L09,2025-05-31,rev_whole_bean,5390.66
L09,2025-05-31,rev_brew_equipment,2289.75
L09,2025-05-31,rev_merchandise,1490.71
L09,2025-05-31,rev_gift_cards,3097.4
L09,2025-05-31,rev_catering,3731.15
L09,2025-05-31,rev_wholesale,3014.18
L09,2025-05-31,exp_coffee_beans,-24588.94
L09,2025-05-31,exp_dairy,-14890.97
L09,2025-05-31,exp_syrups,-4858.18
L09,2025-05-31,exp_food_ingredients,-11841.84
L09,2025-05-31,exp_packaging,-5734.7
L09,2025-05-31,exp_retail_cogs,-3682.77
L09,2025-05-31,exp_barista_wages,-36287.6
L09,2025-05-31,exp_shift_lead_wages,-11050.48
L09,2025-05-31,exp_store_manager_salary,-11448.43
L09,2025-05-31,exp_payroll_taxes,-5027.95
L09,2025-05-31,exp_employee_benefits,-4413.85
L09,2025-05-31,exp_overtime,-2275.29
L09,2025-05-31,exp_rent,-12530.9
L09,2025-05-31,exp_utilities,-2478.72
L09,2025-05-31,exp_property_insurance,-1049.48
L09,2025-05-31,exp_cam,-1384.26
L09,2025-05-31,exp_property_tax,-1716.38
L09,2025-05-31,exp_marketing,-3171.65
L09,2025-05-31,exp_pos_software,-938.25
L09,2025-05-31,exp_equipment_maintenance,-1526.09
L09,2025-05-31,exp_cleaning,-1214.31
L09,2025-05-31,exp_cc_fees,-2436.88
L09,2025-05-31,exp_office_supplies,-464.62
L09,2025-05-31,exp_waste_removal,-547.65
L09,2025-05-31,exp_corporate_overhead,-3972.23
L09,2025-05-31,exp_training,-844.82
L09,2025-05-31,exp_general_liability_ins,-830.34
L09,2025-05-31,exp_bank_fees,-319.41
L09,2025-05-31,exp_depreciation,-1809.15
L09,2025-05-31,exp_professional_fees,-765.39
L09,2025-06-30,rev_drip_coffee,32785.21
L09,2025-06-30,rev_espresso_drinks,40248.98
L09,2025-06-30,rev_cold_brew,24597.47
L09,2025-06-30,rev_specialty_seasonal,11656.55
L09,2025-06-30,rev_tea,5536.91
L09,2025-06-30,rev_pastries,13088.31
L09,2025-06-30,rev_sandwiches,14459.54
L09,2025-06-30,rev_breakfast,7937.41
L09,2025-06-30,rev_snacks,3971.52
L09,2025-06-30,rev_whole_bean,5141.64
L09,2025-06-30,rev_brew_equipment,2468.51
L09,2025-06-30,rev_merchandise,1613.42
L09,2025-06-30,rev_gift_cards,3424.93
L09,2025-06-30,rev_catering,3985.07
L09,2025-06-30,rev_wholesale,2995.34
L09,2025-06-30,exp_coffee_beans,-26382.36
L09,2025-06-30,exp_dairy,-15736.07
L09,2025-06-30,exp_syrups,-5114.66
L09,2025-06-30,exp_food_ingredients,-12615.8
L09,2025-06-30,exp_packaging,-6404.83
L09,2025-06-30,exp_retail_cogs,-4344.02
L09,2025-06-30,exp_barista_wages,-32410.92
L09,2025-06-30,exp_shift_lead_wages,-10221.36
L09,2025-06-30,exp_store_manager_salary,-11251.6
L09,2025-06-30,exp_payroll_taxes,-5556.34
L09,2025-06-30,exp_employee_benefits,-4608.5
L09,2025-06-30,exp_overtime,-2446.14
L09,2025-06-30,exp_rent,-12671.28
L09,2025-06-30,exp_utilities,-2541.82
L09,2025-06-30,exp_property_insurance,-980.06
L09,2025-06-30,exp_cam,-1357.58
L09,2025-06-30,exp_property_tax,-1686.39
L09,2025-06-30,exp_marketing,-3257.78
L09,2025-06-30,exp_pos_software,-1055.97
L09,2025-06-30,exp_equipment_maintenance,-1726.89
L09,2025-06-30,exp_cleaning,-1095.82
L09,2025-06-30,exp_cc_fees,-2526.3
L09,2025-06-30,exp_office_supplies,-465.38
L09,2025-06-30,exp_waste_removal,-663.6
L09,2025-06-30,exp_corporate_overhead,-3679.62
L09,2025-06-30,exp_training,-794.12
L09,2025-06-30,exp_general_liability_ins,-872.11
L09,2025-06-30,exp_bank_fees,-324.26
L09,2025-06-30,exp_depreciation,-2392.2
L09,2025-06-30,exp_professional_fees,-841.92
L09,2025-07-31,rev_drip_coffee,33269.43
L09,2025-07-31,rev_espresso_drinks,38471.27
L09,2025-07-31,rev_cold_brew,26396.33
L09,2025-07-31,rev_specialty_seasonal,12519.17
L09,2025-07-31,rev_tea,6164.95
L09,2025-07-31,rev_pastries,15291.84
L09,2025-07-31,rev_sandwiches,13937.56
L09,2025-07-31,rev_breakfast,7300.55
L09,2025-07-31,rev_snacks,4099.54
L09,2025-07-31,rev_whole_bean,5875.12
L09,2025-07-31,rev_brew_equipment,2619.27
L09,2025-07-31,rev_merchandise,1888.93
L09,2025-07-31,rev_gift_cards,3191.21
L09,2025-07-31,rev_catering,4130.97
L09,2025-07-31,rev_wholesale,3563.84
L09,2025-07-31,exp_coffee_beans,-24388.4
L09,2025-07-31,exp_dairy,-15456.2
L09,2025-07-31,exp_syrups,-5691.66
L09,2025-07-31,exp_food_ingredients,-13406.55
L09,2025-07-31,exp_packaging,-6263.48
L09,2025-07-31,exp_retail_cogs,-4752.64
L09,2025-07-31,exp_barista_wages,-36387.67
L09,2025-07-31,exp_shift_lead_wages,-10411.93
L09,2025-07-31,exp_store_manager_salary,-12589.65
L09,2025-07-31,exp_payroll_taxes,-5830.92
L09,2025-07-31,exp_employee_benefits,-4473.2
L09,2025-07-31,exp_overtime,-2868.17
L09,2025-07-31,exp_rent,-11927.58
L09,2025-07-31,exp_utilities,-2517.99
L09,2025-07-31,exp_property_insurance,-1031.46
L09,2025-07-31,exp_cam,-1398.65
L09,2025-07-31,exp_property_tax,-1701.7
L09,2025-07-31,exp_marketing,-2793.52
L09,2025-07-31,exp_pos_software,-1048.32
L09,2025-07-31,exp_equipment_maintenance,-1411.4
L09,2025-07-31,exp_cleaning,-977.68
L09,2025-07-31,exp_cc_fees,-2877.25
L09,2025-07-31,exp_office_supplies,-552.94
L09,2025-07-31,exp_waste_removal,-705.8
L09,2025-07-31,exp_corporate_overhead,-4038.25
L09,2025-07-31,exp_training,-990.47
L09,2025-07-31,exp_general_liability_ins,-834.35
L09,2025-07-31,exp_bank_fees,-304.63
L09,2025-07-31,exp_depreciation,-2210.49
L09,2025-07-31,exp_professional_fees,-945.07
L09,2025-08-31,rev_drip_coffee,25239.15
L09,2025-08-31,rev_espresso_drinks,33645.06
L09,2025-08-31,rev_cold_brew,23349.74
L09,2025-08-31,rev_specialty_seasonal,11687.06
L09,2025-08-31,rev_tea,6108.82
L09,2025-08-31,rev_pastries,12520.19
L09,2025-08-31,rev_sandwiches,10944.61
L09,2025-08-31,rev_breakfast,8656.8
L09,2025-08-31,rev_snacks,4262.45
L09,2025-08-31,rev_whole_bean,5230.24
L09,2025-08-31,rev_brew_equipment,2622.17
L09,2025-08-31,rev_merchandise,1910.33
L09,2025-08-31,rev_gift_cards,3033.45
L09,2025-08-31,rev_catering,3087.75
L09,2025-08-31,rev_wholesale,3941.12
L09,2025-08-31,exp_coffee_beans,-23584.54
L09,2025-08-31,exp_dairy,-15096.35
L09,2025-08-31,exp_syrups,-5062.81
L09,2025-08-31,exp_food_ingredients,-11696.87
L09,2025-08-31,exp_packaging,-6016.26
L09,2025-08-31,exp_retail_cogs,-3798.32
L09,2025-08-31,exp_barista_wages,-33491.3
L09,2025-08-31,exp_shift_lead_wages,-11162.0
L09,2025-08-31,exp_store_manager_salary,-11735.8
L09,2025-08-31,exp_payroll_taxes,-5079.0
L09,2025-08-31,exp_employee_benefits,-4438.2
L09,2025-08-31,exp_overtime,-2505.57
L09,2025-08-31,exp_rent,-12052.85
L09,2025-08-31,exp_utilities,-2442.7
L09,2025-08-31,exp_property_insurance,-1027.06
L09,2025-08-31,exp_cam,-1424.23
L09,2025-08-31,exp_property_tax,-1683.58
L09,2025-08-31,exp_marketing,-2553.92
L09,2025-08-31,exp_pos_software,-982.82
L09,2025-08-31,exp_equipment_maintenance,-1342.3
L09,2025-08-31,exp_cleaning,-1114.26
L09,2025-08-31,exp_cc_fees,-2959.17
L09,2025-08-31,exp_office_supplies,-528.53
L09,2025-08-31,exp_waste_removal,-563.37
L09,2025-08-31,exp_corporate_overhead,-3900.42
L09,2025-08-31,exp_training,-798.76
L09,2025-08-31,exp_general_liability_ins,-739.38
L09,2025-08-31,exp_bank_fees,-344.02
L09,2025-08-31,exp_depreciation,-2257.1
L09,2025-08-31,exp_professional_fees,-1004.42
L09,2025-09-30,rev_drip_coffee,24167.99
L09,2025-09-30,rev_espresso_drinks,40979.08
L09,2025-09-30,rev_cold_brew,17990.37
L09,2025-09-30,rev_specialty_seasonal,11076.77
L09,2025-09-30,rev_tea,5754.39
L09,2025-09-30,rev_pastries,11704.97
L09,2025-09-30,rev_sandwiches,12599.04
L09,2025-09-30,rev_breakfast,6946.31
L09,2025-09-30,rev_snacks,3674.37
L09,2025-09-30,rev_whole_bean,5091.16
L09,2025-09-30,rev_brew_equipment,2163.6
L09,2025-09-30,rev_merchandise,1634.91
L09,2025-09-30,rev_gift_cards,2826.25
L09,2025-09-30,rev_catering,3738.3
L09,2025-09-30,rev_wholesale,3004.48
L09,2025-09-30,exp_coffee_beans,-23277.28
L09,2025-09-30,exp_dairy,-12637.72
L09,2025-09-30,exp_syrups,-4625.06
L09,2025-09-30,exp_food_ingredients,-10844.7
L09,2025-09-30,exp_packaging,-5254.91
L09,2025-09-30,exp_retail_cogs,-3985.77
L09,2025-09-30,exp_barista_wages,-33781.43
L09,2025-09-30,exp_shift_lead_wages,-9913.12
L09,2025-09-30,exp_store_manager_salary,-12824.65
L09,2025-09-30,exp_payroll_taxes,-5051.87
L09,2025-09-30,exp_employee_benefits,-4246.66
L09,2025-09-30,exp_overtime,-2439.07
L09,2025-09-30,exp_rent,-12464.52
L09,2025-09-30,exp_utilities,-2507.47
L09,2025-09-30,exp_property_insurance,-1019.22
L09,2025-09-30,exp_cam,-1360.89
L09,2025-09-30,exp_property_tax,-1689.28
L09,2025-09-30,exp_marketing,-3123.44
L09,2025-09-30,exp_pos_software,-768.37
L09,2025-09-30,exp_equipment_maintenance,-1685.19
L09,2025-09-30,exp_cleaning,-1149.4
L09,2025-09-30,exp_cc_fees,-2387.47
L09,2025-09-30,exp_office_supplies,-487.47
L09,2025-09-30,exp_waste_removal,-762.75
L09,2025-09-30,exp_corporate_overhead,-4282.99
L09,2025-09-30,exp_training,-803.49
L09,2025-09-30,exp_general_liability_ins,-760.75
L09,2025-09-30,exp_bank_fees,-307.19
L09,2025-09-30,exp_depreciation,-2139.66
L09,2025-09-30,exp_professional_fees,-933.42
L09,2025-10-31,rev_drip_coffee,23660.08
L09,2025-10-31,rev_espresso_drinks,39477.04
L09,2025-10-31,rev_cold_brew,15968.98
L09,2025-10-31,rev_specialty_seasonal,9327.13
L09,2025-10-31,rev_tea,4972.69
L09,2025-10-31,rev_pastries,12606.47
L09,2025-10-31,rev_sandwiches,10640.44
L09,2025-10-31,rev_breakfast,6865.21
L09,2025-10-31,rev_snacks,3287.4
L09,2025-10-31,rev_whole_bean,5371.44
L09,2025-10-31,rev_brew_equipment,2103.89
L09,2025-10-31,rev_merchandise,1483.32
L09,2025-10-31,rev_gift_cards,2556.17
L09,2025-10-31,rev_catering,4109.12
L09,2025-10-31,rev_wholesale,2996.24
L09,2025-10-31,exp_coffee_beans,-25922.98
L09,2025-10-31,exp_dairy,-14255.57
L09,2025-10-31,exp_syrups,-5226.79
L09,2025-10-31,exp_food_ingredients,-10926.79
L09,2025-10-31,exp_packaging,-5485.8
L09,2025-10-31,exp_retail_cogs,-4086.59
L09,2025-10-31,exp_barista_wages,-33577.1
L09,2025-10-31,exp_shift_lead_wages,-10191.53
L09,2025-10-31,exp_store_manager_salary,-11460.95
L09,2025-10-31,exp_payroll_taxes,-5190.86
L09,2025-10-31,exp_employee_benefits,-4521.88
L09,2025-10-31,exp_overtime,-2614.15
L09,2025-10-31,exp_rent,-12053.43
L09,2025-10-31,exp_utilities,-2464.95
L09,2025-10-31,exp_property_insurance,-998.12
L09,2025-10-31,exp_cam,-1430.82
L09,2025-10-31,exp_property_tax,-1688.26
L09,2025-10-31,exp_marketing,-3045.09
L09,2025-10-31,exp_pos_software,-1022.5
L09,2025-10-31,exp_equipment_maintenance,-1404.68
L09,2025-10-31,exp_cleaning,-1265.89
L09,2025-10-31,exp_cc_fees,-2203.04
L09,2025-10-31,exp_office_supplies,-619.95
L09,2025-10-31,exp_waste_removal,-661.63
L09,2025-10-31,exp_corporate_overhead,-2975.03
L09,2025-10-31,exp_training,-942.66
L09,2025-10-31,exp_general_liability_ins,-823.63
L09,2025-10-31,exp_bank_fees,-314.35
L09,2025-10-31,exp_depreciation,-1907.53
L09,2025-10-31,exp_professional_fees,-843.82
L09,2025-11-30,rev_drip_coffee,30683.42
L09,2025-11-30,rev_espresso_drinks,34490.58
L09,2025-11-30,rev_cold_brew,15622.6
L09,2025-11-30,rev_specialty_seasonal,16284.68
L09,2025-11-30,rev_tea,5239.53
L09,2025-11-30,rev_pastries,12419.59
L09,2025-11-30,rev_sandwiches,13210.54
L09,2025-11-30,rev_breakfast,7541.01
L09,2025-11-30,rev_snacks,3952.77
L09,2025-11-30,rev_whole_bean,5505.63
L09,2025-11-30,rev_brew_equipment,2394.89
L09,2025-11-30,rev_merchandise,1588.15
L09,2025-11-30,rev_gift_cards,2664.53
L09,2025-11-30,rev_catering,3720.4
L09,2025-11-30,rev_wholesale,3036.19
L09,2025-11-30,exp_coffee_beans,-24588.88
L09,2025-11-30,exp_dairy,-15757.82
L09,2025-11-30,exp_syrups,-5472.28
L09,2025-11-30,exp_food_ingredients,-11369.5
L09,2025-11-30,exp_packaging,-5476.24
L09,2025-11-30,exp_retail_cogs,-4127.32
L09,2025-11-30,exp_barista_wages,-37615.83
L09,2025-11-30,exp_shift_lead_wages,-9692.88
L09,2025-11-30,exp_store_manager_salary,-12108.88
L09,2025-11-30,exp_payroll_taxes,-5510.32
L09,2025-11-30,exp_employee_benefits,-4398.22
L09,2025-11-30,exp_overtime,-2460.21
L09,2025-11-30,exp_rent,-12479.86
L09,2025-11-30,exp_utilities,-2524.91
L09,2025-11-30,exp_property_insurance,-1033.7
L09,2025-11-30,exp_cam,-1424.06
L09,2025-11-30,exp_property_tax,-1751.0
L09,2025-11-30,exp_marketing,-3260.94
L09,2025-11-30,exp_pos_software,-1098.65
L09,2025-11-30,exp_equipment_maintenance,-1831.05
L09,2025-11-30,exp_cleaning,-1227.96
L09,2025-11-30,exp_cc_fees,-2407.62
L09,2025-11-30,exp_office_supplies,-576.76
L09,2025-11-30,exp_waste_removal,-686.73
L09,2025-11-30,exp_corporate_overhead,-4473.99
L09,2025-11-30,exp_training,-734.55
L09,2025-11-30,exp_general_liability_ins,-792.53
L09,2025-11-30,exp_bank_fees,-306.04
L09,2025-11-30,exp_depreciation,-2219.41
L09,2025-11-30,exp_professional_fees,-979.37
L09,2025-12-31,rev_drip_coffee,30162.02
L09,2025-12-31,rev_espresso_drinks,37322.71
L09,2025-12-31,rev_cold_brew,20878.15
L09,2025-12-31,rev_specialty_seasonal,18306.53
L09,2025-12-31,rev_tea,6894.14
L09,2025-12-31,rev_pastries,17600.45
L09,2025-12-31,rev_sandwiches,13399.8
L09,2025-12-31,rev_breakfast,8438.42
L09,2025-12-31,rev_snacks,4644.55
L09,2025-12-31,rev_whole_bean,6308.61
L09,2025-12-31,rev_brew_equipment,3303.12
L09,2025-12-31,rev_merchandise,1812.17
L09,2025-12-31,rev_gift_cards,3059.81
L09,2025-12-31,rev_catering,5066.9
L09,2025-12-31,rev_wholesale,3517.18
L09,2025-12-31,exp_coffee_beans,-26509.13
L09,2025-12-31,exp_dairy,-16290.82
L09,2025-12-31,exp_syrups,-5581.44
L09,2025-12-31,exp_food_ingredients,-12258.93
L09,2025-12-31,exp_packaging,-6459.61
L09,2025-12-31,exp_retail_cogs,-4682.8
L09,2025-12-31,exp_barista_wages,-38404.93
L09,2025-12-31,exp_shift_lead_wages,-11542.59
L09,2025-12-31,exp_store_manager_salary,-13626.67
L09,2025-12-31,exp_payroll_taxes,-5585.48
L09,2025-12-31,exp_employee_benefits,-5019.91
L09,2025-12-31,exp_overtime,-2951.27
L09,2025-12-31,exp_rent,-12294.33
L09,2025-12-31,exp_utilities,-2523.31
L09,2025-12-31,exp_property_insurance,-990.79
L09,2025-12-31,exp_cam,-1437.15
L09,2025-12-31,exp_property_tax,-1781.51
L09,2025-12-31,exp_marketing,-2905.85
L09,2025-12-31,exp_pos_software,-911.96
L09,2025-12-31,exp_equipment_maintenance,-1461.6
L09,2025-12-31,exp_cleaning,-1048.67
L09,2025-12-31,exp_cc_fees,-2487.35
L09,2025-12-31,exp_office_supplies,-566.16
L09,2025-12-31,exp_waste_removal,-659.1
L09,2025-12-31,exp_corporate_overhead,-4130.05
L09,2025-12-31,exp_training,-843.37
L09,2025-12-31,exp_general_liability_ins,-685.79
L09,2025-12-31,exp_bank_fees,-311.97
L09,2025-12-31,exp_depreciation,-1992.38
L09,2025-12-31,exp_professional_fees,-982.2
L10,2023-01-31,rev_drip_coffee,15031.0
L10,2023-01-31,rev_espresso_drinks,20084.88
L10,2023-01-31,rev_cold_brew,8868.45
L10,2023-01-31,rev_specialty_seasonal,7181.0
L10,2023-01-31,rev_tea,3101.49
L10,2023-01-31,rev_pastries,6382.27
L10,2023-01-31,rev_sandwiches,6992.17
L10,2023-01-31,rev_breakfast,3203.11
L10,2023-01-31,rev_snacks,2125.2
L10,2023-01-31,rev_whole_bean,2584.57
L10,2023-01-31,rev_brew_equipment,1254.04
L10,2023-01-31,rev_merchandise,849.77
L10,2023-01-31,rev_gift_cards,1551.55
L10,2023-01-31,rev_catering,1962.56
L10,2023-01-31,rev_wholesale,1711.83
L10,2023-01-31,exp_coffee_beans,-7942.29
L10,2023-01-31,exp_dairy,-4880.68
L10,2023-01-31,exp_syrups,-1781.46
L10,2023-01-31,exp_food_ingredients,-3903.08
L10,2023-01-31,exp_packaging,-1825.39
L10,2023-01-31,exp_retail_cogs,-1320.61
L10,2023-01-31,exp_barista_wages,-15918.1
L10,2023-01-31,exp_shift_lead_wages,-4348.25
L10,2023-01-31,exp_store_manager_salary,-5195.66
L10,2023-01-31,exp_payroll_taxes,-2558.1
L10,2023-01-31,exp_employee_benefits,-1941.63
L10,2023-01-31,exp_overtime,-1040.18
L10,2023-01-31,exp_rent,-7978.92
L10,2023-01-31,exp_utilities,-1558.6
L10,2023-01-31,exp_property_insurance,-644.84
L10,2023-01-31,exp_cam,-885.32
L10,2023-01-31,exp_property_tax,-1089.11
L10,2023-01-31,exp_marketing,-1634.25
L10,2023-01-31,exp_pos_software,-661.65
L10,2023-01-31,exp_equipment_maintenance,-956.71
L10,2023-01-31,exp_cleaning,-765.8
L10,2023-01-31,exp_cc_fees,-1543.33
L10,2023-01-31,exp_office_supplies,-410.88
L10,2023-01-31,exp_waste_removal,-330.59
L10,2023-01-31,exp_corporate_overhead,-2011.55
L10,2023-01-31,exp_training,-608.73
L10,2023-01-31,exp_general_liability_ins,-500.76
L10,2023-01-31,exp_bank_fees,-216.31
L10,2023-01-31,exp_depreciation,-1402.63
L10,2023-01-31,exp_professional_fees,-673.87
L10,2023-02-28,rev_drip_coffee,13014.12
L10,2023-02-28,rev_espresso_drinks,16984.3
L10,2023-02-28,rev_cold_brew,9152.0
L10,2023-02-28,rev_specialty_seasonal,8296.27
L10,2023-02-28,rev_tea,3320.67
L10,2023-02-28,rev_pastries,7601.64
L10,2023-02-28,rev_sandwiches,6207.79
L10,2023-02-28,rev_breakfast,3240.76
L10,2023-02-28,rev_snacks,2301.83
L10,2023-02-28,rev_whole_bean,2495.85
L10,2023-02-28,rev_brew_equipment,1260.29
L10,2023-02-28,rev_merchandise,772.65
L10,2023-02-28,rev_gift_cards,1354.1
L10,2023-02-28,rev_catering,2046.22
L10,2023-02-28,rev_wholesale,1608.57
L10,2023-02-28,exp_coffee_beans,-8237.95
L10,2023-02-28,exp_dairy,-4522.07
L10,2023-02-28,exp_syrups,-1644.31
L10,2023-02-28,exp_food_ingredients,-3609.57
L10,2023-02-28,exp_packaging,-1815.11
L10,2023-02-28,exp_retail_cogs,-1301.76
L10,2023-02-28,exp_barista_wages,-16507.39
L10,2023-02-28,exp_shift_lead_wages,-4537.59
L10,2023-02-28,exp_store_manager_salary,-4760.1
L10,2023-02-28,exp_payroll_taxes,-2650.49
L10,2023-02-28,exp_employee_benefits,-2028.67
L10,2023-02-28,exp_overtime,-1119.94
L10,2023-02-28,exp_rent,-7701.1
L10,2023-02-28,exp_utilities,-1563.47
L10,2023-02-28,exp_property_insurance,-672.51
L10,2023-02-28,exp_cam,-897.36
L10,2023-02-28,exp_property_tax,-1057.55
L10,2023-02-28,exp_marketing,-1851.61
L10,2023-02-28,exp_pos_software,-692.02
L10,2023-02-28,exp_equipment_maintenance,-961.03
L10,2023-02-28,exp_cleaning,-634.36
L10,2023-02-28,exp_cc_fees,-1480.57
L10,2023-02-28,exp_office_supplies,-307.59
L10,2023-02-28,exp_waste_removal,-470.51
L10,2023-02-28,exp_corporate_overhead,-2373.34
L10,2023-02-28,exp_training,-430.99
L10,2023-02-28,exp_general_liability_ins,-496.46
L10,2023-02-28,exp_bank_fees,-212.12
L10,2023-02-28,exp_depreciation,-1284.28
L10,2023-02-28,exp_professional_fees,-572.41
L10,2023-03-31,rev_drip_coffee,12552.55
L10,2023-03-31,rev_espresso_drinks,21598.17
L10,2023-03-31,rev_cold_brew,9456.65
L10,2023-03-31,rev_specialty_seasonal,6091.26
L10,2023-03-31,rev_tea,3280.17
L10,2023-03-31,rev_pastries,7379.85
L10,2023-03-31,rev_sandwiches,6284.32
L10,2023-03-31,rev_breakfast,3815.65
L10,2023-03-31,rev_snacks,2379.14
L10,2023-03-31,rev_whole_bean,3265.26
L10,2023-03-31,rev_brew_equipment,1195.2
L10,2023-03-31,rev_merchandise,837.42
L10,2023-03-31,rev_gift_cards,1615.62
L10,2023-03-31,rev_catering,2395.14
L10,2023-03-31,rev_wholesale,1946.01
L10,2023-03-31,exp_coffee_beans,-8325.74
L10,2023-03-31,exp_dairy,-5413.8
L10,2023-03-31,exp_syrups,-1795.94
L10,2023-03-31,exp_food_ingredients,-4264.26
L10,2023-03-31,exp_packaging,-2057.2
L10,2023-03-31,exp_retail_cogs,-1324.36
L10,2023-03-31,exp_barista_wages,-15863.2
L10,2023-03-31,exp_shift_lead_wages,-5049.82
L10,2023-03-31,exp_store_manager_salary,-5630.37
L10,2023-03-31,exp_payroll_taxes,-2489.67
L10,2023-03-31,exp_employee_benefits,-1848.58
L10,2023-03-31,exp_overtime,-1214.15
L10,2023-03-31,exp_rent,-7801.47
L10,2023-03-31,exp_utilities,-1564.25
L10,2023-03-31,exp_property_insurance,-643.2
L10,2023-03-31,exp_cam,-899.2
L10,2023-03-31,exp_property_tax,-1083.39
L10,2023-03-31,exp_marketing,-1793.33
L10,2023-03-31,exp_pos_software,-509.47
L10,2023-03-31,exp_equipment_maintenance,-1073.91
L10,2023-03-31,exp_cleaning,-698.33
L10,2023-03-31,exp_cc_fees,-1462.78
L10,2023-03-31,exp_office_supplies,-255.35
L10,2023-03-31,exp_waste_removal,-450.4
L10,2023-03-31,exp_corporate_overhead,-2523.88
L10,2023-03-31,exp_training,-528.85
L10,2023-03-31,exp_general_liability_ins,-519.38
L10,2023-03-31,exp_bank_fees,-227.17
L10,2023-03-31,exp_depreciation,-1370.78
L10,2023-03-31,exp_professional_fees,-621.25
L10,2023-04-30,rev_drip_coffee,13960.46
L10,2023-04-30,rev_espresso_drinks,21620.99
L10,2023-04-30,rev_cold_brew,10852.01
L10,2023-04-30,rev_specialty_seasonal,6124.55
L10,2023-04-30,rev_tea,3786.51
L10,2023-04-30,rev_pastries,7795.8
L10,2023-04-30,rev_sandwiches,7081.91
L10,2023-04-30,rev_breakfast,4869.46
L10,2023-04-30,rev_snacks,2593.75
L10,2023-04-30,rev_whole_bean,3502.33
L10,2023-04-30,rev_brew_equipment,1305.46
L10,2023-04-30,rev_merchandise,1053.64
L10,2023-04-30,rev_gift_cards,1583.17
L10,2023-04-30,rev_catering,2151.39
L10,2023-04-30,rev_wholesale,1483.16
L10,2023-04-30,exp_coffee_beans,-9275.99
L10,2023-04-30,exp_dairy,-5067.02
L10,2023-04-30,exp_syrups,-1923.42
L10,2023-04-30,exp_food_ingredients,-4018.16
L10,2023-04-30,exp_packaging,-2270.62
L10,2023-04-30,exp_retail_cogs,-1529.15
L10,2023-04-30,exp_barista_wages,-17858.04
L10,2023-04-30,exp_shift_lead_wages,-4572.78
L10,2023-04-30,exp_store_manager_salary,-6302.66
L10,2023-04-30,exp_payroll_taxes,-2305.44
L10,2023-04-30,exp_employee_benefits,-2113.99
L10,2023-04-30,exp_overtime,-1147.88
L10,2023-04-30,exp_rent,-7699.43
L10,2023-04-30,exp_utilities,-1577.18
L10,2023-04-30,exp_property_insurance,-635.58
L10,2023-04-30,exp_cam,-873.84
L10,2023-04-30,exp_property_tax,-1085.94
L10,2023-04-30,exp_marketing,-1813.66
L10,2023-04-30,exp_pos_software,-689.4
L10,2023-04-30,exp_equipment_maintenance,-974.17
L10,2023-04-30,exp_cleaning,-778.55
L10,2023-04-30,exp_cc_fees,-1400.52
L10,2023-04-30,exp_office_supplies,-323.99
L10,2023-04-30,exp_waste_removal,-437.41
L10,2023-04-30,exp_corporate_overhead,-2472.51
L10,2023-04-30,exp_training,-473.33
L10,2023-04-30,exp_general_liability_ins,-522.75
L10,2023-04-30,exp_bank_fees,-198.05
L10,2023-04-30,exp_depreciation,-1240.11
L10,2023-04-30,exp_professional_fees,-668.5
L10,2023-05-31,rev_drip_coffee,15172.03
L10,2023-05-31,rev_espresso_drinks,21043.7
L10,2023-05-31,rev_cold_brew,9792.55
L10,2023-05-31,rev_specialty_seasonal,5929.21
L10,2023-05-31,rev_tea,3443.25
L10,2023-05-31,rev_pastries,8647.77
L10,2023-05-31,rev_sandwiches,7357.41
L10,2023-05-31,rev_breakfast,4616.74
L10,2023-05-31,rev_snacks,2504.72
L10,2023-05-31,rev_whole_bean,3083.28
L10,2023-05-31,rev_brew_equipment,1270.99
L10,2023-05-31,rev_merchandise,871.46
L10,2023-05-31,rev_gift_cards,1583.47
L10,2023-05-31,rev_catering,2163.04
L10,2023-05-31,rev_wholesale,2030.24
L10,2023-05-31,exp_coffee_beans,-10048.52
L10,2023-05-31,exp_dairy,-6247.16
L10,2023-05-31,exp_syrups,-1903.61
L10,2023-05-31,exp_food_ingredients,-4836.98
L10,2023-05-31,exp_packaging,-2361.57
L10,2023-05-31,exp_retail_cogs,-1544.37
L10,2023-05-31,exp_barista_wages,-16518.2
L10,2023-05-31,exp_shift_lead_wages,-5352.02
L10,2023-05-31,exp_store_manager_salary,-5875.27
L10,2023-05-31,exp_payroll_taxes,-2621.46
L10,2023-05-31,exp_employee_benefits,-2054.45
L10,2023-05-31,exp_overtime,-1047.15
L10,2023-05-31,exp_rent,-7779.98
L10,2023-05-31,exp_utilities,-1571.02
L10,2023-05-31,exp_property_insurance,-633.5
L10,2023-05-31,exp_cam,-904.0
L10,2023-05-31,exp_property_tax,-1063.83
L10,2023-05-31,exp_marketing,-1937.37
L10,2023-05-31,exp_pos_software,-647.4
L10,2023-05-31,exp_equipment_maintenance,-908.36
L10,2023-05-31,exp_cleaning,-692.81
L10,2023-05-31,exp_cc_fees,-1447.84
L10,2023-05-31,exp_office_supplies,-364.06
L10,2023-05-31,exp_waste_removal,-416.02
L10,2023-05-31,exp_corporate_overhead,-2453.07
L10,2023-05-31,exp_training,-543.93
L10,2023-05-31,exp_general_liability_ins,-447.38
L10,2023-05-31,exp_bank_fees,-177.39
L10,2023-05-31,exp_depreciation,-1473.36
L10,2023-05-31,exp_professional_fees,-681.36
L10,2023-06-30,rev_drip_coffee,15482.74
L10,2023-06-30,rev_espresso_drinks,24193.34
L10,2023-06-30,rev_cold_brew,16244.06
L10,2023-06-30,rev_specialty_seasonal,7546.49
L10,2023-06-30,rev_tea,3621.58
L10,2023-06-30,rev_pastries,7468.44
L10,2023-06-30,rev_sandwiches,6886.19
L10,2023-06-30,rev_breakfast,4459.71
L10,2023-06-30,rev_snacks,2865.93
L10,2023-06-30,rev_whole_bean,3256.68
L10,2023-06-30,rev_brew_equipment,1487.27
L10,2023-06-30,rev_merchandise,954.45
L10,2023-06-30,rev_gift_cards,1708.96
L10,2023-06-30,rev_catering,2452.01
L10,2023-06-30,rev_wholesale,1802.37
L10,2023-06-30,exp_coffee_beans,-10776.57
L10,2023-06-30,exp_dairy,-5956.62
L10,2023-06-30,exp_syrups,-2372.82
L10,2023-06-30,exp_food_ingredients,-4497.48
L10,2023-06-30,exp_packaging,-2518.85
L10,2023-06-30,exp_retail_cogs,-1782.63
L10,2023-06-30,exp_barista_wages,-16146.65
L10,2023-06-30,exp_shift_lead_wages,-5012.63
L10,2023-06-30,exp_store_manager_salary,-5741.42
L10,2023-06-30,exp_payroll_taxes,-2575.62
L10,2023-06-30,exp_employee_benefits,-2200.35
L10,2023-06-30,exp_overtime,-1258.95
L10,2023-06-30,exp_rent,-7520.06
L10,2023-06-30,exp_utilities,-1666.75
L10,2023-06-30,exp_property_insurance,-644.06
L10,2023-06-30,exp_cam,-897.6
L10,2023-06-30,exp_property_tax,-1081.91
L10,2023-06-30,exp_marketing,-1744.98
L10,2023-06-30,exp_pos_software,-595.44
L10,2023-06-30,exp_equipment_maintenance,-945.95
L10,2023-06-30,exp_cleaning,-696.2
L10,2023-06-30,exp_cc_fees,-1775.72
L10,2023-06-30,exp_office_supplies,-346.34
L10,2023-06-30,exp_waste_removal,-437.13
L10,2023-06-30,exp_corporate_overhead,-2388.13
L10,2023-06-30,exp_training,-529.91
L10,2023-06-30,exp_general_liability_ins,-466.56
L10,2023-06-30,exp_bank_fees,-230.15
L10,2023-06-30,exp_depreciation,-1388.02
L10,2023-06-30,exp_professional_fees,-627.38
L10,2023-07-31,rev_drip_coffee,16359.11
L10,2023-07-31,rev_espresso_drinks,23843.9
L10,2023-07-31,rev_cold_brew,15191.0
L10,2023-07-31,rev_specialty_seasonal,7069.67
L10,2023-07-31,rev_tea,3720.36
L10,2023-07-31,rev_pastries,9237.99
L10,2023-07-31,rev_sandwiches,8427.07
L10,2023-07-31,rev_breakfast,5366.48
L10,2023-07-31,rev_snacks,2507.28
L10,2023-07-31,rev_whole_bean,3740.16
L10,2023-07-31,rev_brew_equipment,1358.69
L10,2023-07-31,rev_merchandise,1099.26
L10,2023-07-31,rev_gift_cards,1619.14
L10,2023-07-31,rev_catering,2321.52
L10,2023-07-31,rev_wholesale,2116.58
L10,2023-07-31,exp_coffee_beans,-10169.98
L10,2023-07-31,exp_dairy,-5927.18
L10,2023-07-31,exp_syrups,-2115.14
L10,2023-07-31,exp_food_ingredients,-5084.78
L10,2023-07-31,exp_packaging,-2284.11
L10,2023-07-31,exp_retail_cogs,-1706.7
L10,2023-07-31,exp_barista_wages,-16386.26
L10,2023-07-31,exp_shift_lead_wages,-5455.76
L10,2023-07-31,exp_store_manager_salary,-6468.19
L10,2023-07-31,exp_payroll_taxes,-2455.33
L10,2023-07-31,exp_employee_benefits,-2368.3
L10,2023-07-31,exp_overtime,-1226.79
L10,2023-07-31,exp_rent,-7805.75
L10,2023-07-31,exp_utilities,-1563.72
L10,2023-07-31,exp_property_insurance,-652.22
L10,2023-07-31,exp_cam,-942.17
L10,2023-07-31,exp_property_tax,-1098.42
L10,2023-07-31,exp_marketing,-1710.41
L10,2023-07-31,exp_pos_software,-603.2
L10,2023-07-31,exp_equipment_maintenance,-807.22
L10,2023-07-31,exp_cleaning,-798.25
L10,2023-07-31,exp_cc_fees,-1694.87
L10,2023-07-31,exp_office_supplies,-303.13
L10,2023-07-31,exp_waste_removal,-366.87
L10,2023-07-31,exp_corporate_overhead,-2394.12
L10,2023-07-31,exp_training,-566.21
L10,2023-07-31,exp_general_liability_ins,-423.07
L10,2023-07-31,exp_bank_fees,-232.45
L10,2023-07-31,exp_depreciation,-1332.32
L10,2023-07-31,exp_professional_fees,-578.16
L10,2023-08-31,rev_drip_coffee,15292.27
L10,2023-08-31,rev_espresso_drinks,26226.78
L10,2023-08-31,rev_cold_brew,12885.42
L10,2023-08-31,rev_specialty_seasonal,6395.19
L10,2023-08-31,rev_tea,4009.03
L10,2023-08-31,rev_pastries,8471.0
L10,2023-08-31,rev_sandwiches,7081.33
L10,2023-08-31,rev_breakfast,4838.81
L10,2023-08-31,rev_snacks,2724.03
L10,2023-08-31,rev_whole_bean,3486.5
L10,2023-08-31,rev_brew_equipment,1458.74
L10,2023-08-31,rev_merchandise,949.92
L10,2023-08-31,rev_gift_cards,1792.94
L10,2023-08-31,rev_catering,2157.41
L10,2023-08-31,rev_wholesale,2181.62
L10,2023-08-31,exp_coffee_beans,-10893.28
L10,2023-08-31,exp_dairy,-5823.4
L10,2023-08-31,exp_syrups,-2110.35
L10,2023-08-31,exp_food_ingredients,-4970.73
L10,2023-08-31,exp_packaging,-2515.77
L10,2023-08-31,exp_retail_cogs,-1764.36
L10,2023-08-31,exp_barista_wages,-14705.23
L10,2023-08-31,exp_shift_lead_wages,-4994.2
L10,2023-08-31,exp_store_manager_salary,-6206.6
L10,2023-08-31,exp_payroll_taxes,-2621.03
L10,2023-08-31,exp_employee_benefits,-2415.04
L10,2023-08-31,exp_overtime,-1368.55
L10,2023-08-31,exp_rent,-7642.25
L10,2023-08-31,exp_utilities,-1588.47
L10,2023-08-31,exp_property_insurance,-637.71
L10,2023-08-31,exp_cam,-892.93
L10,2023-08-31,exp_property_tax,-1090.69
L10,2023-08-31,exp_marketing,-1963.94
L10,2023-08-31,exp_pos_software,-562.67
L10,2023-08-31,exp_equipment_maintenance,-698.62
L10,2023-08-31,exp_cleaning,-585.35
L10,2023-08-31,exp_cc_fees,-1474.45
L10,2023-08-31,exp_office_supplies,-316.45
L10,2023-08-31,exp_waste_removal,-416.02
L10,2023-08-31,exp_corporate_overhead,-2132.35
L10,2023-08-31,exp_training,-455.21
L10,2023-08-31,exp_general_liability_ins,-433.66
L10,2023-08-31,exp_bank_fees,-185.83
L10,2023-08-31,exp_depreciation,-1270.08
L10,2023-08-31,exp_professional_fees,-599.38
L10,2023-09-30,rev_drip_coffee,15543.33
L10,2023-09-30,rev_espresso_drinks,19646.03
L10,2023-09-30,rev_cold_brew,9671.48
L10,2023-09-30,rev_specialty_seasonal,6024.25
L10,2023-09-30,rev_tea,3677.76
L10,2023-09-30,rev_pastries,7625.92
L10,2023-09-30,rev_sandwiches,7599.29
L10,2023-09-30,rev_breakfast,3781.39
L10,2023-09-30,rev_snacks,2327.46
L10,2023-09-30,rev_whole_bean,3004.35
L10,2023-09-30,rev_brew_equipment,1282.82
L10,2023-09-30,rev_merchandise,909.42
L10,2023-09-30,rev_gift_cards,1850.87
L10,2023-09-30,rev_catering,2082.58
L10,2023-09-30,rev_wholesale,1810.06
L10,2023-09-30,exp_coffee_beans,-8698.81
L10,2023-09-30,exp_dairy,-5065.66
L10,2023-09-30,exp_syrups,-1846.96
L10,2023-09-30,exp_food_ingredients,-4253.34
L10,2023-09-30,exp_packaging,-2081.93
L10,2023-09-30,exp_retail_cogs,-1500.72
L10,2023-09-30,exp_barista_wages,-14282.63
L10,2023-09-30,exp_shift_lead_wages,-4730.96
L10,2023-09-30,exp_store_manager_salary,-5993.6
L10,2023-09-30,exp_payroll_taxes,-2395.7
L10,2023-09-30,exp_employee_benefits,-2061.78
L10,2023-09-30,exp_overtime,-1224.97
L10,2023-09-30,exp_rent,-7647.48
L10,2023-09-30,exp_utilities,-1604.53
L10,2023-09-30,exp_property_insurance,-627.72
L10,2023-09-30,exp_cam,-912.36
L10,2023-09-30,exp_property_tax,-1103.65
L10,2023-09-30,exp_marketing,-1802.83
L10,2023-09-30,exp_pos_software,-687.0
L10,2023-09-30,exp_equipment_maintenance,-915.06
L10,2023-09-30,exp_cleaning,-654.14
L10,2023-09-30,exp_cc_fees,-1869.02
L10,2023-09-30,exp_office_supplies,-400.99
L10,2023-09-30,exp_waste_removal,-380.05
L10,2023-09-30,exp_corporate_overhead,-2363.28
L10,2023-09-30,exp_training,-572.06
L10,2023-09-30,exp_general_liability_ins,-474.36
L10,2023-09-30,exp_bank_fees,-221.6
L10,2023-09-30,exp_depreciation,-1449.58
L10,2023-09-30,exp_professional_fees,-601.61
L10,2023-10-31,rev_drip_coffee,14926.86
L10,2023-10-31,rev_espresso_drinks,20906.26
L10,2023-10-31,rev_cold_brew,8810.85
L10,2023-10-31,rev_specialty_seasonal,5686.46
L10,2023-10-31,rev_tea,3209.75
L10,2023-10-31,rev_pastries,8132.12
L10,2023-10-31,rev_sandwiches,7401.17
L10,2023-10-31,rev_breakfast,4328.72
L10,2023-10-31,rev_snacks,2371.53
L10,2023-10-31,rev_whole_bean,3189.67
L10,2023-10-31,rev_brew_equipment,1425.4
L10,2023-10-31,rev_merchandise,925.66
L10,2023-10-31,rev_gift_cards,1654.25
L10,2023-10-31,rev_catering,1945.07
L10,2023-10-31,rev_wholesale,1679.51
L10,2023-10-31,exp_coffee_beans,-8657.53
L10,2023-10-31,exp_dairy,-5653.76
L10,2023-10-31,exp_syrups,-2040.84
L10,2023-10-31,exp_food_ingredients,-3803.27
L10,2023-10-31,exp_packaging,-2246.36
L10,2023-10-31,exp_retail_cogs,-1494.56
L10,2023-10-31,exp_barista_wages,-16663.69
L10,2023-10-31,exp_shift_lead_wages,-5019.87
L10,2023-10-31,exp_store_manager_salary,-6265.02
L10,2023-10-31,exp_payroll_taxes,-2617.58
L10,2023-10-31,exp_employee_benefits,-1917.12
L10,2023-10-31,exp_overtime,-1185.53
L10,2023-10-31,exp_rent,-7849.15
L10,2023-10-31,exp_utilities,-1586.76
L10,2023-10-31,exp_property_insurance,-655.94
L10,2023-10-31,exp_cam,-895.25
L10,2023-10-31,exp_property_tax,-1082.58
L10,2023-10-31,exp_marketing,-1598.15
L10,2023-10-31,exp_pos_software,-593.34
L10,2023-10-31,exp_equipment_maintenance,-965.59
L10,2023-10-31,exp_cleaning,-560.61
L10,2023-10-31,exp_cc_fees,-1515.25
L10,2023-10-31,exp_office_supplies,-271.03
L10,2023-10-31,exp_waste_removal,-383.17
L10,2023-10-31,exp_corporate_overhead,-2676.69
L10,2023-10-31,exp_training,-456.5
L10,2023-10-31,exp_general_liability_ins,-511.71
L10,2023-10-31,exp_bank_fees,-268.75
L10,2023-10-31,exp_depreciation,-1540.09
L10,2023-10-31,exp_professional_fees,-645.97
L10,2023-11-30,rev_drip_coffee,16669.0
L10,2023-11-30,rev_espresso_drinks,20114.66
L10,2023-11-30,rev_cold_brew,9215.02
L10,2023-11-30,rev_specialty_seasonal,9692.85
L10,2023-11-30,rev_tea,3774.05
L10,2023-11-30,rev_pastries,8891.19
L10,2023-11-30,rev_sandwiches,7084.68
L10,2023-11-30,rev_breakfast,4478.65
L10,2023-11-30,rev_snacks,2505.63
L10,2023-11-30,rev_whole_bean,3299.65
L10,2023-11-30,rev_brew_equipment,1497.26
L10,2023-11-30,rev_merchandise,901.94
L10,2023-11-30,rev_gift_cards,1759.65
L10,2023-11-30,rev_catering,2403.49
L10,2023-11-30,rev_wholesale,1868.12
L10,2023-11-30,exp_coffee_beans,-10185.39
L10,2023-11-30,exp_dairy,-6083.12
L10,2023-11-30,exp_syrups,-2104.69
L10,2023-11-30,exp_food_ingredients,-4367.06
L10,2023-11-30,exp_packaging,-2261.24
L10,2023-11-30,exp_retail_cogs,-1533.92
L10,2023-11-30,exp_barista_wages,-16367.72
L10,2023-11-30,exp_shift_lead_wages,-4772.02
L10,2023-11-30,exp_store_manager_salary,-6431.57
L10,2023-11-30,exp_payroll_taxes,-2803.77
L10,2023-11-30,exp_employee_benefits,-2312.56
L10,2023-11-30,exp_overtime,-1313.95
L10,2023-11-30,exp_rent,-7726.98
L10,2023-11-30,exp_utilities,-1580.08
L10,2023-11-30,exp_property_insurance,-669.97
L10,2023-11-30,exp_cam,-893.47
L10,2023-11-30,exp_property_tax,-1065.95
L10,2023-11-30,exp_marketing,-1973.48
L10,2023-11-30,exp_pos_software,-626.42
L10,2023-11-30,exp_equipment_maintenance,-1088.72
L10,2023-11-30,exp_cleaning,-714.16
L10,2023-11-30,exp_cc_fees,-1640.16
L10,2023-11-30,exp_office_supplies,-390.33
L10,2023-11-30,exp_waste_removal,-345.55
L10,2023-11-30,exp_corporate_overhead,-2250.54
L10,2023-11-30,exp_training,-471.98
L10,2023-11-30,exp_general_liability_ins,-373.15
L10,2023-11-30,exp_bank_fees,-227.43
L10,2023-11-30,exp_depreciation,-1269.69
L10,2023-11-30,exp_professional_fees,-695.17
L10,2023-12-31,rev_drip_coffee,18168.21
L10,2023-12-31,rev_espresso_drinks,26757.73
L10,2023-12-31,rev_cold_brew,11474.68
L10,2023-12-31,rev_specialty_seasonal,10256.35
L10,2023-12-31,rev_tea,4161.2
L10,2023-12-31,rev_pastries,9914.28
L10,2023-12-31,rev_sandwiches,8350.78
L10,2023-12-31,rev_breakfast,4702.37
L10,2023-12-31,rev_snacks,2526.77
L10,2023-12-31,rev_whole_bean,3828.51
L10,2023-12-31,rev_brew_equipment,1625.81
L10,2023-12-31,rev_merchandise,1087.36
L10,2023-12-31,rev_gift_cards,1907.11
L10,2023-12-31,rev_catering,2578.29
L10,2023-12-31,rev_wholesale,2238.69
L10,2023-12-31,exp_coffee_beans,-11443.77
L10,2023-12-31,exp_dairy,-7178.02
L10,2023-12-31,exp_syrups,-2386.78
L10,2023-12-31,exp_food_ingredients,-5619.13
L10,2023-12-31,exp_packaging,-2437.66
L10,2023-12-31,exp_retail_cogs,-1670.17
L10,2023-12-31,exp_barista_wages,-17246.01
L10,2023-12-31,exp_shift_lead_wages,-5628.67
L10,2023-12-31,exp_store_manager_salary,-6602.86
L10,2023-12-31,exp_payroll_taxes,-3046.86
L10,2023-12-31,exp_employee_benefits,-1945.02
L10,2023-12-31,exp_overtime,-1409.51
L10,2023-12-31,exp_rent,-7821.15
L10,2023-12-31,exp_utilities,-1544.43
L10,2023-12-31,exp_property_insurance,-656.79
L10,2023-12-31,exp_cam,-899.47
L10,2023-12-31,exp_property_tax,-1103.99
L10,2023-12-31,exp_marketing,-1971.98
L10,2023-12-31,exp_pos_software,-644.11
L10,2023-12-31,exp_equipment_maintenance,-806.87
L10,2023-12-31,exp_cleaning,-687.25
L10,2023-12-31,exp_cc_fees,-1377.6
L10,2023-12-31,exp_office_supplies,-360.63
L10,2023-12-31,exp_waste_removal,-465.46
L10,2023-12-31,exp_corporate_overhead,-2093.71
L10,2023-12-31,exp_training,-483.16
L10,2023-12-31,exp_general_liability_ins,-435.91
L10,2023-12-31,exp_bank_fees,-199.67
L10,2023-12-31,exp_depreciation,-1400.1
L10,2023-12-31,exp_professional_fees,-609.22
L10,2024-01-31,rev_drip_coffee,14018.64
L10,2024-01-31,rev_espresso_drinks,20940.15
L10,2024-01-31,rev_cold_brew,9798.28
L10,2024-01-31,rev_specialty_seasonal,7521.42
L10,2024-01-31,rev_tea,3470.42
L10,2024-01-31,rev_pastries,7802.19
L10,2024-01-31,rev_sandwiches,7127.49
L10,2024-01-31,rev_breakfast,3719.67
L10,2024-01-31,rev_snacks,1986.21
L10,2024-01-31,rev_whole_bean,2624.11
L10,2024-01-31,rev_brew_equipment,1172.99
L10,2024-01-31,rev_merchandise,827.73
L10,2024-01-31,rev_gift_cards,1569.86
L10,2024-01-31,rev_catering,2232.73
L10,2024-01-31,rev_wholesale,1589.66
L10,2024-01-31,exp_coffee_beans,-8403.45
L10,2024-01-31,exp_dairy,-4916.28
L10,2024-01-31,exp_syrups,-1683.63
L10,2024-01-31,exp_food_ingredients,-4080.08
L10,2024-01-31,exp_packaging,-1956.76
L10,2024-01-31,exp_retail_cogs,-1382.52
L10,2024-01-31,exp_barista_wages,-15488.46
L10,2024-01-31,exp_shift_lead_wages,-4875.93
L10,2024-01-31,exp_store_manager_salary,-5768.17
L10,2024-01-31,exp_payroll_taxes,-2369.57
L10,2024-01-31,exp_employee_benefits,-2123.65
L10,2024-01-31,exp_overtime,-1169.23
L10,2024-01-31,exp_rent,-7701.5
L10,2024-01-31,exp_utilities,-1601.11
L10,2024-01-31,exp_property_insurance,-651.88
L10,2024-01-31,exp_cam,-915.82
L10,2024-01-31,exp_property_tax,-1072.71
L10,2024-01-31,exp_marketing,-2030.4
L10,2024-01-31,exp_pos_software,-618.97
L10,2024-01-31,exp_equipment_maintenance,-898.33
L10,2024-01-31,exp_cleaning,-659.8
L10,2024-01-31,exp_cc_fees,-1478.88
L10,2024-01-31,exp_office_supplies,-279.69
L10,2024-01-31,exp_waste_removal,-436.04
L10,2024-01-31,exp_corporate_overhead,-2864.0
L10,2024-01-31,exp_training,-434.15
L10,2024-01-31,exp_general_liability_ins,-432.65
L10,2024-01-31,exp_bank_fees,-224.89
L10,2024-01-31,exp_depreciation,-1338.5
L10,2024-01-31,exp_professional_fees,-690.65
L10,2024-02-29,rev_drip_coffee,12921.06
L10,2024-02-29,rev_espresso_drinks,17990.42
L10,2024-02-29,rev_cold_brew,8645.43
L10,2024-02-29,rev_specialty_seasonal,6537.61
L10,2024-02-29,rev_tea,2775.19
L10,2024-02-29,rev_pastries,7345.97
L10,2024-02-29,rev_sandwiches,6790.18
L10,2024-02-29,rev_breakfast,4097.89
L10,2024-02-29,rev_snacks,2139.24
L10,2024-02-29,rev_whole_bean,2282.43
L10,2024-02-29,rev_brew_equipment,1193.89
L10,2024-02-29,rev_merchandise,894.26
L10,2024-02-29,rev_gift_cards,1624.12
L10,2024-02-29,rev_catering,2191.99
L10,2024-02-29,rev_wholesale,1586.59
L10,2024-02-29,exp_coffee_beans,-7694.81
L10,2024-02-29,exp_dairy,-4822.38
L10,2024-02-29,exp_syrups,-1701.48
L10,2024-02-29,exp_food_ingredients,-4149.06
L10,2024-02-29,exp_packaging,-1900.59
L10,2024-02-29,exp_retail_cogs,-1343.4
L10,2024-02-29,exp_barista_wages,-15084.11
L10,2024-02-29,exp_shift_lead_wages,-4769.19
L10,2024-02-29,exp_store_manager_salary,-5720.11
L10,2024-02-29,exp_payroll_taxes,-2363.87
L10,2024-02-29,exp_employee_benefits,-1869.38
L10,2024-02-29,exp_overtime,-1234.39
L10,2024-02-29,exp_rent,-7514.04
L10,2024-02-29,exp_utilities,-1645.85
L10,2024-02-29,exp_property_insurance,-622.68
L10,2024-02-29,exp_cam,-885.95
L10,2024-02-29,exp_property_tax,-1116.93
L10,2024-02-29,exp_marketing,-1792.91
L10,2024-02-29,exp_pos_software,-536.24
L10,2024-02-29,exp_equipment_maintenance,-986.58
L10,2024-02-29,exp_cleaning,-701.89
L10,2024-02-29,exp_cc_fees,-1607.94
L10,2024-02-29,exp_office_supplies,-317.52
L10,2024-02-29,exp_waste_removal,-406.96
L10,2024-02-29,exp_corporate_overhead,-2251.36
L10,2024-02-29,exp_training,-644.03
L10,2024-02-29,exp_general_liability_ins,-466.62
L10,2024-02-29,exp_bank_fees,-201.35
L10,2024-02-29,exp_depreciation,-1271.81
L10,2024-02-29,exp_professional_fees,-750.73
L10,2024-03-31,rev_drip_coffee,12219.26
L10,2024-03-31,rev_espresso_drinks,20953.22
L10,2024-03-31,rev_cold_brew,9322.91
L10,2024-03-31,rev_specialty_seasonal,5328.53
L10,2024-03-31,rev_tea,3081.53
L10,2024-03-31,rev_pastries,7558.02
L10,2024-03-31,rev_sandwiches,6229.42
L10,2024-03-31,rev_breakfast,4059.1
L10,2024-03-31,rev_snacks,2539.31
L10,2024-03-31,rev_whole_bean,3047.67
L10,2024-03-31,rev_brew_equipment,1199.95
L10,2024-03-31,rev_merchandise,813.76
L10,2024-03-31,rev_gift_cards,1516.38
L10,2024-03-31,rev_catering,2073.62
L10,2024-03-31,rev_wholesale,1767.02
L10,2024-03-31,exp_coffee_beans,-9026.34
L10,2024-03-31,exp_dairy,-5667.95
L10,2024-03-31,exp_syrups,-1835.12
L10,2024-03-31,exp_food_ingredients,-3914.63
L10,2024-03-31,exp_packaging,-2145.7
L10,2024-03-31,exp_retail_cogs,-1540.56
L10,2024-03-31,exp_barista_wages,-15740.5
L10,2024-03-31,exp_shift_lead_wages,-4743.23
L10,2024-03-31,exp_store_manager_salary,-5911.54
L10,2024-03-31,exp_payroll_taxes,-2522.23
L10,2024-03-31,exp_employee_benefits,-1808.82
L10,2024-03-31,exp_overtime,-1218.9
L10,2024-03-31,exp_rent,-7907.67
L10,2024-03-31,exp_utilities,-1639.58
L10,2024-03-31,exp_property_insurance,-637.96
L10,2024-03-31,exp_cam,-900.48
L10,2024-03-31,exp_property_tax,-1101.06
L10,2024-03-31,exp_marketing,-1808.16
L10,2024-03-31,exp_pos_software,-624.63
L10,2024-03-31,exp_equipment_maintenance,-949.74
L10,2024-03-31,exp_cleaning,-711.98
L10,2024-03-31,exp_cc_fees,-1765.18
L10,2024-03-31,exp_office_supplies,-379.98
L10,2024-03-31,exp_waste_removal,-377.49
L10,2024-03-31,exp_corporate_overhead,-2349.28
L10,2024-03-31,exp_training,-496.05
L10,2024-03-31,exp_general_liability_ins,-451.05
L10,2024-03-31,exp_bank_fees,-175.36
L10,2024-03-31,exp_depreciation,-1347.9
L10,2024-03-31,exp_professional_fees,-668.01
L10,2024-04-30,rev_drip_coffee,14619.81
L10,2024-04-30,rev_espresso_drinks,21424.17
L10,2024-04-30,rev_cold_brew,10340.04
L10,2024-04-30,rev_specialty_seasonal,7044.33
L10,2024-04-30,rev_tea,3354.6
L10,2024-04-30,rev_pastries,7031.82
L10,2024-04-30,rev_sandwiches,6993.45
L10,2024-04-30,rev_breakfast,4816.55
L10,2024-04-30,rev_snacks,2130.06
L10,2024-04-30,rev_whole_bean,3329.49
L10,2024-04-30,rev_brew_equipment,1561.7
L10,2024-04-30,rev_merchandise,744.95
L10,2024-04-30,rev_gift_cards,1687.1
L10,2024-04-30,rev_catering,2354.47
L10,2024-04-30,rev_wholesale,1798.37
L10,2024-04-30,exp_coffee_beans,-9052.88
L10,2024-04-30,exp_dairy,-5328.96
L10,2024-04-30,exp_syrups,-1900.32
L10,2024-04-30,exp_food_ingredients,-4306.52
L10,2024-04-30,exp_packaging,-2083.04
L10,2024-04-30,exp_retail_cogs,-1499.04
L10,2024-04-30,exp_barista_wages,-17020.47
L10,2024-04-30,exp_shift_lead_wages,-4567.54
L10,2024-04-30,exp_store_manager_salary,-5219.42
L10,2024-04-30,exp_payroll_taxes,-2803.34
L10,2024-04-30,exp_employee_benefits,-2087.04
L10,2024-04-30,exp_overtime,-1178.39
L10,2024-04-30,exp_rent,-7751.75
L10,2024-04-30,exp_utilities,-1600.32
L10,2024-04-30,exp_property_insurance,-640.63
L10,2024-04-30,exp_cam,-905.5
L10,2024-04-30,exp_property_tax,-1074.55
L10,2024-04-30,exp_marketing,-1738.74
L10,2024-04-30,exp_pos_software,-480.77
L10,2024-04-30,exp_equipment_maintenance,-1057.15
L10,2024-04-30,exp_cleaning,-684.94
L10,2024-04-30,exp_cc_fees,-1753.58
L10,2024-04-30,exp_office_supplies,-354.79
L10,2024-04-30,exp_waste_removal,-430.82
L10,2024-04-30,exp_corporate_overhead,-2388.61
L10,2024-04-30,exp_training,-538.04
L10,2024-04-30,exp_general_liability_ins,-432.14
L10,2024-04-30,exp_bank_fees,-184.67
L10,2024-04-30,exp_depreciation,-1331.04
L10,2024-04-30,exp_professional_fees,-594.13
L10,2024-05-31,rev_drip_coffee,17316.22
L10,2024-05-31,rev_espresso_drinks,23187.12
L10,2024-05-31,rev_cold_brew,9903.22
L10,2024-05-31,rev_specialty_seasonal,6501.88
L10,2024-05-31,rev_tea,3683.5
L10,2024-05-31,rev_pastries,8102.7
L10,2024-05-31,rev_sandwiches,7557.44
L10,2024-05-31,rev_breakfast,4419.24
L10,2024-05-31,rev_snacks,2191.25
L10,2024-05-31,rev_whole_bean,2751.31
L10,2024-05-31,rev_brew_equipment,1455.91
L10,2024-05-31,rev_merchandise,1008.04
L10,2024-05-31,rev_gift_cards,1665.44
L10,2024-05-31,rev_catering,2591.65
L10,2024-05-31,rev_wholesale,1922.32
L10,2024-05-31,exp_coffee_beans,-10489.62
L10,2024-05-31,exp_dairy,-6097.77
L10,2024-05-31,exp_syrups,-2135.3
L10,2024-05-31,exp_food_ingredients,-4314.92
L10,2024-05-31,exp_packaging,-2244.13
L10,2024-05-31,exp_retail_cogs,-1699.5
L10,2024-05-31,exp_barista_wages,-16512.48
L10,2024-05-31,exp_shift_lead_wages,-5206.22
L10,2024-05-31,exp_store_manager_salary,-5467.44
L10,2024-05-31,exp_payroll_taxes,-2981.35
L10,2024-05-31,exp_employee_benefits,-2056.88
L10,2024-05-31,exp_overtime,-1086.29
L10,2024-05-31,exp_rent,-7714.47
L10,2024-05-31,exp_utilities,-1515.64
L10,2024-05-31,exp_property_insurance,-633.37
L10,2024-05-31,exp_cam,-942.3
L10,2024-05-31,exp_property_tax,-1087.3
L10,2024-05-31,exp_marketing,-1536.87
L10,2024-05-31,exp_pos_software,-619.1
L10,2024-05-31,exp_equipment_maintenance,-861.28
L10,2024-05-31,exp_cleaning,-757.5
L10,2024-05-31,exp_cc_fees,-1497.26
L10,2024-05-31,exp_office_supplies,-347.82
L10,2024-05-31,exp_waste_removal,-361.53
L10,2024-05-31,exp_corporate_overhead,-3011.76
L10,2024-05-31,exp_training,-544.02
L10,2024-05-31,exp_general_liability_ins,-471.14
L10,2024-05-31,exp_bank_fees,-203.04
L10,2024-05-31,exp_depreciation,-1270.2
L10,2024-05-31,exp_professional_fees,-588.95
L10,2024-06-30,rev_drip_coffee,15534.18
L10,2024-06-30,rev_espresso_drinks,27236.32
L10,2024-06-30,rev_cold_brew,14458.95
L10,2024-06-30,rev_specialty_seasonal,5881.65
L10,2024-06-30,rev_tea,3525.07
L10,2024-06-30,rev_pastries,9335.12
L10,2024-06-30,rev_sandwiches,7730.49
L10,2024-06-30,rev_breakfast,4637.82
L10,2024-06-30,rev_snacks,2876.04
L10,2024-06-30,rev_whole_bean,3324.29
L10,2024-06-30,rev_brew_equipment,1681.81
L10,2024-06-30,rev_merchandise,974.11
L10,2024-06-30,rev_gift_cards,1913.79
L10,2024-06-30,rev_catering,2436.86
L10,2024-06-30,rev_wholesale,2018.42
L10,2024-06-30,exp_coffee_beans,-10907.56
L10,2024-06-30,exp_dairy,-6380.09
L10,2024-06-30,exp_syrups,-2146.01
L10,2024-06-30,exp_food_ingredients,-4781.79
L10,2024-06-30,exp_packaging,-2582.93
L10,2024-06-30,exp_retail_cogs,-1758.69
L10,2024-06-30,exp_barista_wages,-16359.92
L10,2024-06-30,exp_shift_lead_wages,-4991.99
L10,2024-06-30,exp_store_manager_salary,-6528.05
L10,2024-06-30,exp_payroll_taxes,-2775.93
L10,2024-06-30,exp_employee_benefits,-2204.83
L10,2024-06-30,exp_overtime,-1281.16
L10,2024-06-30,exp_rent,-7821.52
L10,2024-06-30,exp_utilities,-1591.84
L10,2024-06-30,exp_property_insurance,-663.0
L10,2024-06-30,exp_cam,-919.0
L10,2024-06-30,exp_property_tax,-1107.29
L10,2024-06-30,exp_marketing,-2039.32
L10,2024-06-30,exp_pos_software,-618.06
L10,2024-06-30,exp_equipment_maintenance,-1011.55
L10,2024-06-30,exp_cleaning,-767.25
L10,2024-06-30,exp_cc_fees,-1810.92
L10,2024-06-30,exp_office_supplies,-369.67
L10,2024-06-30,exp_waste_removal,-434.15
L10,2024-06-30,exp_corporate_overhead,-2858.32
L10,2024-06-30,exp_training,-489.98
L10,2024-06-30,exp_general_liability_ins,-470.67
L10,2024-06-30,exp_bank_fees,-204.68
L10,2024-06-30,exp_depreciation,-1295.15
L10,2024-06-30,exp_professional_fees,-510.68
L10,2024-07-31,rev_drip_coffee,18896.47
L10,2024-07-31,rev_espresso_drinks,22631.66
L10,2024-07-31,rev_cold_brew,15743.96
L10,2024-07-31,rev_specialty_seasonal,6451.23
L10,2024-07-31,rev_tea,4190.06
L10,2024-07-31,rev_pastries,8362.29
L10,2024-07-31,rev_sandwiches,7364.88
L10,2024-07-31,rev_breakfast,4888.53
L10,2024-07-31,rev_snacks,2548.98
L10,2024-07-31,rev_whole_bean,3472.44
L10,2024-07-31,rev_brew_equipment,1666.29
L10,2024-07-31,rev_merchandise,1124.29
L10,2024-07-31,rev_gift_cards,1755.52
L10,2024-07-31,rev_catering,2378.14
L10,2024-07-31,rev_wholesale,2117.3
L10,2024-07-31,exp_coffee_beans,-11048.63
L10,2024-07-31,exp_dairy,-6776.65
L10,2024-07-31,exp_syrups,-2102.86
L10,2024-07-31,exp_food_ingredients,-4948.51
L10,2024-07-31,exp_packaging,-2600.13
L10,2024-07-31,exp_retail_cogs,-1927.16
L10,2024-07-31,exp_barista_wages,-15958.82
L10,2024-07-31,exp_shift_lead_wages,-5029.55
L10,2024-07-31,exp_store_manager_salary,-6371.93
L10,2024-07-31,exp_payroll_taxes,-2695.73
L10,2024-07-31,exp_employee_benefits,-2152.76
L10,2024-07-31,exp_overtime,-1307.77
L10,2024-07-31,exp_rent,-8009.78
L10,2024-07-31,exp_utilities,-1551.91
L10,2024-07-31,exp_property_insurance,-666.82
L10,2024-07-31,exp_cam,-886.12
L10,2024-07-31,exp_property_tax,-1103.21
L10,2024-07-31,exp_marketing,-2078.07
L10,2024-07-31,exp_pos_software,-637.63
L10,2024-07-31,exp_equipment_maintenance,-918.08
L10,2024-07-31,exp_cleaning,-747.29
L10,2024-07-31,exp_cc_fees,-1614.99
L10,2024-07-31,exp_office_supplies,-356.31
L10,2024-07-31,exp_waste_removal,-400.01
L10,2024-07-31,exp_corporate_overhead,-2596.33
L10,2024-07-31,exp_training,-445.72
L10,2024-07-31,exp_general_liability_ins,-429.64
L10,2024-07-31,exp_bank_fees,-179.7
L10,2024-07-31,exp_depreciation,-1337.05
L10,2024-07-31,exp_professional_fees,-539.96
L10,2024-08-31,rev_drip_coffee,15382.58
L10,2024-08-31,rev_espresso_drinks,21493.97
L10,2024-08-31,rev_cold_brew,16616.35
L10,2024-08-31,rev_specialty_seasonal,6410.92
L10,2024-08-31,rev_tea,3425.29
L10,2024-08-31,rev_pastries,8704.54
L10,2024-08-31,rev_sandwiches,8794.54
L10,2024-08-31,rev_breakfast,4561.64
L10,2024-08-31,rev_snacks,2574.95
L10,2024-08-31,rev_whole_bean,3840.86
L10,2024-08-31,rev_brew_equipment,1682.7
L10,2024-08-31,rev_merchandise,1045.12
L10,2024-08-31,rev_gift_cards,1713.13
L10,2024-08-31,rev_catering,2560.77
L10,2024-08-31,rev_wholesale,1801.38
L10,2024-08-31,exp_coffee_beans,-9969.89
L10,2024-08-31,exp_dairy,-6472.57
L10,2024-08-31,exp_syrups,-2263.63
L10,2024-08-31,exp_food_ingredients,-4915.04
L10,2024-08-31,exp_packaging,-2122.38
L10,2024-08-31,exp_retail_cogs,-1576.49
L10,2024-08-31,exp_barista_wages,-15931.39
L10,2024-08-31,exp_shift_lead_wages,-5097.67
L10,2024-08-31,exp_store_manager_salary,-5639.38
L10,2024-08-31,exp_payroll_taxes,-2692.65
L10,2024-08-31,exp_employee_benefits,-2441.53
L10,2024-08-31,exp_overtime,-1291.74
L10,2024-08-31,exp_rent,-7803.03
L10,2024-08-31,exp_utilities,-1561.21
L10,2024-08-31,exp_property_insurance,-626.2
L10,2024-08-31,exp_cam,-874.41
L10,2024-08-31,exp_property_tax,-1058.83
L10,2024-08-31,exp_marketing,-1806.31
L10,2024-08-31,exp_pos_software,-641.24
L10,2024-08-31,exp_equipment_maintenance,-854.89
L10,2024-08-31,exp_cleaning,-707.53
L10,2024-08-31,exp_cc_fees,-1884.87
L10,2024-08-31,exp_office_supplies,-404.95
L10,2024-08-31,exp_waste_removal,-439.83
L10,2024-08-31,exp_corporate_overhead,-2348.68
L10,2024-08-31,exp_training,-556.16
L10,2024-08-31,exp_general_liability_ins,-542.72
L10,2024-08-31,exp_bank_fees,-167.18
L10,2024-08-31,exp_depreciation,-1543.92
L10,2024-08-31,exp_professional_fees,-602.74
L10,2024-09-30,rev_drip_coffee,14453.34
L10,2024-09-30,rev_espresso_drinks,21247.39
L10,2024-09-30,rev_cold_brew,10466.54
L10,2024-09-30,rev_specialty_seasonal,5882.39
L10,2024-09-30,rev_tea,3459.91
L10,2024-09-30,rev_pastries,8246.83
L10,2024-09-30,rev_sandwiches,7310.95
L10,2024-09-30,rev_breakfast,4399.6
L10,2024-09-30,rev_snacks,2333.03
L10,2024-09-30,rev_whole_bean,3407.34
L10,2024-09-30,rev_brew_equipment,1581.1
L10,2024-09-30,rev_merchandise,1011.92
L10,2024-09-30,rev_gift_cards,1723.16
L10,2024-09-30,rev_catering,2463.05
L10,2024-09-30,rev_wholesale,2005.05
L10,2024-09-30,exp_coffee_beans,-10819.38
L10,2024-09-30,exp_dairy,-5942.07
L10,2024-09-30,exp_syrups,-1961.96
L10,2024-09-30,exp_food_ingredients,-4256.72
L10,2024-09-30,exp_packaging,-2149.71
L10,2024-09-30,exp_retail_cogs,-1530.01
L10,2024-09-30,exp_barista_wages,-16521.98
L10,2024-09-30,exp_shift_lead_wages,-4762.48
L10,2024-09-30,exp_store_manager_salary,-6305.38
L10,2024-09-30,exp_payroll_taxes,-2417.93
L10,2024-09-30,exp_employee_benefits,-1921.89
L10,2024-09-30,exp_overtime,-1207.61
L10,2024-09-30,exp_rent,-7638.11
L10,2024-09-30,exp_utilities,-1553.54
L10,2024-09-30,exp_property_insurance,-639.17
L10,2024-09-30,exp_cam,-882.77
L10,2024-09-30,exp_property_tax,-1095.85
L10,2024-09-30,exp_marketing,-1681.61
L10,2024-09-30,exp_pos_software,-584.24
L10,2024-09-30,exp_equipment_maintenance,-945.77
L10,2024-09-30,exp_cleaning,-767.94
L10,2024-09-30,exp_cc_fees,-1885.16
L10,2024-09-30,exp_office_supplies,-343.65
L10,2024-09-30,exp_waste_removal,-417.58
L10,2024-09-30,exp_corporate_overhead,-2346.68
L10,2024-09-30,exp_training,-542.86
L10,2024-09-30,exp_general_liability_ins,-496.75
L10,2024-09-30,exp_bank_fees,-236.9
L10,2024-09-30,exp_depreciation,-1090.68
L10,2024-09-30,exp_professional_fees,-622.51
L10,2024-10-31,rev_drip_coffee,15205.18
L10,2024-10-31,rev_espresso_drinks,21394.45
L10,2024-10-31,rev_cold_brew,9253.39
L10,2024-10-31,rev_specialty_seasonal,5671.79
L10,2024-10-31,rev_tea,3695.07
L10,2024-10-31,rev_pastries,7289.23
L10,2024-10-31,rev_sandwiches,6055.44
L10,2024-10-31,rev_breakfast,4472.65
L10,2024-10-31,rev_snacks,2434.36
L10,2024-10-31,rev_whole_bean,3135.55
L10,2024-10-31,rev_brew_equipment,1324.73
L10,2024-10-31,rev_merchandise,910.5
L10,2024-10-31,rev_gift_cards,1792.34
L10,2024-10-31,rev_catering,1955.91
L10,2024-10-31,rev_wholesale,1607.75
L10,2024-10-31,exp_coffee_beans,-9061.62
L10,2024-10-31,exp_dairy,-5483.82
L10,2024-10-31,exp_syrups,-1884.12
L10,2024-10-31,exp_food_ingredients,-4513.11
L10,2024-10-31,exp_packaging,-2251.7
L10,2024-10-31,exp_retail_cogs,-1546.58
L10,2024-10-31,exp_barista_wages,-16419.65
L10,2024-10-31,exp_shift_lead_wages,-5006.94
L10,2024-10-31,exp_store_manager_salary,-5834.71
L10,2024-10-31,exp_payroll_taxes,-2411.18
L10,2024-10-31,exp_employee_benefits,-1981.13
L10,2024-10-31,exp_overtime,-1108.7
L10,2024-10-31,exp_rent,-7745.96
L10,2024-10-31,exp_utilities,-1601.05
L10,2024-10-31,exp_property_insurance,-628.65
L10,2024-10-31,exp_cam,-897.73
L10,2024-10-31,exp_property_tax,-1076.45
L10,2024-10-31,exp_marketing,-1601.16
L10,2024-10-31,exp_pos_software,-578.92
L10,2024-10-31,exp_equipment_maintenance,-840.21
L10,2024-10-31,exp_cleaning,-739.52
L10,2024-10-31,exp_cc_fees,-1615.84
L10,2024-10-31,exp_office_supplies,-366.26
L10,2024-10-31,exp_waste_removal,-390.26
L10,2024-10-31,exp_corporate_overhead,-2293.49
L10,2024-10-31,exp_training,-614.96
L10,2024-10-31,exp_general_liability_ins,-400.5
L10,2024-10-31,exp_bank_fees,-236.03
L10,2024-10-31,exp_depreciation,-1567.11
L10,2024-10-31,exp_professional_fees,-686.28
L10,2024-11-30,rev_drip_coffee,15565.09
L10,2024-11-30,rev_espresso_drinks,25797.86
L10,2024-11-30,rev_cold_brew,10527.38
L10,2024-11-30,rev_specialty_seasonal,9352.73
L10,2024-11-30,rev_tea,3632.41
L10,2024-11-30,rev_pastries,7997.55
L10,2024-11-30,rev_sandwiches,7031.82
L10,2024-11-30,rev_breakfast,4922.12
L10,2024-11-30,rev_snacks,2379.07
L10,2024-11-30,rev_whole_bean,3409.97
L10,2024-11-30,rev_brew_equipment,1365.35
L10,2024-11-30,rev_merchandise,994.79
L10,2024-11-30,rev_gift_cards,1601.03
L10,2024-11-30,rev_catering,2196.65
L10,2024-11-30,rev_wholesale,1967.34
L10,2024-11-30,exp_coffee_beans,-10637.65
L10,2024-11-30,exp_dairy,-6061.02
L10,2024-11-30,exp_syrups,-2139.75
L10,2024-11-30,exp_food_ingredients,-4691.7
L10,2024-11-30,exp_packaging,-2267.57
L10,2024-11-30,exp_retail_cogs,-1712.5
L10,2024-11-30,exp_barista_wages,-15907.56
L10,2024-11-30,exp_shift_lead_wages,-5361.52
L10,2024-11-30,exp_store_manager_salary,-6491.89
L10,2024-11-30,exp_payroll_taxes,-2572.48
L10,2024-11-30,exp_employee_benefits,-2097.06
L10,2024-11-30,exp_overtime,-1209.48
L10,2024-11-30,exp_rent,-7541.09
L10,2024-11-30,exp_utilities,-1578.69
L10,2024-11-30,exp_property_insurance,-664.27
L10,2024-11-30,exp_cam,-877.68
L10,2024-11-30,exp_property_tax,-1124.67
L10,2024-11-30,exp_marketing,-1715.14
L10,2024-11-30,exp_pos_software,-748.09
L10,2024-11-30,exp_equipment_maintenance,-881.71
L10,2024-11-30,exp_cleaning,-687.18
L10,2024-11-30,exp_cc_fees,-1493.86
L10,2024-11-30,exp_office_supplies,-315.36
L10,2024-11-30,exp_waste_removal,-463.02
L10,2024-11-30,exp_corporate_overhead,-2503.91
L10,2024-11-30,exp_training,-571.22
L10,2024-11-30,exp_general_liability_ins,-415.2
L10,2024-11-30,exp_bank_fees,-222.86
L10,2024-11-30,exp_depreciation,-1214.02
L10,2024-11-30,exp_professional_fees,-552.21
L10,2024-12-31,rev_drip_coffee,18405.23
L10,2024-12-31,rev_espresso_drinks,26634.45
L10,2024-12-31,rev_cold_brew,12258.33
L10,2024-12-31,rev_specialty_seasonal,11840.14
L10,2024-12-31,rev_tea,4530.77
L10,2024-12-31,rev_pastries,10579.07
L10,2024-12-31,rev_sandwiches,7775.79
L10,2024-12-31,rev_breakfast,5720.32
L10,2024-12-31,rev_snacks,3296.12
L10,2024-12-31,rev_whole_bean,3748.03
L10,2024-12-31,rev_brew_equipment,1510.99
L10,2024-12-31,rev_merchandise,996.91
L10,2024-12-31,rev_gift_cards,1919.22
L10,2024-12-31,rev_catering,3181.71
L10,2024-12-31,rev_wholesale,2245.03
L10,2024-12-31,exp_coffee_beans,-11061.21
L10,2024-12-31,exp_dairy,-6469.6
L10,2024-12-31,exp_syrups,-2201.23
L10,2024-12-31,exp_food_ingredients,-5567.81
L10,2024-12-31,exp_packaging,-2593.24
L10,2024-12-31,exp_retail_cogs,-2056.26
L10,2024-12-31,exp_barista_wages,-18134.81
L10,2024-12-31,exp_shift_lead_wages,-5689.68
L10,2024-12-31,exp_store_manager_salary,-6322.08
L10,2024-12-31,exp_payroll_taxes,-2687.56
L10,2024-12-31,exp_employee_benefits,-2201.02
L10,2024-12-31,exp_overtime,-1218.25
L10,2024-12-31,exp_rent,-7910.49
L10,2024-12-31,exp_utilities,-1581.38
L10,2024-12-31,exp_property_insurance,-659.75
L10,2024-12-31,exp_cam,-898.86
L10,2024-12-31,exp_property_tax,-1089.22
L10,2024-12-31,exp_marketing,-1583.16
L10,2024-12-31,exp_pos_software,-636.17
L10,2024-12-31,exp_equipment_maintenance,-925.54
L10,2024-12-31,exp_cleaning,-760.12
L10,2024-12-31,exp_cc_fees,-1525.87
L10,2024-12-31,exp_office_supplies,-359.51
L10,2024-12-31,exp_waste_removal,-475.38
L10,2024-12-31,exp_corporate_overhead,-2455.62
L10,2024-12-31,exp_training,-558.61
L10,2024-12-31,exp_general_liability_ins,-505.44
L10,2024-12-31,exp_bank_fees,-248.87
L10,2024-12-31,exp_depreciation,-1394.6
L10,2024-12-31,exp_professional_fees,-682.08
L10,2025-01-31,rev_drip_coffee,13608.49
L10,2025-01-31,rev_espresso_drinks,18541.67
L10,2025-01-31,rev_cold_brew,8332.67
L10,2025-01-31,rev_specialty_seasonal,9319.46
L10,2025-01-31,rev_tea,2942.08
L10,2025-01-31,rev_pastries,7580.33
L10,2025-01-31,rev_sandwiches,6710.76
L10,2025-01-31,rev_breakfast,4142.46
L10,2025-01-31,rev_snacks,2075.73
L10,2025-01-31,rev_whole_bean,2733.29
L10,2025-01-31,rev_brew_equipment,1357.63
L10,2025-01-31,rev_merchandise,827.31
L10,2025-01-31,rev_gift_cards,1357.68
L10,2025-01-31,rev_catering,2391.88
L10,2025-01-31,rev_wholesale,1586.98
L10,2025-01-31,exp_coffee_beans,-8196.59
L10,2025-01-31,exp_dairy,-5001.27
L10,2025-01-31,exp_syrups,-1892.85
L10,2025-01-31,exp_food_ingredients,-3594.56
L10,2025-01-31,exp_packaging,-2083.93
L10,2025-01-31,exp_retail_cogs,-1342.18
L10,2025-01-31,exp_barista_wages,-15564.37
L10,2025-01-31,exp_shift_lead_wages,-4558.79
L10,2025-01-31,exp_store_manager_salary,-6296.42
L10,2025-01-31,exp_payroll_taxes,-2540.06
L10,2025-01-31,exp_employee_benefits,-1949.85
L10,2025-01-31,exp_overtime,-1142.61
L10,2025-01-31,exp_rent,-7782.96
L10,2025-01-31,exp_utilities,-1599.31
L10,2025-01-31,exp_property_insurance,-653.1
L10,2025-01-31,exp_cam,-896.4
L10,2025-01-31,exp_property_tax,-1065.46
L10,2025-01-31,exp_marketing,-1731.85
L10,2025-01-31,exp_pos_software,-655.0
L10,2025-01-31,exp_equipment_maintenance,-882.84
L10,2025-01-31,exp_cleaning,-744.13
L10,2025-01-31,exp_cc_fees,-1648.66
L10,2025-01-31,exp_office_supplies,-331.28
L10,2025-01-31,exp_waste_removal,-457.14
L10,2025-01-31,exp_corporate_overhead,-1974.98
L10,2025-01-31,exp_training,-482.96
L10,2025-01-31,exp_general_liability_ins,-537.02
L10,2025-01-31,exp_bank_fees,-247.44
L10,2025-01-31,exp_depreciation,-1652.02
L10,2025-01-31,exp_professional_fees,-640.67
L10,2025-02-28,rev_drip_coffee,13833.65
L10,2025-02-28,rev_espresso_drinks,20590.83
L10,2025-02-28,rev_cold_brew,9939.26
L10,2025-02-28,rev_specialty_seasonal,8481.01
L10,2025-02-28,rev_tea,3360.97
L10,2025-02-28,rev_pastries,7251.79
L10,2025-02-28,rev_sandwiches,6615.59
L10,2025-02-28,rev_breakfast,3496.13
L10,2025-02-28,rev_snacks,2061.01
L10,2025-02-28,rev_whole_bean,2733.71
L10,2025-02-28,rev_brew_equipment,1165.92
L10,2025-02-28,rev_merchandise,718.86
L10,2025-02-28,rev_gift_cards,1422.63
L10,2025-02-28,rev_catering,1981.99
L10,2025-02-28,rev_wholesale,1670.52
L10,2025-02-28,exp_coffee_beans,-8667.77
L10,2025-02-28,exp_dairy,-4996.62
L10,2025-02-28,exp_syrups,-1719.31
L10,2025-02-28,exp_food_ingredients,-3761.35
L10,2025-02-28,exp_packaging,-2009.44
L10,2025-02-28,exp_retail_cogs,-1368.02
L10,2025-02-28,exp_barista_wages,-14778.15
L10,2025-02-28,exp_shift_lead_wages,-4652.93
L10,2025-02-28,exp_store_manager_salary,-5324.98
L10,2025-02-28,exp_payroll_taxes,-2417.33
L10,2025-02-28,exp_employee_benefits,-1948.62
L10,2025-02-28,exp_overtime,-1132.52
L10,2025-02-28,exp_rent,-7870.92
L10,2025-02-28,exp_utilities,-1606.62
L10,2025-02-28,exp_property_insurance,-667.45
L10,2025-02-28,exp_cam,-918.15
L10,2025-02-28,exp_property_tax,-1138.5
L10,2025-02-28,exp_marketing,-1893.1
L10,2025-02-28,exp_pos_software,-651.08
L10,2025-02-28,exp_equipment_maintenance,-900.11
L10,2025-02-28,exp_cleaning,-754.81
L10,2025-02-28,exp_cc_fees,-1535.62
L10,2025-02-28,exp_office_supplies,-288.85
L10,2025-02-28,exp_waste_removal,-470.7
L10,2025-02-28,exp_corporate_overhead,-2091.86
L10,2025-02-28,exp_training,-540.67
L10,2025-02-28,exp_general_liability_ins,-436.01
L10,2025-02-28,exp_bank_fees,-232.73
L10,2025-02-28,exp_depreciation,-1514.46
L10,2025-02-28,exp_professional_fees,-671.19
L10,2025-03-31,rev_drip_coffee,15842.76
L10,2025-03-31,rev_espresso_drinks,20876.57
L10,2025-03-31,rev_cold_brew,11476.96
L10,2025-03-31,rev_specialty_seasonal,6527.65
L10,2025-03-31,rev_tea,3134.67
L10,2025-03-31,rev_pastries,7592.95
L10,2025-03-31,rev_sandwiches,6771.78
L10,2025-03-31,rev_breakfast,3991.9
L10,2025-03-31,rev_snacks,1982.2
L10,2025-03-31,rev_whole_bean,3175.29
L10,2025-03-31,rev_brew_equipment,1236.75
L10,2025-03-31,rev_merchandise,713.53
L10,2025-03-31,rev_gift_cards,1545.91
L10,2025-03-31,rev_catering,2053.61
L10,2025-03-31,rev_wholesale,1665.11
L10,2025-03-31,exp_coffee_beans,-7691.7
L10,2025-03-31,exp_dairy,-5116.47
L10,2025-03-31,exp_syrups,-1863.91
L10,2025-03-31,exp_food_ingredients,-4120.33
L10,2025-03-31,exp_packaging,-2118.4
L10,2025-03-31,exp_retail_cogs,-1587.75
L10,2025-03-31,exp_barista_wages,-16177.67
L10,2025-03-31,exp_shift_lead_wages,-5166.04
L10,2025-03-31,exp_store_manager_salary,-6143.5
L10,2025-03-31,exp_payroll_taxes,-2424.3
L10,2025-03-31,exp_employee_benefits,-2140.53
L10,2025-03-31,exp_overtime,-1262.92
L10,2025-03-31,exp_rent,-7701.29
L10,2025-03-31,exp_utilities,-1568.45
L10,2025-03-31,exp_property_insurance,-654.29
L10,2025-03-31,exp_cam,-869.86
L10,2025-03-31,exp_property_tax,-1071.79
L10,2025-03-31,exp_marketing,-1673.31
L10,2025-03-31,exp_pos_software,-645.36
L10,2025-03-31,exp_equipment_maintenance,-966.94
L10,2025-03-31,exp_cleaning,-769.2
L10,2025-03-31,exp_cc_fees,-1491.94
L10,2025-03-31,exp_office_supplies,-305.62
L10,2025-03-31,exp_waste_removal,-429.77
L10,2025-03-31,exp_corporate_overhead,-2199.55
L10,2025-03-31,exp_training,-486.68
L10,2025-03-31,exp_general_liability_ins,-389.32
L10,2025-03-31,exp_bank_fees,-215.25
L10,2025-03-31,exp_depreciation,-1551.89
L10,2025-03-31,exp_professional_fees,-571.85
L10,2025-04-30,rev_drip_coffee,16404.04
L10,2025-04-30,rev_espresso_drinks,21858.09
L10,2025-04-30,rev_cold_brew,8801.62
L10,2025-04-30,rev_specialty_seasonal,6020.03
L10,2025-04-30,rev_tea,3283.74
L10,2025-04-30,rev_pastries,7747.05
L10,2025-04-30,rev_sandwiches,7458.42
L10,2025-04-30,rev_breakfast,4922.15
L10,2025-04-30,rev_snacks,2130.01
L10,2025-04-30,rev_whole_bean,3116.34
L10,2025-04-30,rev_brew_equipment,1359.21
L10,2025-04-30,rev_merchandise,845.77
L10,2025-04-30,rev_gift_cards,1686.11
L10,2025-04-30,rev_catering,2301.1
L10,2025-04-30,rev_wholesale,1609.34
L10,2025-04-30,exp_coffee_beans,-9592.14
L10,2025-04-30,exp_dairy,-5286.04
L10,2025-04-30,exp_syrups,-1980.36
L10,2025-04-30,exp_food_ingredients,-4763.54
L10,2025-04-30,exp_packaging,-2238.17
L10,2025-04-30,exp_retail_cogs,-1576.39
L10,2025-04-30,exp_barista_wages,-15552.25
L10,2025-04-30,exp_shift_lead_wages,-5001.19
L10,2025-04-30,exp_store_manager_salary,-6095.38
L10,2025-04-30,exp_payroll_taxes,-2716.7
L10,2025-04-30,exp_employee_benefits,-2122.09
L10,2025-04-30,exp_overtime,-1235.8
L10,2025-04-30,exp_rent,-7564.46
L10,2025-04-30,exp_utilities,-1570.24
L10,2025-04-30,exp_property_insurance,-656.58
L10,2025-04-30,exp_cam,-911.52
L10,2025-04-30,exp_property_tax,-1097.68
L10,2025-04-30,exp_marketing,-2058.01
L10,2025-04-30,exp_pos_software,-648.91
L10,2025-04-30,exp_equipment_maintenance,-924.17
L10,2025-04-30,exp_cleaning,-612.18
L10,2025-04-30,exp_cc_fees,-1879.9
L10,2025-04-30,exp_office_supplies,-364.74
L10,2025-04-30,exp_waste_removal,-481.81
L10,2025-04-30,exp_corporate_overhead,-2908.45
L10,2025-04-30,exp_training,-451.28
L10,2025-04-30,exp_general_liability_ins,-416.69
L10,2025-04-30,exp_bank_fees,-149.28
L10,2025-04-30,exp_depreciation,-1468.13
L10,2025-04-30,exp_professional_fees,-679.31
L10,2025-05-31,rev_drip_coffee,16047.33
L10,2025-05-31,rev_espresso_drinks,20798.55
L10,2025-05-31,rev_cold_brew,10684.95
L10,2025-05-31,rev_specialty_seasonal,6908.96
L10,2025-05-31,rev_tea,3967.41
L10,2025-05-31,rev_pastries,8527.99
L10,2025-05-31,rev_sandwiches,7979.42
L10,2025-05-31,rev_breakfast,4457.59
L10,2025-05-31,rev_snacks,2764.41
L10,2025-05-31,rev_whole_bean,3576.22
L10,2025-05-31,rev_brew_equipment,1391.39
L10,2025-05-31,rev_merchandise,1098.15
L10,2025-05-31,rev_gift_cards,1929.26
L10,2025-05-31,rev_catering,2505.83
L10,2025-05-31,rev_wholesale,2021.01
L10,2025-05-31,exp_coffee_beans,-10897.11
L10,2025-05-31,exp_dairy,-5423.97
L10,2025-05-31,exp_syrups,-2207.12
L10,2025-05-31,exp_food_ingredients,-4591.19
L10,2025-05-31,exp_packaging,-2422.68
L10,2025-05-31,exp_retail_cogs,-1650.52
L10,2025-05-31,exp_barista_wages,-15206.71
L10,2025-05-31,exp_shift_lead_wages,-4944.23
L10,2025-05-31,exp_store_manager_salary,-6401.84
L10,2025-05-31,exp_payroll_taxes,-2669.92
L10,2025-05-31,exp_employee_benefits,-2102.58
L10,2025-05-31,exp_overtime,-1200.97
L10,2025-05-31,exp_rent,-7868.82
L10,2025-05-31,exp_utilities,-1649.45
L10,2025-05-31,exp_property_insurance,-619.7
L10,2025-05-31,exp_cam,-946.64
L10,2025-05-31,exp_property_tax,-1100.1
L10,2025-05-31,exp_marketing,-1896.88
L10,2025-05-31,exp_pos_software,-590.6
L10,2025-05-31,exp_equipment_maintenance,-945.9
L10,2025-05-31,exp_cleaning,-710.64
L10,2025-05-31,exp_cc_fees,-1471.04
L10,2025-05-31,exp_office_supplies,-311.37
L10,2025-05-31,exp_waste_removal,-456.75
L10,2025-05-31,exp_corporate_overhead,-2019.39
L10,2025-05-31,exp_training,-540.78
L10,2025-05-31,exp_general_liability_ins,-460.38
L10,2025-05-31,exp_bank_fees,-189.07
L10,2025-05-31,exp_depreciation,-1609.79
L10,2025-05-31,exp_professional_fees,-576.61
L10,2025-06-30,rev_drip_coffee,15448.78
L10,2025-06-30,rev_espresso_drinks,24230.01
L10,2025-06-30,rev_cold_brew,14543.89
L10,2025-06-30,rev_specialty_seasonal,7265.96
L10,2025-06-30,rev_tea,4032.03
L10,2025-06-30,rev_pastries,9069.23
L10,2025-06-30,rev_sandwiches,8002.08
L10,2025-06-30,rev_breakfast,4532.69
L10,2025-06-30,rev_snacks,2832.73
L10,2025-06-30,rev_whole_bean,3598.68
L10,2025-06-30,rev_brew_equipment,1574.84
L10,2025-06-30,rev_merchandise,1179.01
L10,2025-06-30,rev_gift_cards,1855.94
L10,2025-06-30,rev_catering,2802.05
L10,2025-06-30,rev_wholesale,2315.33
L10,2025-06-30,exp_coffee_beans,-11424.51
L10,2025-06-30,exp_dairy,-6517.79
L10,2025-06-30,exp_syrups,-2216.62
L10,2025-06-30,exp_food_ingredients,-5000.66
L10,2025-06-30,exp_packaging,-2420.12
L10,2025-06-30,exp_retail_cogs,-1560.41
L10,2025-06-30,exp_barista_wages,-17681.64
L10,2025-06-30,exp_shift_lead_wages,-5333.94
L10,2025-06-30,exp_store_manager_salary,-6530.57
L10,2025-06-30,exp_payroll_taxes,-2769.76
L10,2025-06-30,exp_employee_benefits,-2342.79
L10,2025-06-30,exp_overtime,-1180.98
L10,2025-06-30,exp_rent,-7587.35
L10,2025-06-30,exp_utilities,-1514.72
L10,2025-06-30,exp_property_insurance,-645.68
L10,2025-06-30,exp_cam,-882.58
L10,2025-06-30,exp_property_tax,-1075.84
L10,2025-06-30,exp_marketing,-1852.85
L10,2025-06-30,exp_pos_software,-591.26
L10,2025-06-30,exp_equipment_maintenance,-810.62
L10,2025-06-30,exp_cleaning,-874.65
L10,2025-06-30,exp_cc_fees,-1637.37
L10,2025-06-30,exp_office_supplies,-301.97
L10,2025-06-30,exp_waste_removal,-381.02
L10,2025-06-30,exp_corporate_overhead,-2349.08
L10,2025-06-30,exp_training,-508.86
L10,2025-06-30,exp_general_liability_ins,-540.35
L10,2025-06-30,exp_bank_fees,-207.5
L10,2025-06-30,exp_depreciation,-1594.1
L10,2025-06-30,exp_professional_fees,-609.89
L10,2025-07-31,rev_drip_coffee,18034.17
L10,2025-07-31,rev_espresso_drinks,27321.78
L10,2025-07-31,rev_cold_brew,17433.16
L10,2025-07-31,rev_specialty_seasonal,8239.36
L10,2025-07-31,rev_tea,4000.21
L10,2025-07-31,rev_pastries,9136.55
L10,2025-07-31,rev_sandwiches,6652.6
L10,2025-07-31,rev_breakfast,4853.77
L10,2025-07-31,rev_snacks,3007.72
L10,2025-07-31,rev_whole_bean,3995.89
L10,2025-07-31,rev_brew_equipment,1672.14
L10,2025-07-31,rev_merchandise,1229.57
L10,2025-07-31,rev_gift_cards,1865.21
L10,2025-07-31,rev_catering,2494.36
L10,2025-07-31,rev_wholesale,2083.79
L10,2025-07-31,exp_coffee_beans,-10402.43
L10,2025-07-31,exp_dairy,-6670.13
L10,2025-07-31,exp_syrups,-2308.9
L10,2025-07-31,exp_food_ingredients,-5308.2
L10,2025-07-31,exp_packaging,-2463.53
L10,2025-07-31,exp_retail_cogs,-1791.68
L10,2025-07-31,exp_barista_wages,-14928.21
L10,2025-07-31,exp_shift_lead_wages,-5445.96
L10,2025-07-31,exp_store_manager_salary,-6341.32
L10,2025-07-31,exp_payroll_taxes,-2639.3
L10,2025-07-31,exp_employee_benefits,-2268.13
L10,2025-07-31,exp_overtime,-1284.08
L10,2025-07-31,exp_rent,-8043.17
L10,2025-07-31,exp_utilities,-1559.83
L10,2025-07-31,exp_property_insurance,-651.71
L10,2025-07-31,exp_cam,-876.87
L10,2025-07-31,exp_property_tax,-1083.41
L10,2025-07-31,exp_marketing,-1842.48
L10,2025-07-31,exp_pos_software,-604.49
L10,2025-07-31,exp_equipment_maintenance,-945.66
L10,2025-07-31,exp_cleaning,-720.42
L10,2025-07-31,exp_cc_fees,-1562.31
L10,2025-07-31,exp_office_supplies,-368.59
L10,2025-07-31,exp_waste_removal,-395.9
L10,2025-07-31,exp_corporate_overhead,-2367.15
L10,2025-07-31,exp_training,-536.65
L10,2025-07-31,exp_general_liability_ins,-488.95
L10,2025-07-31,exp_bank_fees,-222.64
L10,2025-07-31,exp_depreciation,-1387.26
L10,2025-07-31,exp_professional_fees,-667.36
L10,2025-08-31,rev_drip_coffee,16246.8
L10,2025-08-31,rev_espresso_drinks,22093.09
L10,2025-08-31,rev_cold_brew,13481.69
L10,2025-08-31,rev_specialty_seasonal,6179.25
L10,2025-08-31,rev_tea,4462.99
L10,2025-08-31,rev_pastries,7195.42
L10,2025-08-31,rev_sandwiches,8695.91
L10,2025-08-31,rev_breakfast,4406.95
L10,2025-08-31,rev_snacks,2897.09
L10,2025-08-31,rev_whole_bean,2937.89
L10,2025-08-31,rev_brew_equipment,1580.29
L10,2025-08-31,rev_merchandise,1155.81
L10,2025-08-31,rev_gift_cards,1945.68
L10,2025-08-31,rev_catering,2462.62
L10,2025-08-31,rev_wholesale,1748.87
L10,2025-08-31,exp_coffee_beans,-9844.72
L10,2025-08-31,exp_dairy,-6617.34
L10,2025-08-31,exp_syrups,-2139.2
L10,2025-08-31,exp_food_ingredients,-4909.44
L10,2025-08-31,exp_packaging,-2440.39
L10,2025-08-31,exp_retail_cogs,-1606.81
L10,2025-08-31,exp_barista_wages,-17213.07
L10,2025-08-31,exp_shift_lead_wages,-5079.7
L10,2025-08-31,exp_store_manager_salary,-6276.69
L10,2025-08-31,exp_payroll_taxes,-2669.07
L10,2025-08-31,exp_employee_benefits,-2022.45
L10,2025-08-31,exp_overtime,-1243.41
L10,2025-08-31,exp_rent,-7868.59
L10,2025-08-31,exp_utilities,-1606.21
L10,2025-08-31,exp_property_insurance,-647.82
L10,2025-08-31,exp_cam,-912.53
L10,2025-08-31,exp_property_tax,-1091.17
L10,2025-08-31,exp_marketing,-1802.94
L10,2025-08-31,exp_pos_software,-587.91
L10,2025-08-31,exp_equipment_maintenance,-1036.75
L10,2025-08-31,exp_cleaning,-717.55
L10,2025-08-31,exp_cc_fees,-1551.92
L10,2025-08-31,exp_office_supplies,-288.22
L10,2025-08-31,exp_waste_removal,-453.5
L10,2025-08-31,exp_corporate_overhead,-2212.6
L10,2025-08-31,exp_training,-521.67
L10,2025-08-31,exp_general_liability_ins,-590.57
L10,2025-08-31,exp_bank_fees,-225.93
L10,2025-08-31,exp_depreciation,-1561.28
L10,2025-08-31,exp_professional_fees,-603.16
L10,2025-09-30,rev_drip_coffee,16793.1
L10,2025-09-30,rev_espresso_drinks,22449.49
L10,2025-09-30,rev_cold_brew,10760.24
L10,2025-09-30,rev_specialty_seasonal,7683.08
L10,2025-09-30,rev_tea,3546.09
L10,2025-09-30,rev_pastries,8119.77
L10,2025-09-30,rev_sandwiches,6828.71
L10,2025-09-30,rev_breakfast,4684.53
L10,2025-09-30,rev_snacks,2343.48
L10,2025-09-30,rev_whole_bean,3577.48
L10,2025-09-30,rev_brew_equipment,1296.32
L10,2025-09-30,rev_merchandise,1002.21
L10,2025-09-30,rev_gift_cards,1618.9
L10,2025-09-30,rev_catering,2484.0
L10,2025-09-30,rev_wholesale,1918.06
L10,2025-09-30,exp_coffee_beans,-9513.46
L10,2025-09-30,exp_dairy,-5626.67
L10,2025-09-30,exp_syrups,-1932.94
L10,2025-09-30,exp_food_ingredients,-4760.19
L10,2025-09-30,exp_packaging,-2114.29
L10,2025-09-30,exp_retail_cogs,-1572.49
L10,2025-09-30,exp_barista_wages,-16545.74
L10,2025-09-30,exp_shift_lead_wages,-5513.81
L10,2025-09-30,exp_store_manager_salary,-5947.17
L10,2025-09-30,exp_payroll_taxes,-2628.65
L10,2025-09-30,exp_employee_benefits,-2189.86
L10,2025-09-30,exp_overtime,-1077.97
L10,2025-09-30,exp_rent,-7582.78
L10,2025-09-30,exp_utilities,-1581.68
L10,2025-09-30,exp_property_insurance,-638.19
L10,2025-09-30,exp_cam,-867.73
L10,2025-09-30,exp_property_tax,-1114.43
L10,2025-09-30,exp_marketing,-1839.42
L10,2025-09-30,exp_pos_software,-626.2
L10,2025-09-30,exp_equipment_maintenance,-880.56
L10,2025-09-30,exp_cleaning,-702.76
L10,2025-09-30,exp_cc_fees,-1728.0
L10,2025-09-30,exp_office_supplies,-329.68
L10,2025-09-30,exp_waste_removal,-426.53
L10,2025-09-30,exp_corporate_overhead,-2200.17
L10,2025-09-30,exp_training,-522.98
L10,2025-09-30,exp_general_liability_ins,-532.72
L10,2025-09-30,exp_bank_fees,-234.94
L10,2025-09-30,exp_depreciation,-1523.15
L10,2025-09-30,exp_professional_fees,-655.66
L10,2025-10-31,rev_drip_coffee,15202.9
L10,2025-10-31,rev_espresso_drinks,21173.93
L10,2025-10-31,rev_cold_brew,8767.13
L10,2025-10-31,rev_specialty_seasonal,5786.51
L10,2025-10-31,rev_tea,3508.02
L10,2025-10-31,rev_pastries,7879.46
L10,2025-10-31,rev_sandwiches,8031.51
L10,2025-10-31,rev_breakfast,4738.93
L10,2025-10-31,rev_snacks,2273.31
L10,2025-10-31,rev_whole_bean,3454.32
L10,2025-10-31,rev_brew_equipment,1408.28
L10,2025-10-31,rev_merchandise,992.65
L10,2025-10-31,rev_gift_cards,1781.23
L10,2025-10-31,rev_catering,2529.46
L10,2025-10-31,rev_wholesale,1808.3
L10,2025-10-31,exp_coffee_beans,-10069.47
L10,2025-10-31,exp_dairy,-5098.33
L10,2025-10-31,exp_syrups,-2107.46
L10,2025-10-31,exp_food_ingredients,-4473.61
L10,2025-10-31,exp_packaging,-2187.12
L10,2025-10-31,exp_retail_cogs,-1403.34
L10,2025-10-31,exp_barista_wages,-15687.27
L10,2025-10-31,exp_shift_lead_wages,-5386.32
L10,2025-10-31,exp_store_manager_salary,-5745.16
L10,2025-10-31,exp_payroll_taxes,-2756.23
L10,2025-10-31,exp_employee_benefits,-2139.23
L10,2025-10-31,exp_overtime,-1297.67
L10,2025-10-31,exp_rent,-7798.79
L10,2025-10-31,exp_utilities,-1563.95
L10,2025-10-31,exp_property_insurance,-648.15
L10,2025-10-31,exp_cam,-925.13
L10,2025-10-31,exp_property_tax,-1106.54
L10,2025-10-31,exp_marketing,-1771.98
L10,2025-10-31,exp_pos_software,-756.84
L10,2025-10-31,exp_equipment_maintenance,-1055.92
L10,2025-10-31,exp_cleaning,-754.17
L10,2025-10-31,exp_cc_fees,-1695.6
L10,2025-10-31,exp_office_supplies,-363.38
L10,2025-10-31,exp_waste_removal,-439.52
L10,2025-10-31,exp_corporate_overhead,-1868.68
L10,2025-10-31,exp_training,-538.39
L10,2025-10-31,exp_general_liability_ins,-470.41
L10,2025-10-31,exp_bank_fees,-198.71
L10,2025-10-31,exp_depreciation,-1318.36
L10,2025-10-31,exp_professional_fees,-538.28
L10,2025-11-30,rev_drip_coffee,14013.28
L10,2025-11-30,rev_espresso_drinks,26084.75
L10,2025-11-30,rev_cold_brew,11478.33
L10,2025-11-30,rev_specialty_seasonal,8194.01
L10,2025-11-30,rev_tea,3663.21
L10,2025-11-30,rev_pastries,9188.89
L10,2025-11-30,rev_sandwiches,7618.95
L10,2025-11-30,rev_breakfast,5092.18
L10,2025-11-30,rev_snacks,2816.01
L10,2025-11-30,rev_whole_bean,3121.41
L10,2025-11-30,rev_brew_equipment,1563.17
L10,2025-11-30,rev_merchandise,980.11
L10,2025-11-30,rev_gift_cards,1606.35
L10,2025-11-30,rev_catering,2195.8
L10,2025-11-30,rev_wholesale,1902.0
L10,2025-11-30,exp_coffee_beans,-10018.43
L10,2025-11-30,exp_dairy,-6161.1
L10,2025-11-30,exp_syrups,-2249.13
L10,2025-11-30,exp_food_ingredients,-4961.79
L10,2025-11-30,exp_packaging,-2451.17
L10,2025-11-30,exp_retail_cogs,-1665.02
L10,2025-11-30,exp_barista_wages,-17256.89
L10,2025-11-30,exp_shift_lead_wages,-5118.97
L10,2025-11-30,exp_store_manager_salary,-5951.68
L10,2025-11-30,exp_payroll_taxes,-3052.54
L10,2025-11-30,exp_employee_benefits,-1904.03
L10,2025-11-30,exp_overtime,-1122.72
L10,2025-11-30,exp_rent,-7828.49
L10,2025-11-30,exp_utilities,-1585.2
L10,2025-11-30,exp_property_insurance,-628.81
L10,2025-11-30,exp_cam,-877.52
L10,2025-11-30,exp_property_tax,-1075.38
L10,2025-11-30,exp_marketing,-1952.84
L10,2025-11-30,exp_pos_software,-692.41
L10,2025-11-30,exp_equipment_maintenance,-1101.37
L10,2025-11-30,exp_cleaning,-586.43
L10,2025-11-30,exp_cc_fees,-1418.77
L10,2025-11-30,exp_office_supplies,-290.03
L10,2025-11-30,exp_waste_removal,-461.01
L10,2025-11-30,exp_corporate_overhead,-2490.21
L10,2025-11-30,exp_training,-522.09
L10,2025-11-30,exp_general_liability_ins,-489.07
L10,2025-11-30,exp_bank_fees,-207.98
L10,2025-11-30,exp_depreciation,-1193.89
L10,2025-11-30,exp_professional_fees,-670.17
L10,2025-12-31,rev_drip_coffee,18225.25
L10,2025-12-31,rev_espresso_drinks,24221.26
L10,2025-12-31,rev_cold_brew,13078.42
L10,2025-12-31,rev_specialty_seasonal,11079.75
L10,2025-12-31,rev_tea,4417.05
L10,2025-12-31,rev_pastries,9599.99
L10,2025-12-31,rev_sandwiches,9431.61
L10,2025-12-31,rev_breakfast,5323.38
L10,2025-12-31,rev_snacks,2727.14
L10,2025-12-31,rev_whole_bean,4057.22
L10,2025-12-31,rev_brew_equipment,1836.97
L10,2025-12-31,rev_merchandise,1195.3
L10,2025-12-31,rev_gift_cards,2210.64
L10,2025-12-31,rev_catering,2668.68
L10,2025-12-31,rev_wholesale,2419.37
L10,2025-12-31,exp_coffee_beans,-10683.49
L10,2025-12-31,exp_dairy,-6821.41
L10,2025-12-31,exp_syrups,-2381.45
L10,2025-12-31,exp_food_ingredients,-5860.24
L10,2025-12-31,exp_packaging,-2647.92
L10,2025-12-31,exp_retail_cogs,-1964.22
L10,2025-12-31,exp_barista_wages,-15821.14
L10,2025-12-31,exp_shift_lead_wages,-5370.72
L10,2025-12-31,exp_store_manager_salary,-6164.46
L10,2025-12-31,exp_payroll_taxes,-3343.62
L10,2025-12-31,exp_employee_benefits,-2257.29
L10,2025-12-31,exp_overtime,-1349.54
L10,2025-12-31,exp_rent,-7788.7
L10,2025-12-31,exp_utilities,-1542.99
L10,2025-12-31,exp_property_insurance,-640.61
L10,2025-12-31,exp_cam,-903.68
L10,2025-12-31,exp_property_tax,-1097.51
L10,2025-12-31,exp_marketing,-1380.42
L10,2025-12-31,exp_pos_software,-582.52
L10,2025-12-31,exp_equipment_maintenance,-1042.82
L10,2025-12-31,exp_cleaning,-738.23
L10,2025-12-31,exp_cc_fees,-1843.63
L10,2025-12-31,exp_office_supplies,-305.27
L10,2025-12-31,exp_waste_removal,-460.68
L10,2025-12-31,exp_corporate_overhead,-2379.86
L10,2025-12-31,exp_training,-600.4
L10,2025-12-31,exp_general_liability_ins,-478.25
L10,2025-12-31,exp_bank_fees,-166.34
L10,2025-12-31,exp_depreciation,-1458.83
L10,2025-12-31,exp_professional_fees,-609.19
L11,2023-01-31,rev_drip_coffee,9892.3
L11,2023-01-31,rev_espresso_drinks,18315.15
L11,2023-01-31,rev_cold_brew,7249.9
L11,2023-01-31,rev_specialty_seasonal,7814.44
L11,2023-01-31,rev_tea,2534.14
L11,2023-01-31,rev_pastries,5431.51
L11,2023-01-31,rev_sandwiches,5888.86
L11,2023-01-31,rev_breakfast,3146.5
L11,2023-01-31,rev_snacks,1766.49
L11,2023-01-31,rev_whole_bean,2147.73
L11,2023-01-31,rev_brew_equipment,1041.19
L11,2023-01-31,rev_merchandise,718.6
L11,2023-01-31,rev_gift_cards,1106.77
L11,2023-01-31,rev_catering,1625.08
L11,2023-01-31,rev_wholesale,1342.8
L11,2023-01-31,exp_coffee_beans,-6112.0
L11,2023-01-31,exp_dairy,-3840.12
L11,2023-01-31,exp_syrups,-1239.21
L11,2023-01-31,exp_food_ingredients,-2748.94
L11,2023-01-31,exp_packaging,-1581.45
L11,2023-01-31,exp_retail_cogs,-971.71
L11,2023-01-31,exp_barista_wages,-12022.53
L11,2023-01-31,exp_shift_lead_wages,-3690.67
L11,2023-01-31,exp_store_manager_salary,-4390.27
L11,2023-01-31,exp_payroll_taxes,-2010.62
L11,2023-01-31,exp_employee_benefits,-1705.73
L11,2023-01-31,exp_overtime,-946.06
L11,2023-01-31,exp_rent,-6834.51
L11,2023-01-31,exp_utilities,-1401.04
L11,2023-01-31,exp_property_insurance,-559.86
L11,2023-01-31,exp_cam,-777.78
L11,2023-01-31,exp_property_tax,-964.44
L11,2023-01-31,exp_marketing,-1372.37
L11,2023-01-31,exp_pos_software,-664.65
L11,2023-01-31,exp_equipment_maintenance,-773.09
L11,2023-01-31,exp_cleaning,-579.35
L11,2023-01-31,exp_cc_fees,-1243.76
L11,2023-01-31,exp_office_supplies,-257.16
L11,2023-01-31,exp_waste_removal,-385.93
L11,2023-01-31,exp_corporate_overhead,-2525.92
L11,2023-01-31,exp_training,-420.73
L11,2023-01-31,exp_general_liability_ins,-426.02
L11,2023-01-31,exp_bank_fees,-184.09
L11,2023-01-31,exp_depreciation,-1273.77
L11,2023-01-31,exp_professional_fees,-670.75
L11,2023-02-28,rev_drip_coffee,12276.52
L11,2023-02-28,rev_espresso_drinks,15548.42
L11,2023-02-28,rev_cold_brew,7710.07
L11,2023-02-28,rev_specialty_seasonal,7126.71
L11,2023-02-28,rev_tea,2562.24
L11,2023-02-28,rev_pastries,5233.62
L11,2023-02-28,rev_sandwiches,4875.39
L11,2023-02-28,rev_breakfast,3378.99
L11,2023-02-28,rev_snacks,1909.86
L11,2023-02-28,rev_whole_bean,2301.06
L11,2023-02-28,rev_brew_equipment,1078.81
L11,2023-02-28,rev_merchandise,744.4
L11,2023-02-28,rev_gift_cards,1043.04
L11,2023-02-28,rev_catering,1601.29
L11,2023-02-28,rev_wholesale,1577.99
L11,2023-02-28,exp_coffee_beans,-6045.53
L11,2023-02-28,exp_dairy,-3298.75
L11,2023-02-28,exp_syrups,-1237.34
L11,2023-02-28,exp_food_ingredients,-2926.15
L11,2023-02-28,exp_packaging,-1186.5
L11,2023-02-28,exp_retail_cogs,-979.71
L11,2023-02-28,exp_barista_wages,-11787.62
L11,2023-02-28,exp_shift_lead_wages,-3370.82
L11,2023-02-28,exp_store_manager_salary,-4447.75
L11,2023-02-28,exp_payroll_taxes,-1967.82
L11,2023-02-28,exp_employee_benefits,-1600.2
L11,2023-02-28,exp_overtime,-896.59
L11,2023-02-28,exp_rent,-6553.72
L11,2023-02-28,exp_utilities,-1332.46
L11,2023-02-28,exp_property_insurance,-549.83
L11,2023-02-28,exp_cam,-785.23
L11,2023-02-28,exp_property_tax,-947.91
L11,2023-02-28,exp_marketing,-1533.25
L11,2023-02-28,exp_pos_software,-476.5
L11,2023-02-28,exp_equipment_maintenance,-784.39
L11,2023-02-28,exp_cleaning,-644.68
L11,2023-02-28,exp_cc_fees,-1486.71
L11,2023-02-28,exp_office_supplies,-277.72
L11,2023-02-28,exp_waste_removal,-259.84
L11,2023-02-28,exp_corporate_overhead,-1919.66
L11,2023-02-28,exp_training,-424.5
L11,2023-02-28,exp_general_liability_ins,-374.37
L11,2023-02-28,exp_bank_fees,-172.68
L11,2023-02-28,exp_depreciation,-1252.5
L11,2023-02-28,exp_professional_fees,-546.91
L11,2023-03-31,rev_drip_coffee,12750.88
L11,2023-03-31,rev_espresso_drinks,15047.05
L11,2023-03-31,rev_cold_brew,7790.68
L11,2023-03-31,rev_specialty_seasonal,4268.41
L11,2023-03-31,rev_tea,2675.96
L11,2023-03-31,rev_pastries,5674.84
L11,2023-03-31,rev_sandwiches,6198.8
L11,2023-03-31,rev_breakfast,3450.41
L11,2023-03-31,rev_snacks,2026.32
L11,2023-03-31,rev_whole_bean,2439.28
L11,2023-03-31,rev_brew_equipment,1047.73
L11,2023-03-31,rev_merchandise,671.67
L11,2023-03-31,rev_gift_cards,1331.45
L11,2023-03-31,rev_catering,2052.28
L11,2023-03-31,rev_wholesale,1515.13
L11,2023-03-31,exp_coffee_beans,-6309.7
L11,2023-03-31,exp_dairy,-3738.62
L11,2023-03-31,exp_syrups,-1325.9
L11,2023-03-31,exp_food_ingredients,-3309.96
L11,2023-03-31,exp_packaging,-1558.29
L11,2023-03-31,exp_retail_cogs,-1062.03
L11,2023-03-31,exp_barista_wages,-12504.99
L11,2023-03-31,exp_shift_lead_wages,-3921.96
L11,2023-03-31,exp_store_manager_salary,-4695.66
L11,2023-03-31,exp_payroll_taxes,-1993.64
L11,2023-03-31,exp_employee_benefits,-1567.56
L11,2023-03-31,exp_overtime,-1001.97
L11,2023-03-31,exp_rent,-6693.32
L11,2023-03-31,exp_utilities,-1398.43
L11,2023-03-31,exp_property_insurance,-575.89
L11,2023-03-31,exp_cam,-780.01
L11,2023-03-31,exp_property_tax,-950.28
L11,2023-03-31,exp_marketing,-2038.03
L11,2023-03-31,exp_pos_software,-542.81
L11,2023-03-31,exp_equipment_maintenance,-725.99
L11,2023-03-31,exp_cleaning,-583.53
L11,2023-03-31,exp_cc_fees,-1634.88
L11,2023-03-31,exp_office_supplies,-253.89
L11,2023-03-31,exp_waste_removal,-325.21
L11,2023-03-31,exp_corporate_overhead,-2286.35
L11,2023-03-31,exp_training,-433.91
L11,2023-03-31,exp_general_liability_ins,-407.18
L11,2023-03-31,exp_bank_fees,-199.46
L11,2023-03-31,exp_depreciation,-1074.95
L11,2023-03-31,exp_professional_fees,-468.33
L11,2023-04-30,rev_drip_coffee,11055.34
L11,2023-04-30,rev_espresso_drinks,18850.92
L11,2023-04-30,rev_cold_brew,8580.12
L11,2023-04-30,rev_specialty_seasonal,5023.35
L11,2023-04-30,rev_tea,2645.97
L11,2023-04-30,rev_pastries,6377.73
L11,2023-04-30,rev_sandwiches,6447.06
L11,2023-04-30,rev_breakfast,3281.59
L11,2023-04-30,rev_snacks,1868.22
L11,2023-04-30,rev_whole_bean,2405.75
L11,2023-04-30,rev_brew_equipment,1165.54
L11,2023-04-30,rev_merchandise,792.85
L11,2023-04-30,rev_gift_cards,1604.61
L11,2023-04-30,rev_catering,1919.91
L11,2023-04-30,rev_wholesale,1537.3
L11,2023-04-30,exp_coffee_beans,-7060.67
L11,2023-04-30,exp_dairy,-4111.19
L11,2023-04-30,exp_syrups,-1357.49
L11,2023-04-30,exp_food_ingredients,-3527.74
L11,2023-04-30,exp_packaging,-1543.13
L11,2023-04-30,exp_retail_cogs,-1116.62
L11,2023-04-30,exp_barista_wages,-13104.37
L11,2023-04-30,exp_shift_lead_wages,-4015.51
L11,2023-04-30,exp_store_manager_salary,-5082.6
L11,2023-04-30,exp_payroll_taxes,-2013.48
L11,2023-04-30,exp_employee_benefits,-1765.19
L11,2023-04-30,exp_overtime,-972.91
L11,2023-04-30,exp_rent,-6821.88
L11,2023-04-30,exp_utilities,-1366.49
L11,2023-04-30,exp_property_insurance,-553.62
L11,2023-04-30,exp_cam,-783.27
L11,2023-04-30,exp_property_tax,-950.27
L11,2023-04-30,exp_marketing,-1417.29
L11,2023-04-30,exp_pos_software,-603.36
L11,2023-04-30,exp_equipment_maintenance,-874.54
L11,2023-04-30,exp_cleaning,-595.96
L11,2023-04-30,exp_cc_fees,-1349.01
L11,2023-04-30,exp_office_supplies,-302.25
L11,2023-04-30,exp_waste_removal,-374.9
L11,2023-04-30,exp_corporate_overhead,-1730.43
L11,2023-04-30,exp_training,-462.78
L11,2023-04-30,exp_general_liability_ins,-438.58
L11,2023-04-30,exp_bank_fees,-137.75
L11,2023-04-30,exp_depreciation,-1180.67
L11,2023-04-30,exp_professional_fees,-587.09
L11,2023-05-31,rev_drip_coffee,13665.97
L11,2023-05-31,rev_espresso_drinks,20127.35
L11,2023-05-31,rev_cold_brew,8594.87
L11,2023-05-31,rev_specialty_seasonal,5119.36
L11,2023-05-31,rev_tea,2621.25
L11,2023-05-31,rev_pastries,7442.86
L11,2023-05-31,rev_sandwiches,6563.86
L11,2023-05-31,rev_breakfast,4037.76
L11,2023-05-31,rev_snacks,1951.28
L11,2023-05-31,rev_whole_bean,2971.49
L11,2023-05-31,rev_brew_equipment,1109.3
L11,2023-05-31,rev_merchandise,754.18
L11,2023-05-31,rev_gift_cards,1455.53
L11,2023-05-31,rev_catering,2086.51
L11,2023-05-31,rev_wholesale,1838.88
L11,2023-05-31,exp_coffee_beans,-7021.75
L11,2023-05-31,exp_dairy,-3990.96
L11,2023-05-31,exp_syrups,-1400.45
L11,2023-05-31,exp_food_ingredients,-3207.53
L11,2023-05-31,exp_packaging,-1802.42
L11,2023-05-31,exp_retail_cogs,-1202.61
L11,2023-05-31,exp_barista_wages,-13810.48
L11,2023-05-31,exp_shift_lead_wages,-3957.42
L11,2023-05-31,exp_store_manager_salary,-4751.97
L11,2023-05-31,exp_payroll_taxes,-2219.79
L11,2023-05-31,exp_employee_benefits,-1668.49
L11,2023-05-31,exp_overtime,-966.08
L11,2023-05-31,exp_rent,-6600.1
L11,2023-05-31,exp_utilities,-1360.1
L11,2023-05-31,exp_property_insurance,-558.08
L11,2023-05-31,exp_cam,-759.28
L11,2023-05-31,exp_property_tax,-948.91
L11,2023-05-31,exp_marketing,-1587.87
L11,2023-05-31,exp_pos_software,-522.27
L11,2023-05-31,exp_equipment_maintenance,-747.43
L11,2023-05-31,exp_cleaning,-606.72
L11,2023-05-31,exp_cc_fees,-1343.82
L11,2023-05-31,exp_office_supplies,-292.99
L11,2023-05-31,exp_waste_removal,-390.29
L11,2023-05-31,exp_corporate_overhead,-1800.65
L11,2023-05-31,exp_training,-542.97
L11,2023-05-31,exp_general_liability_ins,-408.73
L11,2023-05-31,exp_bank_fees,-187.54
L11,2023-05-31,exp_depreciation,-1070.79
L11,2023-05-31,exp_professional_fees,-611.66
L11,2023-06-30,rev_drip_coffee,13789.73
L11,2023-06-30,rev_espresso_drinks,19538.0
L11,2023-06-30,rev_cold_brew,12124.5
L11,2023-06-30,rev_specialty_seasonal,5828.22
L11,2023-06-30,rev_tea,3375.59
L11,2023-06-30,rev_pastries,7402.03
L11,2023-06-30,rev_sandwiches,6607.49
L11,2023-06-30,rev_breakfast,3714.58
L11,2023-06-30,rev_snacks,2073.58
L11,2023-06-30,rev_whole_bean,2868.28
L11,2023-06-30,rev_brew_equipment,1394.46
L11,2023-06-30,rev_merchandise,910.41
L11,2023-06-30,rev_gift_cards,1635.08
L11,2023-06-30,rev_catering,2113.23
L11,2023-06-30,rev_wholesale,1782.27
L11,2023-06-30,exp_coffee_beans,-7517.01
L11,2023-06-30,exp_dairy,-4062.01
L11,2023-06-30,exp_syrups,-1548.71
L11,2023-06-30,exp_food_ingredients,-3476.74
L11,2023-06-30,exp_packaging,-1640.52
L11,2023-06-30,exp_retail_cogs,-1200.95
L11,2023-06-30,exp_barista_wages,-13420.37
L11,2023-06-30,exp_shift_lead_wages,-3847.83
L11,2023-06-30,exp_store_manager_salary,-4678.44
L11,2023-06-30,exp_payroll_taxes,-2394.11
L11,2023-06-30,exp_employee_benefits,-1599.23
L11,2023-06-30,exp_overtime,-999.96
L11,2023-06-30,exp_rent,-6534.32
L11,2023-06-30,exp_utilities,-1351.76
L11,2023-06-30,exp_property_insurance,-555.33
L11,2023-06-30,exp_cam,-756.72
L11,2023-06-30,exp_property_tax,-954.35
L11,2023-06-30,exp_marketing,-1752.54
L11,2023-06-30,exp_pos_software,-576.56
L11,2023-06-30,exp_equipment_maintenance,-898.35
L11,2023-06-30,exp_cleaning,-517.58
L11,2023-06-30,exp_cc_fees,-1380.87
L11,2023-06-30,exp_office_supplies,-305.26
L11,2023-06-30,exp_waste_removal,-382.31
L11,2023-06-30,exp_corporate_overhead,-2419.52
L11,2023-06-30,exp_training,-493.71
L11,2023-06-30,exp_general_liability_ins,-448.63
L11,2023-06-30,exp_bank_fees,-227.56
L11,2023-06-30,exp_depreciation,-1169.1
L11,2023-06-30,exp_professional_fees,-533.09
L11,2023-07-31,rev_drip_coffee,14505.78
L11,2023-07-31,rev_espresso_drinks,19198.07
L11,2023-07-31,rev_cold_brew,13120.72
L11,2023-07-31,rev_specialty_seasonal,5270.82
L11,2023-07-31,rev_tea,3211.7
L11,2023-07-31,rev_pastries,7427.49
L11,2023-07-31,rev_sandwiches,7323.25
L11,2023-07-31,rev_breakfast,4403.73
L11,2023-07-31,rev_snacks,2093.83
L11,2023-07-31,rev_whole_bean,3565.7
L11,2023-07-31,rev_brew_equipment,1397.36
L11,2023-07-31,rev_merchandise,904.81
L11,2023-07-31,rev_gift_cards,1374.0
L11,2023-07-31,rev_catering,2062.44
L11,2023-07-31,rev_wholesale,1924.64
L11,2023-07-31,exp_coffee_beans,-7850.0
L11,2023-07-31,exp_dairy,-4593.45
L11,2023-07-31,exp_syrups,-1625.81
L11,2023-07-31,exp_food_ingredients,-3375.61
L11,2023-07-31,exp_packaging,-1768.18
L11,2023-07-31,exp_retail_cogs,-1358.48
L11,2023-07-31,exp_barista_wages,-14347.63
L11,2023-07-31,exp_shift_lead_wages,-4145.84
L11,2023-07-31,exp_store_manager_salary,-5408.35
L11,2023-07-31,exp_payroll_taxes,-2049.04
L11,2023-07-31,exp_employee_benefits,-1685.86
L11,2023-07-31,exp_overtime,-1137.38
L11,2023-07-31,exp_rent,-6767.72
L11,2023-07-31,exp_utilities,-1364.46
L11,2023-07-31,exp_property_insurance,-556.92
L11,2023-07-31,exp_cam,-759.51
L11,2023-07-31,exp_property_tax,-948.73
L11,2023-07-31,exp_marketing,-1574.41
L11,2023-07-31,exp_pos_software,-532.86
L11,2023-07-31,exp_equipment_maintenance,-720.35
L11,2023-07-31,exp_cleaning,-616.32
L11,2023-07-31,exp_cc_fees,-1340.33
L11,2023-07-31,exp_office_supplies,-262.88
L11,2023-07-31,exp_waste_removal,-396.22
L11,2023-07-31,exp_corporate_overhead,-2505.23
L11,2023-07-31,exp_training,-532.67
L11,2023-07-31,exp_general_liability_ins,-438.48
L11,2023-07-31,exp_bank_fees,-175.34
L11,2023-07-31,exp_depreciation,-1149.8
L11,2023-07-31,exp_professional_fees,-571.22
L11,2023-08-31,rev_drip_coffee,13221.02
L11,2023-08-31,rev_espresso_drinks,21904.28
L11,2023-08-31,rev_cold_brew,10449.8
L11,2023-08-31,rev_specialty_seasonal,5711.4
L11,2023-08-31,rev_tea,3413.54
L11,2023-08-31,rev_pastries,6685.89
L11,2023-08-31,rev_sandwiches,6385.18
L11,2023-08-31,rev_breakfast,4052.13
L11,2023-08-31,rev_snacks,2433.67
L11,2023-08-31,rev_whole_bean,2622.13
L11,2023-08-31,rev_brew_equipment,1176.35
L11,2023-08-31,rev_merchandise,784.9
L11,2023-08-31,rev_gift_cards,1323.94
L11,2023-08-31,rev_catering,1832.23
L11,2023-08-31,rev_wholesale,1566.18
L11,2023-08-31,exp_coffee_beans,-7904.69
L11,2023-08-31,exp_dairy,-4301.99
L11,2023-08-31,exp_syrups,-1540.07
L11,2023-08-31,exp_food_ingredients,-3313.71
L11,2023-08-31,exp_packaging,-1753.35
L11,2023-08-31,exp_retail_cogs,-1327.79
L11,2023-08-31,exp_barista_wages,-12504.42
L11,2023-08-31,exp_shift_lead_wages,-4519.99
L11,2023-08-31,exp_store_manager_salary,-4954.46
L11,2023-08-31,exp_payroll_taxes,-2175.64
L11,2023-08-31,exp_employee_benefits,-1797.62
L11,2023-08-31,exp_overtime,-1026.63
L11,2023-08-31,exp_rent,-6938.88
L11,2023-08-31,exp_utilities,-1386.67
L11,2023-08-31,exp_property_insurance,-563.57
L11,2023-08-31,exp_cam,-765.46
L11,2023-08-31,exp_property_tax,-959.35
L11,2023-08-31,exp_marketing,-1396.2
L11,2023-08-31,exp_pos_software,-537.6
L11,2023-08-31,exp_equipment_maintenance,-1049.8
L11,2023-08-31,exp_cleaning,-450.06
L11,2023-08-31,exp_cc_fees,-1448.27
L11,2023-08-31,exp_office_supplies,-299.55
L11,2023-08-31,exp_waste_removal,-343.65
L11,2023-08-31,exp_corporate_overhead,-2016.48
L11,2023-08-31,exp_training,-450.1
L11,2023-08-31,exp_general_liability_ins,-401.34
L11,2023-08-31,exp_bank_fees,-184.12
L11,2023-08-31,exp_depreciation,-1101.49
L11,2023-08-31,exp_professional_fees,-659.97
L11,2023-09-30,rev_drip_coffee,12430.23
L11,2023-09-30,rev_espresso_drinks,19210.05
L11,2023-09-30,rev_cold_brew,8115.08
L11,2023-09-30,rev_specialty_seasonal,5829.29
L11,2023-09-30,rev_tea,3149.19
L11,2023-09-30,rev_pastries,6872.23
L11,2023-09-30,rev_sandwiches,5540.64
L11,2023-09-30,rev_breakfast,3371.16
L11,2023-09-30,rev_snacks,2283.7
L11,2023-09-30,rev_whole_bean,2546.52
L11,2023-09-30,rev_brew_equipment,1287.66
L11,2023-09-30,rev_merchandise,727.9
L11,2023-09-30,rev_gift_cards,1512.76
L11,2023-09-30,rev_catering,1819.08
L11,2023-09-30,rev_wholesale,1453.47
L11,2023-09-30,exp_coffee_beans,-6658.1
L11,2023-09-30,exp_dairy,-3940.14
L11,2023-09-30,exp_syrups,-1454.68
L11,2023-09-30,exp_food_ingredients,-3238.06
L11,2023-09-30,exp_packaging,-1489.62
L11,2023-09-30,exp_retail_cogs,-1124.08
L11,2023-09-30,exp_barista_wages,-11911.89
L11,2023-09-30,exp_shift_lead_wages,-4119.48
L11,2023-09-30,exp_store_manager_salary,-4927.76
L11,2023-09-30,exp_payroll_taxes,-2101.56
L11,2023-09-30,exp_employee_benefits,-1727.56
L11,2023-09-30,exp_overtime,-1073.46
L11,2023-09-30,exp_rent,-6669.29
L11,2023-09-30,exp_utilities,-1346.47
L11,2023-09-30,exp_property_insurance,-563.99
L11,2023-09-30,exp_cam,-754.48
L11,2023-09-30,exp_property_tax,-939.54
L11,2023-09-30,exp_marketing,-1451.45
L11,2023-09-30,exp_pos_software,-494.48
L11,2023-09-30,exp_equipment_maintenance,-794.48
L11,2023-09-30,exp_cleaning,-654.45
L11,2023-09-30,exp_cc_fees,-1571.76
L11,2023-09-30,exp_office_supplies,-318.64
L11,2023-09-30,exp_waste_removal,-363.5
L11,2023-09-30,exp_corporate_overhead,-2005.53
L11,2023-09-30,exp_training,-340.86
L11,2023-09-30,exp_general_liability_ins,-426.85
L11,2023-09-30,exp_bank_fees,-139.07
L11,2023-09-30,exp_depreciation,-935.23
L11,2023-09-30,exp_professional_fees,-540.08
L11,2023-10-31,rev_drip_coffee,12700.5
L11,2023-10-31,rev_espresso_drinks,17362.55
L11,2023-10-31,rev_cold_brew,9438.46
L11,2023-10-31,rev_specialty_seasonal,5514.59
L11,2023-10-31,rev_tea,2858.13
L11,2023-10-31,rev_pastries,7241.81
L11,2023-10-31,rev_sandwiches,6659.46
L11,2023-10-31,rev_breakfast,3660.94
L11,2023-10-31,rev_snacks,1850.45
L11,2023-10-31,rev_whole_bean,2541.95
L11,2023-10-31,rev_brew_equipment,1061.85
L11,2023-10-31,rev_merchandise,769.35
L11,2023-10-31,rev_gift_cards,1257.1
L11,2023-10-31,rev_catering,1837.35
L11,2023-10-31,rev_wholesale,1576.12
L11,2023-10-31,exp_coffee_beans,-6097.28
L11,2023-10-31,exp_dairy,-3721.85
L11,2023-10-31,exp_syrups,-1362.44
L11,2023-10-31,exp_food_ingredients,-3155.29
L11,2023-10-31,exp_packaging,-1506.86
L11,2023-10-31,exp_retail_cogs,-1088.65
L11,2023-10-31,exp_barista_wages,-12147.28
L11,2023-10-31,exp_shift_lead_wages,-3591.77
L11,2023-10-31,exp_store_manager_salary,-4507.02
L11,2023-10-31,exp_payroll_taxes,-2060.67
L11,2023-10-31,exp_employee_benefits,-1654.55
L11,2023-10-31,exp_overtime,-969.86
L11,2023-10-31,exp_rent,-6746.43
L11,2023-10-31,exp_utilities,-1391.1
L11,2023-10-31,exp_property_insurance,-550.47
L11,2023-10-31,exp_cam,-747.64
L11,2023-10-31,exp_property_tax,-967.51
L11,2023-10-31,exp_marketing,-1603.44
L11,2023-10-31,exp_pos_software,-481.03
L11,2023-10-31,exp_equipment_maintenance,-837.48
L11,2023-10-31,exp_cleaning,-664.54
L11,2023-10-31,exp_cc_fees,-1660.0
L11,2023-10-31,exp_office_supplies,-298.94
L11,2023-10-31,exp_waste_removal,-388.94
L11,2023-10-31,exp_corporate_overhead,-1809.57
L11,2023-10-31,exp_training,-444.42
L11,2023-10-31,exp_general_liability_ins,-397.92
L11,2023-10-31,exp_bank_fees,-186.3
L11,2023-10-31,exp_depreciation,-1344.52
L11,2023-10-31,exp_professional_fees,-562.67
L11,2023-11-30,rev_drip_coffee,12424.61
L11,2023-11-30,rev_espresso_drinks,17487.3
L11,2023-11-30,rev_cold_brew,10273.61
L11,2023-11-30,rev_specialty_seasonal,8670.29
L11,2023-11-30,rev_tea,3262.53
L11,2023-11-30,rev_pastries,6846.74
L11,2023-11-30,rev_sandwiches,6528.86
L11,2023-11-30,rev_breakfast,3498.2
L11,2023-11-30,rev_snacks,2196.63
L11,2023-11-30,rev_whole_bean,2601.81
L11,2023-11-30,rev_brew_equipment,1259.63
L11,2023-11-30,rev_merchandise,790.85
L11,2023-11-30,rev_gift_cards,1095.94
L11,2023-11-30,rev_catering,1981.46
L11,2023-11-30,rev_wholesale,1547.54
L11,2023-11-30,exp_coffee_beans,-7233.22
L11,2023-11-30,exp_dairy,-4291.09
L11,2023-11-30,exp_syrups,-1643.15
L11,2023-11-30,exp_food_ingredients,-3468.74
L11,2023-11-30,exp_packaging,-1696.49
L11,2023-11-30,exp_retail_cogs,-1221.4
L11,2023-11-30,exp_barista_wages,-13788.63
L11,2023-11-30,exp_shift_lead_wages,-4174.42
L11,2023-11-30,exp_store_manager_salary,-4891.35
L11,2023-11-30,exp_payroll_taxes,-2248.24
L11,2023-11-30,exp_employee_benefits,-1488.0
L11,2023-11-30,exp_overtime,-1119.92
L11,2023-11-30,exp_rent,-6903.1
L11,2023-11-30,exp_utilities,-1378.35
L11,2023-11-30,exp_property_insurance,-541.78
L11,2023-11-30,exp_cam,-790.65
L11,2023-11-30,exp_property_tax,-930.42
L11,2023-11-30,exp_marketing,-1626.36
L11,2023-11-30,exp_pos_software,-463.57
L11,2023-11-30,exp_equipment_maintenance,-996.27
L11,2023-11-30,exp_cleaning,-513.83
L11,2023-11-30,exp_cc_fees,-1425.04
L11,2023-11-30,exp_office_supplies,-229.74
L11,2023-11-30,exp_waste_removal,-350.22
L11,2023-11-30,exp_corporate_overhead,-1971.03
L11,2023-11-30,exp_training,-496.75
L11,2023-11-30,exp_general_liability_ins,-394.2
L11,2023-11-30,exp_bank_fees,-200.64
L11,2023-11-30,exp_depreciation,-1039.36
L11,2023-11-30,exp_professional_fees,-533.48
L11,2023-12-31,rev_drip_coffee,14855.52
L11,2023-12-31,rev_espresso_drinks,22846.59
L11,2023-12-31,rev_cold_brew,10557.38
L11,2023-12-31,rev_specialty_seasonal,9951.09
L11,2023-12-31,rev_tea,3633.86
L11,2023-12-31,rev_pastries,8373.73
L11,2023-12-31,rev_sandwiches,6701.83
L11,2023-12-31,rev_breakfast,4423.87
L11,2023-12-31,rev_snacks,2716.48
L11,2023-12-31,rev_whole_bean,2807.99
L11,2023-12-31,rev_brew_equipment,1522.34
L11,2023-12-31,rev_merchandise,992.79
L11,2023-12-31,rev_gift_cards,1870.03
L11,2023-12-31,rev_catering,2435.9
L11,2023-12-31,rev_wholesale,1898.72
L11,2023-12-31,exp_coffee_beans,-8435.3
L11,2023-12-31,exp_dairy,-4668.79
L11,2023-12-31,exp_syrups,-1672.32
L11,2023-12-31,exp_food_ingredients,-3601.83
L11,2023-12-31,exp_packaging,-2025.06
L11,2023-12-31,exp_retail_cogs,-1376.67
L11,2023-12-31,exp_barista_wages,-13075.06
L11,2023-12-31,exp_shift_lead_wages,-4360.63
L11,2023-12-31,exp_store_manager_salary,-5432.17
L11,2023-12-31,exp_payroll_taxes,-2412.36
L11,2023-12-31,exp_employee_benefits,-1736.55
L11,2023-12-31,exp_overtime,-853.22
L11,2023-12-31,exp_rent,-6743.29
L11,2023-12-31,exp_utilities,-1348.04
L11,2023-12-31,exp_property_insurance,-564.47
L11,2023-12-31,exp_cam,-786.64
L11,2023-12-31,exp_property_tax,-964.53
L11,2023-12-31,exp_marketing,-1813.31
L11,2023-12-31,exp_pos_software,-597.55
L11,2023-12-31,exp_equipment_maintenance,-957.42
L11,2023-12-31,exp_cleaning,-683.22
L11,2023-12-31,exp_cc_fees,-1622.78
L11,2023-12-31,exp_office_supplies,-290.44
L11,2023-12-31,exp_waste_removal,-306.33
L11,2023-12-31,exp_corporate_overhead,-2569.57
L11,2023-12-31,exp_training,-448.83
L11,2023-12-31,exp_general_liability_ins,-462.3
L11,2023-12-31,exp_bank_fees,-170.21
L11,2023-12-31,exp_depreciation,-1269.57
L11,2023-12-31,exp_professional_fees,-414.74
L11,2024-01-31,rev_drip_coffee,11096.63
L11,2024-01-31,rev_espresso_drinks,16485.78
L11,2024-01-31,rev_cold_brew,8041.39
L11,2024-01-31,rev_specialty_seasonal,7723.55
L11,2024-01-31,rev_tea,2454.82
L11,2024-01-31,rev_pastries,6331.13
L11,2024-01-31,rev_sandwiches,5995.52
L11,2024-01-31,rev_breakfast,3853.04
L11,2024-01-31,rev_snacks,1922.79
L11,2024-01-31,rev_whole_bean,2362.76
L11,2024-01-31,rev_brew_equipment,995.07
L11,2024-01-31,rev_merchandise,816.35
L11,2024-01-31,rev_gift_cards,1340.71
L11,2024-01-31,rev_catering,1737.73
L11,2024-01-31,rev_wholesale,1239.71
L11,2024-01-31,exp_coffee_beans,-5953.34
L11,2024-01-31,exp_dairy,-3780.68
L11,2024-01-31,exp_syrups,-1312.35
L11,2024-01-31,exp_food_ingredients,-2634.41
L11,2024-01-31,exp_packaging,-1470.36
L11,2024-01-31,exp_retail_cogs,-938.22
L11,2024-01-31,exp_barista_wages,-13276.93
L11,2024-01-31,exp_shift_lead_wages,-3855.8
L11,2024-01-31,exp_store_manager_salary,-4382.27
L11,2024-01-31,exp_payroll_taxes,-2140.7
L11,2024-01-31,exp_employee_benefits,-1666.68
L11,2024-01-31,exp_overtime,-1006.75
L11,2024-01-31,exp_rent,-6701.15
L11,2024-01-31,exp_utilities,-1376.2
L11,2024-01-31,exp_property_insurance,-554.35
L11,2024-01-31,exp_cam,-776.03
L11,2024-01-31,exp_property_tax,-975.56
L11,2024-01-31,exp_marketing,-1466.31
L11,2024-01-31,exp_pos_software,-566.26
L11,2024-01-31,exp_equipment_maintenance,-743.11
L11,2024-01-31,exp_cleaning,-476.33
L11,2024-01-31,exp_cc_fees,-1444.63
L11,2024-01-31,exp_office_supplies,-302.43
L11,2024-01-31,exp_waste_removal,-347.8
L11,2024-01-31,exp_corporate_overhead,-1750.62
L11,2024-01-31,exp_training,-459.6
L11,2024-01-31,exp_general_liability_ins,-422.68
L11,2024-01-31,exp_bank_fees,-164.12
L11,2024-01-31,exp_depreciation,-1001.22
L11,2024-01-31,exp_professional_fees,-535.1
L11,2024-02-29,rev_drip_coffee,11804.39
L11,2024-02-29,rev_espresso_drinks,16788.9
L11,2024-02-29,rev_cold_brew,7047.8
L11,2024-02-29,rev_specialty_seasonal,7031.6
L11,2024-02-29,rev_tea,2817.21
L11,2024-02-29,rev_pastries,5328.37
L11,2024-02-29,rev_sandwiches,5365.38
L11,2024-02-29,rev_breakfast,3512.06
L11,2024-02-29,rev_snacks,1597.97
L11,2024-02-29,rev_whole_bean,2620.13
L11,2024-02-29,rev_brew_equipment,1223.46
L11,2024-02-29,rev_merchandise,683.94
L11,2024-02-29,rev_gift_cards,1203.92
L11,2024-02-29,rev_catering,1842.78
L11,2024-02-29,rev_wholesale,1371.89
L11,2024-02-29,exp_coffee_beans,-5386.97
L11,2024-02-29,exp_dairy,-3565.85
L11,2024-02-29,exp_syrups,-1290.53
L11,2024-02-29,exp_food_ingredients,-2959.16
L11,2024-02-29,exp_packaging,-1332.24
L11,2024-02-29,exp_retail_cogs,-982.0
L11,2024-02-29,exp_barista_wages,-12885.57
L11,2024-02-29,exp_shift_lead_wages,-3761.31
L11,2024-02-29,exp_store_manager_salary,-4058.4
L11,2024-02-29,exp_payroll_taxes,-2151.75
L11,2024-02-29,exp_employee_benefits,-1597.03
L11,2024-02-29,exp_overtime,-984.99
L11,2024-02-29,exp_rent,-6503.66
L11,2024-02-29,exp_utilities,-1369.07
L11,2024-02-29,exp_property_insurance,-563.22
L11,2024-02-29,exp_cam,-770.62
L11,2024-02-29,exp_property_tax,-921.19
L11,2024-02-29,exp_marketing,-1175.43
L11,2024-02-29,exp_pos_software,-612.81
L11,2024-02-29,exp_equipment_maintenance,-835.07
L11,2024-02-29,exp_cleaning,-670.48
L11,2024-02-29,exp_cc_fees,-1546.71
L11,2024-02-29,exp_office_supplies,-309.04
L11,2024-02-29,exp_waste_removal,-340.37
L11,2024-02-29,exp_corporate_overhead,-2159.4
L11,2024-02-29,exp_training,-509.92
L11,2024-02-29,exp_general_liability_ins,-415.13
L11,2024-02-29,exp_bank_fees,-214.38
L11,2024-02-29,exp_depreciation,-984.33
L11,2024-02-29,exp_professional_fees,-460.74
L11,2024-03-31,rev_drip_coffee,13068.08
L11,2024-03-31,rev_espresso_drinks,16390.9
L11,2024-03-31,rev_cold_brew,9523.22
L11,2024-03-31,rev_specialty_seasonal,5732.42
L11,2024-03-31,rev_tea,3200.43
L11,2024-03-31,rev_pastries,6796.85
L11,2024-03-31,rev_sandwiches,5338.17
L11,2024-03-31,rev_breakfast,2969.84
L11,2024-03-31,rev_snacks,2150.82
L11,2024-03-31,rev_whole_bean,2278.59
L11,2024-03-31,rev_brew_equipment,1317.57
L11,2024-03-31,rev_merchandise,791.97
L11,2024-03-31,rev_gift_cards,1328.21
L11,2024-03-31,rev_catering,1902.48
L11,2024-03-31,rev_wholesale,1559.37
L11,2024-03-31,exp_coffee_beans,-6524.25
L11,2024-03-31,exp_dairy,-4144.37
L11,2024-03-31,exp_syrups,-1455.87
L11,2024-03-31,exp_food_ingredients,-3104.53
L11,2024-03-31,exp_packaging,-1459.32
L11,2024-03-31,exp_retail_cogs,-1144.78
L11,2024-03-31,exp_barista_wages,-11024.76
L11,2024-03-31,exp_shift_lead_wages,-3994.93
L11,2024-03-31,exp_store_manager_salary,-4810.41
L11,2024-03-31,exp_payroll_taxes,-1962.15
L11,2024-03-31,exp_employee_benefits,-1765.14
L11,2024-03-31,exp_overtime,-951.46
L11,2024-03-31,exp_rent,-6617.36
L11,2024-03-31,exp_utilities,-1398.82
L11,2024-03-31,exp_property_insurance,-545.43
L11,2024-03-31,exp_cam,-785.39
L11,2024-03-31,exp_property_tax,-906.11
L11,2024-03-31,exp_marketing,-1588.05
L11,2024-03-31,exp_pos_software,-534.13
L11,2024-03-31,exp_equipment_maintenance,-770.88
L11,2024-03-31,exp_cleaning,-623.81
L11,2024-03-31,exp_cc_fees,-1404.01
L11,2024-03-31,exp_office_supplies,-322.39
L11,2024-03-31,exp_waste_removal,-371.37
L11,2024-03-31,exp_corporate_overhead,-2151.77
L11,2024-03-31,exp_training,-459.04
L11,2024-03-31,exp_general_liability_ins,-392.28
L11,2024-03-31,exp_bank_fees,-174.69
L11,2024-03-31,exp_depreciation,-1186.69
L11,2024-03-31,exp_professional_fees,-539.44
L11,2024-04-30,rev_drip_coffee,13881.7
L11,2024-04-30,rev_espresso_drinks,18600.91
L11,2024-04-30,rev_cold_brew,8875.16
L11,2024-04-30,rev_specialty_seasonal,4839.27
L11,2024-04-30,rev_tea,3214.79
L11,2024-04-30,rev_pastries,6371.14
L11,2024-04-30,rev_sandwiches,5560.37
L11,2024-04-30,rev_breakfast,4079.37
L11,2024-04-30,rev_snacks,2134.98
L11,2024-04-30,rev_whole_bean,2938.52
L11,2024-04-30,rev_brew_equipment,1275.61
L11,2024-04-30,rev_merchandise,785.37
L11,2024-04-30,rev_gift_cards,1375.23
L11,2024-04-30,rev_catering,2054.76
L11,2024-04-30,rev_wholesale,1725.91
L11,2024-04-30,exp_coffee_beans,-6914.19
L11,2024-04-30,exp_dairy,-4494.2
L11,2024-04-30,exp_syrups,-1418.68
L11,2024-04-30,exp_food_ingredients,-3016.67
L11,2024-04-30,exp_packaging,-1447.32
L11,2024-04-30,exp_retail_cogs,-1035.71
L11,2024-04-30,exp_barista_wages,-12497.33
L11,2024-04-30,exp_shift_lead_wages,-3919.1
L11,2024-04-30,exp_store_manager_salary,-4897.11
L11,2024-04-30,exp_payroll_taxes,-2105.26
L11,2024-04-30,exp_employee_benefits,-1789.52
L11,2024-04-30,exp_overtime,-975.95
L11,2024-04-30,exp_rent,-6692.19
L11,2024-04-30,exp_utilities,-1356.53
L11,2024-04-30,exp_property_insurance,-573.39
L11,2024-04-30,exp_cam,-748.32
L11,2024-04-30,exp_property_tax,-949.2
L11,2024-04-30,exp_marketing,-1515.89
L11,2024-04-30,exp_pos_software,-573.37
L11,2024-04-30,exp_equipment_maintenance,-813.16
L11,2024-04-30,exp_cleaning,-600.94
L11,2024-04-30,exp_cc_fees,-1377.54
L11,2024-04-30,exp_office_supplies,-332.26
L11,2024-04-30,exp_waste_removal,-351.76
L11,2024-04-30,exp_corporate_overhead,-2464.05
L11,2024-04-30,exp_training,-458.17
L11,2024-04-30,exp_general_liability_ins,-412.61
L11,2024-04-30,exp_bank_fees,-177.51
L11,2024-04-30,exp_depreciation,-1223.29
L11,2024-04-30,exp_professional_fees,-516.65
L11,2024-05-31,rev_drip_coffee,13541.66
L11,2024-05-31,rev_espresso_drinks,19398.65
L11,2024-05-31,rev_cold_brew,9282.21
L11,2024-05-31,rev_specialty_seasonal,5883.77
L11,2024-05-31,rev_tea,3239.63
L11,2024-05-31,rev_pastries,7069.16
L11,2024-05-31,rev_sandwiches,7169.19
L11,2024-05-31,rev_breakfast,3912.84
L11,2024-05-31,rev_snacks,2565.88
L11,2024-05-31,rev_whole_bean,2873.16
L11,2024-05-31,rev_brew_equipment,1391.55
L11,2024-05-31,rev_merchandise,782.57
L11,2024-05-31,rev_gift_cards,1642.55
L11,2024-05-31,rev_catering,1916.49
L11,2024-05-31,rev_wholesale,1722.26
L11,2024-05-31,exp_coffee_beans,-7188.42
L11,2024-05-31,exp_dairy,-4372.46
L11,2024-05-31,exp_syrups,-1486.79
L11,2024-05-31,exp_food_ingredients,-3270.46
L11,2024-05-31,exp_packaging,-1640.24
L11,2024-05-31,exp_retail_cogs,-1279.28
L11,2024-05-31,exp_barista_wages,-13450.43
L11,2024-05-31,exp_shift_lead_wages,-3743.8
L11,2024-05-31,exp_store_manager_salary,-5118.5
L11,2024-05-31,exp_payroll_taxes,-2037.83
L11,2024-05-31,exp_employee_benefits,-1816.52
L11,2024-05-31,exp_overtime,-1026.67
L11,2024-05-31,exp_rent,-6772.85
L11,2024-05-31,exp_utilities,-1423.25
L11,2024-05-31,exp_property_insurance,-548.29
L11,2024-05-31,exp_cam,-781.4
L11,2024-05-31,exp_property_tax,-967.28
L11,2024-05-31,exp_marketing,-1444.61
L11,2024-05-31,exp_pos_software,-492.14
L11,2024-05-31,exp_equipment_maintenance,-791.45
L11,2024-05-31,exp_cleaning,-619.92
L11,2024-05-31,exp_cc_fees,-1215.65
L11,2024-05-31,exp_office_supplies,-307.71
L11,2024-05-31,exp_waste_removal,-302.14
L11,2024-05-31,exp_corporate_overhead,-2324.82
L11,2024-05-31,exp_training,-468.94
L11,2024-05-31,exp_general_liability_ins,-490.48
L11,2024-05-31,exp_bank_fees,-192.17
L11,2024-05-31,exp_depreciation,-1122.66
L11,2024-05-31,exp_professional_fees,-505.11
L11,2024-06-30,rev_drip_coffee,14550.83
L11,2024-06-30,rev_espresso_drinks,20628.39
L11,2024-06-30,rev_cold_brew,14263.6
L11,2024-06-30,rev_specialty_seasonal,5651.52
L11,2024-06-30,rev_tea,3889.2
L11,2024-06-30,rev_pastries,8246.82
L11,2024-06-30,rev_sandwiches,6683.72
L11,2024-06-30,rev_breakfast,4617.87
L11,2024-06-30,rev_snacks,2122.89
L11,2024-06-30,rev_whole_bean,3102.74
L11,2024-06-30,rev_brew_equipment,1237.79
L11,2024-06-30,rev_merchandise,1017.14
L11,2024-06-30,rev_gift_cards,1367.86
L11,2024-06-30,rev_catering,1916.68
L11,2024-06-30,rev_wholesale,1682.44
L11,2024-06-30,exp_coffee_beans,-8284.13
L11,2024-06-30,exp_dairy,-4778.62
L11,2024-06-30,exp_syrups,-1614.55
L11,2024-06-30,exp_food_ingredients,-3816.84
L11,2024-06-30,exp_packaging,-1763.44
L11,2024-06-30,exp_retail_cogs,-1293.67
L11,2024-06-30,exp_barista_wages,-14792.76
L11,2024-06-30,exp_shift_lead_wages,-4112.21
L11,2024-06-30,exp_store_manager_salary,-4713.44
L11,2024-06-30,exp_payroll_taxes,-2277.27
L11,2024-06-30,exp_employee_benefits,-1868.3
L11,2024-06-30,exp_overtime,-1028.97
L11,2024-06-30,exp_rent,-6824.64
L11,2024-06-30,exp_utilities,-1366.86
L11,2024-06-30,exp_property_insurance,-558.95
L11,2024-06-30,exp_cam,-777.75
L11,2024-06-30,exp_property_tax,-948.94
L11,2024-06-30,exp_marketing,-1793.01
L11,2024-06-30,exp_pos_software,-551.45
L11,2024-06-30,exp_equipment_maintenance,-790.09
L11,2024-06-30,exp_cleaning,-632.12
L11,2024-06-30,exp_cc_fees,-1558.05
L11,2024-06-30,exp_office_supplies,-314.21
L11,2024-06-30,exp_waste_removal,-376.95
L11,2024-06-30,exp_corporate_overhead,-1750.19
L11,2024-06-30,exp_training,-334.85
L11,2024-06-30,exp_general_liability_ins,-464.22
L11,2024-06-30,exp_bank_fees,-188.03
L11,2024-06-30,exp_depreciation,-1155.45
L11,2024-06-30,exp_professional_fees,-587.07
L11,2024-07-31,rev_drip_coffee,16920.82
L11,2024-07-31,rev_espresso_drinks,23633.32
L11,2024-07-31,rev_cold_brew,14406.04
L11,2024-07-31,rev_specialty_seasonal,5823.91
L11,2024-07-31,rev_tea,3229.49
L11,2024-07-31,rev_pastries,6217.09
L11,2024-07-31,rev_sandwiches,7329.9
L11,2024-07-31,rev_breakfast,4513.01
L11,2024-07-31,rev_snacks,2546.86
L11,2024-07-31,rev_whole_bean,3303.65
L11,2024-07-31,rev_brew_equipment,1398.04
L11,2024-07-31,rev_merchandise,868.88
L11,2024-07-31,rev_gift_cards,1510.88
L11,2024-07-31,rev_catering,2195.26
L11,2024-07-31,rev_wholesale,1677.55
L11,2024-07-31,exp_coffee_beans,-8679.02
L11,2024-07-31,exp_dairy,-4378.09
L11,2024-07-31,exp_syrups,-1631.5
L11,2024-07-31,exp_food_ingredients,-3368.07
L11,2024-07-31,exp_packaging,-1848.19
L11,2024-07-31,exp_retail_cogs,-1300.69
L11,2024-07-31,exp_barista_wages,-13328.22
L11,2024-07-31,exp_shift_lead_wages,-3987.46
L11,2024-07-31,exp_store_manager_salary,-5000.41
L11,2024-07-31,exp_payroll_taxes,-2168.01
L11,2024-07-31,exp_employee_benefits,-1795.36
L11,2024-07-31,exp_overtime,-1155.9
L11,2024-07-31,exp_rent,-6713.42
L11,2024-07-31,exp_utilities,-1387.01
L11,2024-07-31,exp_property_insurance,-552.35
L11,2024-07-31,exp_cam,-759.86
L11,2024-07-31,exp_property_tax,-943.08
L11,2024-07-31,exp_marketing,-1930.52
L11,2024-07-31,exp_pos_software,-516.51
L11,2024-07-31,exp_equipment_maintenance,-844.31
L11,2024-07-31,exp_cleaning,-550.68
L11,2024-07-31,exp_cc_fees,-1025.33
L11,2024-07-31,exp_office_supplies,-268.6
L11,2024-07-31,exp_waste_removal,-435.4
L11,2024-07-31,exp_corporate_overhead,-2181.15
L11,2024-07-31,exp_training,-519.21
L11,2024-07-31,exp_general_liability_ins,-397.4
L11,2024-07-31,exp_bank_fees,-137.67
L11,2024-07-31,exp_depreciation,-1029.57
L11,2024-07-31,exp_professional_fees,-570.75
L11,2024-08-31,rev_drip_coffee,14289.57
L11,2024-08-31,rev_espresso_drinks,20292.24
L11,2024-08-31,rev_cold_brew,12252.03
L11,2024-08-31,rev_specialty_seasonal,6446.81
L11,2024-08-31,rev_tea,3156.27
L11,2024-08-31,rev_pastries,7530.98
L11,2024-08-31,rev_sandwiches,6777.29
L11,2024-08-31,rev_breakfast,3848.23
L11,2024-08-31,rev_snacks,2067.51
L11,2024-08-31,rev_whole_bean,2895.53
L11,2024-08-31,rev_brew_equipment,1556.89
L11,2024-08-31,rev_merchandise,947.85
L11,2024-08-31,rev_gift_cards,1673.68
L11,2024-08-31,rev_catering,1993.76
L11,2024-08-31,rev_wholesale,1540.57
L11,2024-08-31,exp_coffee_beans,-8050.03
L11,2024-08-31,exp_dairy,-4682.08
L11,2024-08-31,exp_syrups,-1586.91
L11,2024-08-31,exp_food_ingredients,-3500.87
L11,2024-08-31,exp_packaging,-1614.49
L11,2024-08-31,exp_retail_cogs,-1298.25
L11,2024-08-31,exp_barista_wages,-14301.91
L11,2024-08-31,exp_shift_lead_wages,-3972.0
L11,2024-08-31,exp_store_manager_salary,-4676.99
L11,2024-08-31,exp_payroll_taxes,-2360.72
L11,2024-08-31,exp_employee_benefits,-1706.25
L11,2024-08-31,exp_overtime,-1122.3
L11,2024-08-31,exp_rent,-6675.79
L11,2024-08-31,exp_utilities,-1361.78
L11,2024-08-31,exp_property_insurance,-558.03
L11,2024-08-31,exp_cam,-766.0
L11,2024-08-31,exp_property_tax,-964.77
L11,2024-08-31,exp_marketing,-1680.7
L11,2024-08-31,exp_pos_software,-589.67
L11,2024-08-31,exp_equipment_maintenance,-829.89
L11,2024-08-31,exp_cleaning,-573.02
L11,2024-08-31,exp_cc_fees,-1413.99
L11,2024-08-31,exp_office_supplies,-279.22
L11,2024-08-31,exp_waste_removal,-403.25
L11,2024-08-31,exp_corporate_overhead,-2264.91
L11,2024-08-31,exp_training,-441.94
L11,2024-08-31,exp_general_liability_ins,-373.57
L11,2024-08-31,exp_bank_fees,-207.88
L11,2024-08-31,exp_depreciation,-1173.78
L11,2024-08-31,exp_professional_fees,-541.81
L11,2024-09-30,rev_drip_coffee,14615.17
L11,2024-09-30,rev_espresso_drinks,18063.87
L11,2024-09-30,rev_cold_brew,8564.11
L11,2024-09-30,rev_specialty_seasonal,5457.32
L11,2024-09-30,rev_tea,2727.87
L11,2024-09-30,rev_pastries,6987.59
L11,2024-09-30,rev_sandwiches,5810.33
L11,2024-09-30,rev_breakfast,3508.88
L11,2024-09-30,rev_snacks,1946.33
L11,2024-09-30,rev_whole_bean,2649.42
L11,2024-09-30,rev_brew_equipment,1171.22
L11,2024-09-30,rev_merchandise,823.05
L11,2024-09-30,rev_gift_cards,1416.97
L11,2024-09-30,rev_catering,1980.47
L11,2024-09-30,rev_wholesale,1918.14
L11,2024-09-30,exp_coffee_beans,-7021.56
L11,2024-09-30,exp_dairy,-4279.29
L11,2024-09-30,exp_syrups,-1513.99
L11,2024-09-30,exp_food_ingredients,-3297.15
L11,2024-09-30,exp_packaging,-1637.42
L11,2024-09-30,exp_retail_cogs,-1154.99
L11,2024-09-30,exp_barista_wages,-13079.81
L11,2024-09-30,exp_shift_lead_wages,-3866.66
L11,2024-09-30,exp_store_manager_salary,-4603.13
L11,2024-09-30,exp_payroll_taxes,-2128.69
L11,2024-09-30,exp_employee_benefits,-1514.37
L11,2024-09-30,exp_overtime,-1069.58
L11,2024-09-30,exp_rent,-6979.52
L11,2024-09-30,exp_utilities,-1377.06
L11,2024-09-30,exp_property_insurance,-564.95
L11,2024-09-30,exp_cam,-788.66
L11,2024-09-30,exp_property_tax,-918.52
L11,2024-09-30,exp_marketing,-1687.25
L11,2024-09-30,exp_pos_software,-509.12
L11,2024-09-30,exp_equipment_maintenance,-1001.52
L11,2024-09-30,exp_cleaning,-589.12
L11,2024-09-30,exp_cc_fees,-1543.81
L11,2024-09-30,exp_office_supplies,-286.43
L11,2024-09-30,exp_waste_removal,-428.93
L11,2024-09-30,exp_corporate_overhead,-1953.11
L11,2024-09-30,exp_training,-497.99
L11,2024-09-30,exp_general_liability_ins,-437.52
L11,2024-09-30,exp_bank_fees,-187.41
L11,2024-09-30,exp_depreciation,-1184.47
L11,2024-09-30,exp_professional_fees,-512.34
L11,2024-10-31,rev_drip_coffee,10110.78
L11,2024-10-31,rev_espresso_drinks,20049.8
L11,2024-10-31,rev_cold_brew,8279.07
L11,2024-10-31,rev_specialty_seasonal,5960.98
L11,2024-10-31,rev_tea,3073.33
L11,2024-10-31,rev_pastries,7323.4
L11,2024-10-31,rev_sandwiches,6455.54
L11,2024-10-31,rev_breakfast,2893.91
L11,2024-10-31,rev_snacks,2121.6
L11,2024-10-31,rev_whole_bean,2650.54
L11,2024-10-31,rev_brew_equipment,1345.58
L11,2024-10-31,rev_merchandise,828.69
L11,2024-10-31,rev_gift_cards,1474.55
L11,2024-10-31,rev_catering,1892.08
L11,2024-10-31,rev_wholesale,1466.99
L11,2024-10-31,exp_coffee_beans,-6787.68
L11,2024-10-31,exp_dairy,-3705.74
L11,2024-10-31,exp_syrups,-1390.52
L11,2024-10-31,exp_food_ingredients,-3005.3
L11,2024-10-31,exp_packaging,-1469.8
L11,2024-10-31,exp_retail_cogs,-1137.76
L11,2024-10-31,exp_barista_wages,-13226.17
L11,2024-10-31,exp_shift_lead_wages,-3966.85
L11,2024-10-31,exp_store_manager_salary,-4563.64
L11,2024-10-31,exp_payroll_taxes,-1989.0
L11,2024-10-31,exp_employee_benefits,-1670.91
L11,2024-10-31,exp_overtime,-925.31
L11,2024-10-31,exp_rent,-6681.98
L11,2024-10-31,exp_utilities,-1330.62
L11,2024-10-31,exp_property_insurance,-565.35
L11,2024-10-31,exp_cam,-763.21
L11,2024-10-31,exp_property_tax,-950.62
L11,2024-10-31,exp_marketing,-1680.92
L11,2024-10-31,exp_pos_software,-549.24
L11,2024-10-31,exp_equipment_maintenance,-879.97
L11,2024-10-31,exp_cleaning,-476.33
L11,2024-10-31,exp_cc_fees,-1345.52
L11,2024-10-31,exp_office_supplies,-323.8
L11,2024-10-31,exp_waste_removal,-369.58
L11,2024-10-31,exp_corporate_overhead,-2439.1
L11,2024-10-31,exp_training,-522.05
L11,2024-10-31,exp_general_liability_ins,-424.05
L11,2024-10-31,exp_bank_fees,-175.59
L11,2024-10-31,exp_depreciation,-1046.97
L11,2024-10-31,exp_professional_fees,-522.83
L11,2024-11-30,rev_drip_coffee,13318.38
L11,2024-11-30,rev_espresso_drinks,18993.57
L11,2024-11-30,rev_cold_brew,8621.66
L11,2024-11-30,rev_specialty_seasonal,8810.42
L11,2024-11-30,rev_tea,3666.56
L11,2024-11-30,rev_pastries,7755.13
L11,2024-11-30,rev_sandwiches,6382.69
L11,2024-11-30,rev_breakfast,4208.84
L11,2024-11-30,rev_snacks,2244.46
L11,2024-11-30,rev_whole_bean,2933.93
L11,2024-11-30,rev_brew_equipment,1318.36
L11,2024-11-30,rev_merchandise,840.9
L11,2024-11-30,rev_gift_cards,1598.36
L11,2024-11-30,rev_catering,2112.28
L11,2024-11-30,rev_wholesale,1609.54
L11,2024-11-30,exp_coffee_beans,-7201.83
L11,2024-11-30,exp_dairy,-4465.26
L11,2024-11-30,exp_syrups,-1580.61
L11,2024-11-30,exp_food_ingredients,-3447.27
L11,2024-11-30,exp_packaging,-1613.52
L11,2024-11-30,exp_retail_cogs,-1298.08
L11,2024-11-30,exp_barista_wages,-14069.8
L11,2024-11-30,exp_shift_lead_wages,-3617.67
L11,2024-11-30,exp_store_manager_salary,-5252.66
L11,2024-11-30,exp_payroll_taxes,-2152.14
L11,2024-11-30,exp_employee_benefits,-1780.41
L11,2024-11-30,exp_overtime,-1074.61
L11,2024-11-30,exp_rent,-6911.51
L11,2024-11-30,exp_utilities,-1399.91
L11,2024-11-30,exp_property_insurance,-560.22
L11,2024-11-30,exp_cam,-750.73
L11,2024-11-30,exp_property_tax,-905.28
L11,2024-11-30,exp_marketing,-1679.52
L11,2024-11-30,exp_pos_software,-603.17
L11,2024-11-30,exp_equipment_maintenance,-748.47
L11,2024-11-30,exp_cleaning,-584.22
L11,2024-11-30,exp_cc_fees,-1336.41
L11,2024-11-30,exp_office_supplies,-274.6
L11,2024-11-30,exp_waste_removal,-389.48
L11,2024-11-30,exp_corporate_overhead,-2103.53
L11,2024-11-30,exp_training,-435.8
L11,2024-11-30,exp_general_liability_ins,-521.13
L11,2024-11-30,exp_bank_fees,-154.29
L11,2024-11-30,exp_depreciation,-1221.4
L11,2024-11-30,exp_professional_fees,-491.37
L11,2024-12-31,rev_drip_coffee,15356.9
L11,2024-12-31,rev_espresso_drinks,22792.56
L11,2024-12-31,rev_cold_brew,11221.78
L11,2024-12-31,rev_specialty_seasonal,9441.24
L11,2024-12-31,rev_tea,3539.8
L11,2024-12-31,rev_pastries,7969.8
L11,2024-12-31,rev_sandwiches,6761.56
L11,2024-12-31,rev_breakfast,4620.14
L11,2024-12-31,rev_snacks,2522.52
L11,2024-12-31,rev_whole_bean,3440.84
L11,2024-12-31,rev_brew_equipment,1493.29
L11,2024-12-31,rev_merchandise,950.45
L11,2024-12-31,rev_gift_cards,1877.57
L11,2024-12-31,rev_catering,2552.62
L11,2024-12-31,rev_wholesale,2149.21
L11,2024-12-31,exp_coffee_beans,-8621.85
L11,2024-12-31,exp_dairy,-5304.11
L11,2024-12-31,exp_syrups,-1711.67
L11,2024-12-31,exp_food_ingredients,-3916.35
L11,2024-12-31,exp_packaging,-2047.49
L11,2024-12-31,exp_retail_cogs,-1438.22
L11,2024-12-31,exp_barista_wages,-13751.21
L11,2024-12-31,exp_shift_lead_wages,-4067.79
L11,2024-12-31,exp_store_manager_salary,-5074.57
L11,2024-12-31,exp_payroll_taxes,-2208.36
L11,2024-12-31,exp_employee_benefits,-2052.57
L11,2024-12-31,exp_overtime,-1111.39
L11,2024-12-31,exp_rent,-6587.9
L11,2024-12-31,exp_utilities,-1343.7
L11,2024-12-31,exp_property_insurance,-548.85
L11,2024-12-31,exp_cam,-763.34
L11,2024-12-31,exp_property_tax,-940.37
L11,2024-12-31,exp_marketing,-1716.01
L11,2024-12-31,exp_pos_software,-480.4
L11,2024-12-31,exp_equipment_maintenance,-1001.42
L11,2024-12-31,exp_cleaning,-543.78
L11,2024-12-31,exp_cc_fees,-1215.85
L11,2024-12-31,exp_office_supplies,-340.87
L11,2024-12-31,exp_waste_removal,-398.14
L11,2024-12-31,exp_corporate_overhead,-2021.04
L11,2024-12-31,exp_training,-463.03
L11,2024-12-31,exp_general_liability_ins,-428.45
L11,2024-12-31,exp_bank_fees,-182.59
L11,2024-12-31,exp_depreciation,-1007.82
L11,2024-12-31,exp_professional_fees,-412.71
L11,2025-01-31,rev_drip_coffee,10958.94
L11,2025-01-31,rev_espresso_drinks,19495.03
L11,2025-01-31,rev_cold_brew,9122.63
L11,2025-01-31,rev_specialty_seasonal,7134.35
L11,2025-01-31,rev_tea,2544.72
L11,2025-01-31,rev_pastries,6297.36
L11,2025-01-31,rev_sandwiches,5789.32
L11,2025-01-31,rev_breakfast,3483.03
L11,2025-01-31,rev_snacks,1487.41
L11,2025-01-31,rev_whole_bean,3147.53
L11,2025-01-31,rev_brew_equipment,1237.6
L11,2025-01-31,rev_merchandise,717.96
L11,2025-01-31,rev_gift_cards,1222.36
L11,2025-01-31,rev_catering,1924.09
L11,2025-01-31,rev_wholesale,1516.84
L11,2025-01-31,exp_coffee_beans,-6425.82
L11,2025-01-31,exp_dairy,-3840.42
L11,2025-01-31,exp_syrups,-1313.54
L11,2025-01-31,exp_food_ingredients,-3049.67
L11,2025-01-31,exp_packaging,-1513.06
L11,2025-01-31,exp_retail_cogs,-1060.79
L11,2025-01-31,exp_barista_wages,-12613.44
L11,2025-01-31,exp_shift_lead_wages,-4165.96
L11,2025-01-31,exp_store_manager_salary,-4114.72
L11,2025-01-31,exp_payroll_taxes,-1942.36
L11,2025-01-31,exp_employee_benefits,-1650.33
L11,2025-01-31,exp_overtime,-900.32
L11,2025-01-31,exp_rent,-6637.39
L11,2025-01-31,exp_utilities,-1407.73
L11,2025-01-31,exp_property_insurance,-555.87
L11,2025-01-31,exp_cam,-743.73
L11,2025-01-31,exp_property_tax,-935.53
L11,2025-01-31,exp_marketing,-1552.91
L11,2025-01-31,exp_pos_software,-533.91
L11,2025-01-31,exp_equipment_maintenance,-860.16
L11,2025-01-31,exp_cleaning,-628.9
L11,2025-01-31,exp_cc_fees,-1395.63
L11,2025-01-31,exp_office_supplies,-256.84
L11,2025-01-31,exp_waste_removal,-336.16
L11,2025-01-31,exp_corporate_overhead,-1930.38
L11,2025-01-31,exp_training,-433.31
L11,2025-01-31,exp_general_liability_ins,-440.17
L11,2025-01-31,exp_bank_fees,-187.4
L11,2025-01-31,exp_depreciation,-1253.37
L11,2025-01-31,exp_professional_fees,-527.87
L11,2025-02-28,rev_drip_coffee,12878.75
L11,2025-02-28,rev_espresso_drinks,17539.49
L11,2025-02-28,rev_cold_brew,7836.76
L11,2025-02-28,rev_specialty_seasonal,7468.96
L11,2025-02-28,rev_tea,2549.0
L11,2025-02-28,rev_pastries,5007.25
L11,2025-02-28,rev_sandwiches,5203.19
L11,2025-02-28,rev_breakfast,3443.77
L11,2025-02-28,rev_snacks,1834.57
L11,2025-02-28,rev_whole_bean,2430.02
L11,2025-02-28,rev_brew_equipment,1034.32
L11,2025-02-28,rev_merchandise,601.69
L11,2025-02-28,rev_gift_cards,1412.63
L11,2025-02-28,rev_catering,1714.62
L11,2025-02-28,rev_wholesale,1377.57
L11,2025-02-28,exp_coffee_beans,-6044.18
L11,2025-02-28,exp_dairy,-3901.22
L11,2025-02-28,exp_syrups,-1348.55
L11,2025-02-28,exp_food_ingredients,-2781.79
L11,2025-02-28,exp_packaging,-1510.72
L11,2025-02-28,exp_retail_cogs,-1012.31
L11,2025-02-28,exp_barista_wages,-11837.08
L11,2025-02-28,exp_shift_lead_wages,-3743.45
L11,2025-02-28,exp_store_manager_salary,-4298.5
L11,2025-02-28,exp_payroll_taxes,-1861.7
L11,2025-02-28,exp_employee_benefits,-1709.16
L11,2025-02-28,exp_overtime,-920.85
L11,2025-02-28,exp_rent,-6772.97
L11,2025-02-28,exp_utilities,-1380.27
L11,2025-02-28,exp_property_insurance,-563.65
L11,2025-02-28,exp_cam,-740.38
L11,2025-02-28,exp_property_tax,-927.16
L11,2025-02-28,exp_marketing,-1631.84
L11,2025-02-28,exp_pos_software,-464.0
L11,2025-02-28,exp_equipment_maintenance,-845.25
L11,2025-02-28,exp_cleaning,-516.92
L11,2025-02-28,exp_cc_fees,-1417.6
L11,2025-02-28,exp_office_supplies,-338.58
L11,2025-02-28,exp_waste_removal,-378.91
L11,2025-02-28,exp_corporate_overhead,-1677.59
L11,2025-02-28,exp_training,-483.87
L11,2025-02-28,exp_general_liability_ins,-486.74
L11,2025-02-28,exp_bank_fees,-230.51
L11,2025-02-28,exp_depreciation,-1212.96
L11,2025-02-28,exp_professional_fees,-474.05
L11,2025-03-31,rev_drip_coffee,12837.57
L11,2025-03-31,rev_espresso_drinks,20261.68
L11,2025-03-31,rev_cold_brew,8259.36
L11,2025-03-31,rev_specialty_seasonal,5747.37
L11,2025-03-31,rev_tea,2713.64
L11,2025-03-31,rev_pastries,6696.24
L11,2025-03-31,rev_sandwiches,4727.82
L11,2025-03-31,rev_breakfast,3241.25
L11,2025-03-31,rev_snacks,1966.91
L11,2025-03-31,rev_whole_bean,2575.25
L11,2025-03-31,rev_brew_equipment,1073.2
L11,2025-03-31,rev_merchandise,739.26
L11,2025-03-31,rev_gift_cards,1405.06
L11,2025-03-31,rev_catering,1869.33
L11,2025-03-31,rev_wholesale,1547.58
L11,2025-03-31,exp_coffee_beans,-6998.81
L11,2025-03-31,exp_dairy,-3894.96
L11,2025-03-31,exp_syrups,-1489.13
L11,2025-03-31,exp_food_ingredients,-2999.6
L11,2025-03-31,exp_packaging,-1689.72
L11,2025-03-31,exp_retail_cogs,-1162.08
L11,2025-03-31,exp_barista_wages,-12401.0
L11,2025-03-31,exp_shift_lead_wages,-3861.6
L11,2025-03-31,exp_store_manager_salary,-4709.32
L11,2025-03-31,exp_payroll_taxes,-2160.11
L11,2025-03-31,exp_employee_benefits,-1794.82
L11,2025-03-31,exp_overtime,-884.99
L11,2025-03-31,exp_rent,-6748.92
L11,2025-03-31,exp_utilities,-1314.29
L11,2025-03-31,exp_property_insurance,-555.55
L11,2025-03-31,exp_cam,-794.41
L11,2025-03-31,exp_property_tax,-916.76
L11,2025-03-31,exp_marketing,-1297.02
L11,2025-03-31,exp_pos_software,-543.54
L11,2025-03-31,exp_equipment_maintenance,-927.91
L11,2025-03-31,exp_cleaning,-619.96
L11,2025-03-31,exp_cc_fees,-1145.72
L11,2025-03-31,exp_office_supplies,-242.55
L11,2025-03-31,exp_waste_removal,-355.11
L11,2025-03-31,exp_corporate_overhead,-1815.82
L11,2025-03-31,exp_training,-452.12
L11,2025-03-31,exp_general_liability_ins,-419.79
L11,2025-03-31,exp_bank_fees,-171.3
L11,2025-03-31,exp_depreciation,-1368.09
L11,2025-03-31,exp_professional_fees,-581.37
L11,2025-04-30,rev_drip_coffee,14324.9
L11,2025-04-30,rev_espresso_drinks,20306.09
L11,2025-04-30,rev_cold_brew,8720.19
L11,2025-04-30,rev_specialty_seasonal,5497.04
L11,2025-04-30,rev_tea,2989.23
L11,2025-04-30,rev_pastries,7217.74
L11,2025-04-30,rev_sandwiches,5891.01
L11,2025-04-30,rev_breakfast,4202.16
L11,2025-04-30,rev_snacks,1947.84
L11,2025-04-30,rev_whole_bean,2839.85
L11,2025-04-30,rev_brew_equipment,1237.77
L11,2025-04-30,rev_merchandise,781.33
L11,2025-04-30,rev_gift_cards,1691.43
L11,2025-04-30,rev_catering,1911.79
L11,2025-04-30,rev_wholesale,1581.61
L11,2025-04-30,exp_coffee_beans,-6871.06
L11,2025-04-30,exp_dairy,-4180.09
L11,2025-04-30,exp_syrups,-1460.33
L11,2025-04-30,exp_food_ingredients,-3135.88
L11,2025-04-30,exp_packaging,-1587.84
L11,2025-04-30,exp_retail_cogs,-1194.08
L11,2025-04-30,exp_barista_wages,-13744.03
L11,2025-04-30,exp_shift_lead_wages,-4020.77
L11,2025-04-30,exp_store_manager_salary,-4769.26
L11,2025-04-30,exp_payroll_taxes,-2084.26
L11,2025-04-30,exp_employee_benefits,-1668.84
L11,2025-04-30,exp_overtime,-929.01
L11,2025-04-30,exp_rent,-6482.09
L11,2025-04-30,exp_utilities,-1353.11
L11,2025-04-30,exp_property_insurance,-567.61
L11,2025-04-30,exp_cam,-765.41
L11,2025-04-30,exp_property_tax,-936.99
L11,2025-04-30,exp_marketing,-1487.51
L11,2025-04-30,exp_pos_software,-597.99
L11,2025-04-30,exp_equipment_maintenance,-739.2
L11,2025-04-30,exp_cleaning,-617.05
L11,2025-04-30,exp_cc_fees,-1405.58
L11,2025-04-30,exp_office_supplies,-293.61
L11,2025-04-30,exp_waste_removal,-360.27
L11,2025-04-30,exp_corporate_overhead,-2070.35
L11,2025-04-30,exp_training,-481.4
L11,2025-04-30,exp_general_liability_ins,-410.51
L11,2025-04-30,exp_bank_fees,-211.55
L11,2025-04-30,exp_depreciation,-1163.1
L11,2025-04-30,exp_professional_fees,-455.44
L11,2025-05-31,rev_drip_coffee,14412.27
L11,2025-05-31,rev_espresso_drinks,20481.79
L11,2025-05-31,rev_cold_brew,9291.6
L11,2025-05-31,rev_specialty_seasonal,5741.34
L11,2025-05-31,rev_tea,2671.32
L11,2025-05-31,rev_pastries,6067.66
L11,2025-05-31,rev_sandwiches,7385.07
L11,2025-05-31,rev_breakfast,3695.6
L11,2025-05-31,rev_snacks,2343.04
L11,2025-05-31,rev_whole_bean,2555.6
L11,2025-05-31,rev_brew_equipment,1213.05
L11,2025-05-31,rev_merchandise,897.3
L11,2025-05-31,rev_gift_cards,1500.65
L11,2025-05-31,rev_catering,2169.94
L11,2025-05-31,rev_wholesale,1700.33
L11,2025-05-31,exp_coffee_beans,-7384.93
L11,2025-05-31,exp_dairy,-4231.18
L11,2025-05-31,exp_syrups,-1449.14
L11,2025-05-31,exp_food_ingredients,-3732.49
L11,2025-05-31,exp_packaging,-1836.86
L11,2025-05-31,exp_retail_cogs,-1153.51
L11,2025-05-31,exp_barista_wages,-12345.1
L11,2025-05-31,exp_shift_lead_wages,-4014.6
L11,2025-05-31,exp_store_manager_salary,-4952.38
L11,2025-05-31,exp_payroll_taxes,-2151.86
L11,2025-05-31,exp_employee_benefits,-1809.88
L11,2025-05-31,exp_overtime,-1001.15
L11,2025-05-31,exp_rent,-6675.04
L11,2025-05-31,exp_utilities,-1438.62
L11,2025-05-31,exp_property_insurance,-551.68
L11,2025-05-31,exp_cam,-797.29
L11,2025-05-31,exp_property_tax,-970.82
L11,2025-05-31,exp_marketing,-1621.76
L11,2025-05-31,exp_pos_software,-429.37
L11,2025-05-31,exp_equipment_maintenance,-817.39
L11,2025-05-31,exp_cleaning,-569.52
L11,2025-05-31,exp_cc_fees,-1418.12
L11,2025-05-31,exp_office_supplies,-260.63
L11,2025-05-31,exp_waste_removal,-378.27
L11,2025-05-31,exp_corporate_overhead,-2261.35
L11,2025-05-31,exp_training,-498.21
L11,2025-05-31,exp_general_liability_ins,-395.98
L11,2025-05-31,exp_bank_fees,-161.04
L11,2025-05-31,exp_depreciation,-1198.67
L11,2025-05-31,exp_professional_fees,-645.36
L11,2025-06-30,rev_drip_coffee,14707.4
L11,2025-06-30,rev_espresso_drinks,21949.26
L11,2025-06-30,rev_cold_brew,13094.35
L11,2025-06-30,rev_specialty_seasonal,6002.07
L11,2025-06-30,rev_tea,3610.2
L11,2025-06-30,rev_pastries,7601.1
L11,2025-06-30,rev_sandwiches,7184.74
L11,2025-06-30,rev_breakfast,4303.6
L11,2025-06-30,rev_snacks,2384.52
L11,2025-06-30,rev_whole_bean,3266.53
L11,2025-06-30,rev_brew_equipment,1315.82
L11,2025-06-30,rev_merchandise,841.45
L11,2025-06-30,rev_gift_cards,1608.42
L11,2025-06-30,rev_catering,2215.85
L11,2025-06-30,rev_wholesale,1739.8
L11,2025-06-30,exp_coffee_beans,-8055.82
L11,2025-06-30,exp_dairy,-4884.28
L11,2025-06-30,exp_syrups,-1741.5
L11,2025-06-30,exp_food_ingredients,-3983.1
L11,2025-06-30,exp_packaging,-1697.49
L11,2025-06-30,exp_retail_cogs,-1222.34
L11,2025-06-30,exp_barista_wages,-13368.95
L11,2025-06-30,exp_shift_lead_wages,-4239.72
L11,2025-06-30,exp_store_manager_salary,-4922.94
L11,2025-06-30,exp_payroll_taxes,-2164.63
L11,2025-06-30,exp_employee_benefits,-1775.28
L11,2025-06-30,exp_overtime,-1063.29
L11,2025-06-30,exp_rent,-6512.47
L11,2025-06-30,exp_utilities,-1436.71
L11,2025-06-30,exp_property_insurance,-557.77
L11,2025-06-30,exp_cam,-788.19
L11,2025-06-30,exp_property_tax,-932.57
L11,2025-06-30,exp_marketing,-1632.61
L11,2025-06-30,exp_pos_software,-537.12
L11,2025-06-30,exp_equipment_maintenance,-884.67
L11,2025-06-30,exp_cleaning,-588.49
L11,2025-06-30,exp_cc_fees,-1634.86
L11,2025-06-30,exp_office_supplies,-248.12
L11,2025-06-30,exp_waste_removal,-385.06
L11,2025-06-30,exp_corporate_overhead,-2083.02
L11,2025-06-30,exp_training,-400.61
L11,2025-06-30,exp_general_liability_ins,-492.09
L11,2025-06-30,exp_bank_fees,-213.43
L11,2025-06-30,exp_depreciation,-917.81
L11,2025-06-30,exp_professional_fees,-558.66
L11,2025-07-31,rev_drip_coffee,15865.79
L11,2025-07-31,rev_espresso_drinks,22518.75
L11,2025-07-31,rev_cold_brew,15363.95
L11,2025-07-31,rev_specialty_seasonal,7093.24
L11,2025-07-31,rev_tea,3596.17
L11,2025-07-31,rev_pastries,9305.43
L11,2025-07-31,rev_sandwiches,7682.1
L11,2025-07-31,rev_breakfast,4127.08
L11,2025-07-31,rev_snacks,2276.9
L11,2025-07-31,rev_whole_bean,3530.1
L11,2025-07-31,rev_brew_equipment,1358.03
L11,2025-07-31,rev_merchandise,901.6
L11,2025-07-31,rev_gift_cards,1625.4
L11,2025-07-31,rev_catering,2343.42
L11,2025-07-31,rev_wholesale,1835.45
L11,2025-07-31,exp_coffee_beans,-7634.93
L11,2025-07-31,exp_dairy,-5076.01
L11,2025-07-31,exp_syrups,-1653.8
L11,2025-07-31,exp_food_ingredients,-4205.86
L11,2025-07-31,exp_packaging,-1893.96
L11,2025-07-31,exp_retail_cogs,-1417.01
L11,2025-07-31,exp_barista_wages,-14291.4
L11,2025-07-31,exp_shift_lead_wages,-4607.45
L11,2025-07-31,exp_store_manager_salary,-5227.85
L11,2025-07-31,exp_payroll_taxes,-2297.95
L11,2025-07-31,exp_employee_benefits,-1950.26
L11,2025-07-31,exp_overtime,-1201.83
L11,2025-07-31,exp_rent,-6654.28
L11,2025-07-31,exp_utilities,-1394.21
L11,2025-07-31,exp_property_insurance,-557.47
L11,2025-07-31,exp_cam,-779.78
L11,2025-07-31,exp_property_tax,-944.31
L11,2025-07-31,exp_marketing,-1210.79
L11,2025-07-31,exp_pos_software,-521.15
L11,2025-07-31,exp_equipment_maintenance,-896.3
L11,2025-07-31,exp_cleaning,-554.47
L11,2025-07-31,exp_cc_fees,-1545.61
L11,2025-07-31,exp_office_supplies,-296.99
L11,2025-07-31,exp_waste_removal,-344.94
L11,2025-07-31,exp_corporate_overhead,-2245.05
L11,2025-07-31,exp_training,-476.4
L11,2025-07-31,exp_general_liability_ins,-429.03
L11,2025-07-31,exp_bank_fees,-198.42
L11,2025-07-31,exp_depreciation,-1181.47
L11,2025-07-31,exp_professional_fees,-458.67
L11,2025-08-31,rev_drip_coffee,13930.49
L11,2025-08-31,rev_espresso_drinks,17801.34
L11,2025-08-31,rev_cold_brew,13796.13
L11,2025-08-31,rev_specialty_seasonal,6582.66
L11,2025-08-31,rev_tea,3622.11
L11,2025-08-31,rev_pastries,7823.86
L11,2025-08-31,rev_sandwiches,7365.09
L11,2025-08-31,rev_breakfast,3549.52
L11,2025-08-31,rev_snacks,2258.98
L11,2025-08-31,rev_whole_bean,2723.51
L11,2025-08-31,rev_brew_equipment,1347.21
L11,2025-08-31,rev_merchandise,1006.91
L11,2025-08-31,rev_gift_cards,1723.74
L11,2025-08-31,rev_catering,2295.0
L11,2025-08-31,rev_wholesale,1757.33
L11,2025-08-31,exp_coffee_beans,-7429.38
L11,2025-08-31,exp_dairy,-4631.6
L11,2025-08-31,exp_syrups,-1704.2
L11,2025-08-31,exp_food_ingredients,-3728.84
L11,2025-08-31,exp_packaging,-1643.01
L11,2025-08-31,exp_retail_cogs,-1281.3
L11,2025-08-31,exp_barista_wages,-11946.26
L11,2025-08-31,exp_shift_lead_wages,-4387.27
L11,2025-08-31,exp_store_manager_salary,-4748.07
L11,2025-08-31,exp_payroll_taxes,-2057.81
L11,2025-08-31,exp_employee_benefits,-1881.74
L11,2025-08-31,exp_overtime,-1059.38
L11,2025-08-31,exp_rent,-6721.48
L11,2025-08-31,exp_utilities,-1432.54
L11,2025-08-31,exp_property_insurance,-564.61
L11,2025-08-31,exp_cam,-762.01
L11,2025-08-31,exp_property_tax,-953.31
L11,2025-08-31,exp_marketing,-1499.77
L11,2025-08-31,exp_pos_software,-599.17
L11,2025-08-31,exp_equipment_maintenance,-837.75
L11,2025-08-31,exp_cleaning,-623.23
L11,2025-08-31,exp_cc_fees,-1211.14
L11,2025-08-31,exp_office_supplies,-293.42
L11,2025-08-31,exp_waste_removal,-349.7
L11,2025-08-31,exp_corporate_overhead,-1847.74
L11,2025-08-31,exp_training,-436.15
L11,2025-08-31,exp_general_liability_ins,-429.66
L11,2025-08-31,exp_bank_fees,-180.05
L11,2025-08-31,exp_depreciation,-994.44
L11,2025-08-31,exp_professional_fees,-533.96
L11,2025-09-30,rev_drip_coffee,12821.56
L11,2025-09-30,rev_espresso_drinks,19590.12
L11,2025-09-30,rev_cold_brew,9064.28
L11,2025-09-30,rev_specialty_seasonal,5508.02
L11,2025-09-30,rev_tea,3010.77
L11,2025-09-30,rev_pastries,7019.22
L11,2025-09-30,rev_sandwiches,6826.94
L11,2025-09-30,rev_breakfast,3850.39
L11,2025-09-30,rev_snacks,2353.42
L11,2025-09-30,rev_whole_bean,3105.95
L11,2025-09-30,rev_brew_equipment,1440.09
L11,2025-09-30,rev_merchandise,917.3
L11,2025-09-30,rev_gift_cards,1653.61
L11,2025-09-30,rev_catering,1834.57
L11,2025-09-30,rev_wholesale,1739.2
L11,2025-09-30,exp_coffee_beans,-7690.79
L11,2025-09-30,exp_dairy,-4552.61
L11,2025-09-30,exp_syrups,-1439.42
L11,2025-09-30,exp_food_ingredients,-3499.58
L11,2025-09-30,exp_packaging,-1660.93
L11,2025-09-30,exp_retail_cogs,-1291.09
L11,2025-09-30,exp_barista_wages,-11969.38
L11,2025-09-30,exp_shift_lead_wages,-3862.16
L11,2025-09-30,exp_store_manager_salary,-4272.09
L11,2025-09-30,exp_payroll_taxes,-2167.12
L11,2025-09-30,exp_employee_benefits,-1971.02
L11,2025-09-30,exp_overtime,-988.97
L11,2025-09-30,exp_rent,-6703.9
L11,2025-09-30,exp_utilities,-1387.49
L11,2025-09-30,exp_property_insurance,-556.24
L11,2025-09-30,exp_cam,-777.62
L11,2025-09-30,exp_property_tax,-950.92
L11,2025-09-30,exp_marketing,-1413.39
L11,2025-09-30,exp_pos_software,-526.8
L11,2025-09-30,exp_equipment_maintenance,-875.31
L11,2025-09-30,exp_cleaning,-656.17
L11,2025-09-30,exp_cc_fees,-1599.05
L11,2025-09-30,exp_office_supplies,-301.41
L11,2025-09-30,exp_waste_removal,-364.19
L11,2025-09-30,exp_corporate_overhead,-2213.01
L11,2025-09-30,exp_training,-419.5
L11,2025-09-30,exp_general_liability_ins,-385.54
L11,2025-09-30,exp_bank_fees,-177.88
L11,2025-09-30,exp_depreciation,-1010.31
L11,2025-09-30,exp_professional_fees,-571.29
L11,2025-10-31,rev_drip_coffee,14155.12
L11,2025-10-31,rev_espresso_drinks,17838.86
L11,2025-10-31,rev_cold_brew,9133.42
L11,2025-10-31,rev_specialty_seasonal,5302.86
L11,2025-10-31,rev_tea,2813.11
L11,2025-10-31,rev_pastries,7970.37
L11,2025-10-31,rev_sandwiches,5716.08
L11,2025-10-31,rev_breakfast,3314.66
L11,2025-10-31,rev_snacks,2107.03
L11,2025-10-31,rev_whole_bean,2851.92
L11,2025-10-31,rev_brew_equipment,1328.18
L11,2025-10-31,rev_merchandise,940.34
L11,2025-10-31,rev_gift_cards,1351.42
L11,2025-10-31,rev_catering,1889.69
L11,2025-10-31,rev_wholesale,1829.78
L11,2025-10-31,exp_coffee_beans,-7440.78
L11,2025-10-31,exp_dairy,-4338.41
L11,2025-10-31,exp_syrups,-1424.47
L11,2025-10-31,exp_food_ingredients,-3508.78
L11,2025-10-31,exp_packaging,-1687.41
L11,2025-10-31,exp_retail_cogs,-1169.74
L11,2025-10-31,exp_barista_wages,-12491.94
L11,2025-10-31,exp_shift_lead_wages,-4040.69
L11,2025-10-31,exp_store_manager_salary,-5222.5
L11,2025-10-31,exp_payroll_taxes,-1990.57
L11,2025-10-31,exp_employee_benefits,-1638.14
L11,2025-10-31,exp_overtime,-946.23
L11,2025-10-31,exp_rent,-6635.41
L11,2025-10-31,exp_utilities,-1371.95
L11,2025-10-31,exp_property_insurance,-568.22
L11,2025-10-31,exp_cam,-779.09
L11,2025-10-31,exp_property_tax,-944.66
L11,2025-10-31,exp_marketing,-1586.7
L11,2025-10-31,exp_pos_software,-564.98
L11,2025-10-31,exp_equipment_maintenance,-677.82
L11,2025-10-31,exp_cleaning,-664.76
L11,2025-10-31,exp_cc_fees,-1298.31
L11,2025-10-31,exp_office_supplies,-278.7
L11,2025-10-31,exp_waste_removal,-363.65
L11,2025-10-31,exp_corporate_overhead,-2043.06
L11,2025-10-31,exp_training,-467.74
L11,2025-10-31,exp_general_liability_ins,-417.56
L11,2025-10-31,exp_bank_fees,-174.91
L11,2025-10-31,exp_depreciation,-1334.97
L11,2025-10-31,exp_professional_fees,-587.82
L11,2025-11-30,rev_drip_coffee,14444.72
L11,2025-11-30,rev_espresso_drinks,21557.9
L11,2025-11-30,rev_cold_brew,8994.38
L11,2025-11-30,rev_specialty_seasonal,10265.75
L11,2025-11-30,rev_tea,3019.35
L11,2025-11-30,rev_pastries,7459.29
L11,2025-11-30,rev_sandwiches,6557.7
L11,2025-11-30,rev_breakfast,3884.48
L11,2025-11-30,rev_snacks,2155.86
L11,2025-11-30,rev_whole_bean,2829.15
L11,2025-11-30,rev_brew_equipment,1491.21
L11,2025-11-30,rev_merchandise,791.04
L11,2025-11-30,rev_gift_cards,1678.74
L11,2025-11-30,rev_catering,2250.92
L11,2025-11-30,rev_wholesale,1697.47
L11,2025-11-30,exp_coffee_beans,-7880.03
L11,2025-11-30,exp_dairy,-4469.69
L11,2025-11-30,exp_syrups,-1497.92
L11,2025-11-30,exp_food_ingredients,-3391.92
L11,2025-11-30,exp_packaging,-1809.46
L11,2025-11-30,exp_retail_cogs,-1289.23
L11,2025-11-30,exp_barista_wages,-13580.07
L11,2025-11-30,exp_shift_lead_wages,-4053.74
L11,2025-11-30,exp_store_manager_salary,-4857.59
L11,2025-11-30,exp_payroll_taxes,-2159.68
L11,2025-11-30,exp_employee_benefits,-1592.63
L11,2025-11-30,exp_overtime,-1020.37
L11,2025-11-30,exp_rent,-6760.29
L11,2025-11-30,exp_utilities,-1374.24
L11,2025-11-30,exp_property_insurance,-577.26
L11,2025-11-30,exp_cam,-756.46
L11,2025-11-30,exp_property_tax,-931.04
L11,2025-11-30,exp_marketing,-1564.47
L11,2025-11-30,exp_pos_software,-544.76
L11,2025-11-30,exp_equipment_maintenance,-659.93
L11,2025-11-30,exp_cleaning,-636.61
L11,2025-11-30,exp_cc_fees,-1450.42
L11,2025-11-30,exp_office_supplies,-229.82
L11,2025-11-30,exp_waste_removal,-347.57
L11,2025-11-30,exp_corporate_overhead,-1892.13
L11,2025-11-30,exp_training,-425.81
L11,2025-11-30,exp_general_liability_ins,-356.62
L11,2025-11-30,exp_bank_fees,-187.62
L11,2025-11-30,exp_depreciation,-1361.96
L11,2025-11-30,exp_professional_fees,-563.5
L11,2025-12-31,rev_drip_coffee,13179.83
L11,2025-12-31,rev_espresso_drinks,23601.29
L11,2025-12-31,rev_cold_brew,10600.25
L11,2025-12-31,rev_specialty_seasonal,9007.86
L11,2025-12-31,rev_tea,3841.49
L11,2025-12-31,rev_pastries,8938.35
L11,2025-12-31,rev_sandwiches,7176.04
L11,2025-12-31,rev_breakfast,3912.55
L11,2025-12-31,rev_snacks,2120.46
L11,2025-12-31,rev_whole_bean,3224.78
L11,2025-12-31,rev_brew_equipment,1519.14
L11,2025-12-31,rev_merchandise,948.07
L11,2025-12-31,rev_gift_cards,1661.93
L11,2025-12-31,rev_catering,2527.11
L11,2025-12-31,rev_wholesale,2051.01
L11,2025-12-31,exp_coffee_beans,-8757.14
L11,2025-12-31,exp_dairy,-5297.04
L11,2025-12-31,exp_syrups,-1731.91
L11,2025-12-31,exp_food_ingredients,-3830.78
L11,2025-12-31,exp_packaging,-1927.47
L11,2025-12-31,exp_retail_cogs,-1371.89
L11,2025-12-31,exp_barista_wages,-12412.53
L11,2025-12-31,exp_shift_lead_wages,-4246.04
L11,2025-12-31,exp_store_manager_salary,-5540.46
L11,2025-12-31,exp_payroll_taxes,-2441.17
L11,2025-12-31,exp_employee_benefits,-1940.6
L11,2025-12-31,exp_overtime,-1083.53
L11,2025-12-31,exp_rent,-6884.26
L11,2025-12-31,exp_utilities,-1343.29
L11,2025-12-31,exp_property_insurance,-546.77
L11,2025-12-31,exp_cam,-789.33
L11,2025-12-31,exp_property_tax,-944.04
L11,2025-12-31,exp_marketing,-1440.31
L11,2025-12-31,exp_pos_software,-561.15
L11,2025-12-31,exp_equipment_maintenance,-779.13
L11,2025-12-31,exp_cleaning,-550.13
L11,2025-12-31,exp_cc_fees,-1292.8
L11,2025-12-31,exp_office_supplies,-301.01
L11,2025-12-31,exp_waste_removal,-358.91
L11,2025-12-31,exp_corporate_overhead,-2370.81
L11,2025-12-31,exp_training,-433.09
L11,2025-12-31,exp_general_liability_ins,-399.07
L11,2025-12-31,exp_bank_fees,-206.06
L11,2025-12-31,exp_depreciation,-1272.08
L11,2025-12-31,exp_professional_fees,-556.91
L12,2023-01-31,rev_drip_coffee,10742.55
L12,2023-01-31,rev_espresso_drinks,15235.73
L12,2023-01-31,rev_cold_brew,7787.43
L12,2023-01-31,rev_specialty_seasonal,6833.33
L12,2023-01-31,rev_tea,3039.35
L12,2023-01-31,rev_pastries,5264.66
L12,2023-01-31,rev_sandwiches,4959.12
L12,2023-01-31,rev_breakfast,3312.11
L12,2023-01-31,rev_snacks,1898.37
L12,2023-01-31,rev_whole_bean,1947.85
L12,2023-01-31,rev_brew_equipment,955.25
L12,2023-01-31,rev_merchandise,698.06
L12,2023-01-31,rev_gift_cards,1405.25
L12,2023-01-31,rev_catering,2006.36
L12,2023-01-31,rev_wholesale,1378.89
L12,2023-01-31,exp_coffee_beans,-6362.55
L12,2023-01-31,exp_dairy,-3609.07
L12,2023-01-31,exp_syrups,-1367.27
L12,2023-01-31,exp_food_ingredients,-3228.63
L12,2023-01-31,exp_packaging,-1556.81
L12,2023-01-31,exp_retail_cogs,-1044.78
L12,2023-01-31,exp_barista_wages,-11975.38
L12,2023-01-31,exp_shift_lead_wages,-3912.56
L12,2023-01-31,exp_store_manager_salary,-5012.41
L12,2023-01-31,exp_payroll_taxes,-2025.17
L12,2023-01-31,exp_employee_benefits,-1493.43
L12,2023-01-31,exp_overtime,-937.02
L12,2023-01-31,exp_rent,-6828.5
L12,2023-01-31,exp_utilities,-1357.27
L12,2023-01-31,exp_property_insurance,-574.89
L12,2023-01-31,exp_cam,-800.34
L12,2023-01-31,exp_property_tax,-1004.42
L12,2023-01-31,exp_marketing,-1373.52
L12,2023-01-31,exp_pos_software,-585.7
L12,2023-01-31,exp_equipment_maintenance,-917.2
L12,2023-01-31,exp_cleaning,-648.28
L12,2023-01-31,exp_cc_fees,-1306.35
L12,2023-01-31,exp_office_supplies,-267.45
L12,2023-01-31,exp_waste_removal,-364.46
L12,2023-01-31,exp_corporate_overhead,-2131.92
L12,2023-01-31,exp_training,-432.18
L12,2023-01-31,exp_general_liability_ins,-477.15
L12,2023-01-31,exp_bank_fees,-177.47
L12,2023-01-31,exp_depreciation,-963.42
L12,2023-01-31,exp_professional_fees,-550.81
L12,2023-02-28,rev_drip_coffee,11665.03
L12,2023-02-28,rev_espresso_drinks,16714.16
L12,2023-02-28,rev_cold_brew,7795.24
L12,2023-02-28,rev_specialty_seasonal,7797.14
L12,2023-02-28,rev_tea,2399.13
L12,2023-02-28,rev_pastries,5688.28
L12,2023-02-28,rev_sandwiches,6006.29
L12,2023-02-28,rev_breakfast,2676.43
L12,2023-02-28,rev_snacks,1774.2
L12,2023-02-28,rev_whole_bean,2637.74
L12,2023-02-28,rev_brew_equipment,1189.94
L12,2023-02-28,rev_merchandise,734.07
L12,2023-02-28,rev_gift_cards,1307.52
L12,2023-02-28,rev_catering,1562.44
L12,2023-02-28,rev_wholesale,1547.68
L12,2023-02-28,exp_coffee_beans,-5898.2
L12,2023-02-28,exp_dairy,-3472.97
L12,2023-02-28,exp_syrups,-1320.99
L12,2023-02-28,exp_food_ingredients,-2860.45
L12,2023-02-28,exp_packaging,-1447.07
L12,2023-02-28,exp_retail_cogs,-1045.08
L12,2023-02-28,exp_barista_wages,-13833.13
L12,2023-02-28,exp_shift_lead_wages,-3977.34
L12,2023-02-28,exp_store_manager_salary,-4418.17
L12,2023-02-28,exp_payroll_taxes,-2140.38
L12,2023-02-28,exp_employee_benefits,-1578.43
L12,2023-02-28,exp_overtime,-1001.35
L12,2023-02-28,exp_rent,-6875.7
L12,2023-02-28,exp_utilities,-1419.86
L12,2023-02-28,exp_property_insurance,-551.86
L12,2023-02-28,exp_cam,-756.66
L12,2023-02-28,exp_property_tax,-939.32
L12,2023-02-28,exp_marketing,-1861.3
L12,2023-02-28,exp_pos_software,-483.16
L12,2023-02-28,exp_equipment_maintenance,-897.59
L12,2023-02-28,exp_cleaning,-576.7
L12,2023-02-28,exp_cc_fees,-1417.73
L12,2023-02-28,exp_office_supplies,-297.98
L12,2023-02-28,exp_waste_removal,-420.28
L12,2023-02-28,exp_corporate_overhead,-2236.37
L12,2023-02-28,exp_training,-475.41
L12,2023-02-28,exp_general_liability_ins,-477.37
L12,2023-02-28,exp_bank_fees,-173.17
L12,2023-02-28,exp_depreciation,-1315.46
L12,2023-02-28,exp_professional_fees,-614.21
L12,2023-03-31,rev_drip_coffee,12990.33
L12,2023-03-31,rev_espresso_drinks,17345.41
L12,2023-03-31,rev_cold_brew,7909.42
L12,2023-03-31,rev_specialty_seasonal,4824.51
L12,2023-03-31,rev_tea,2659.95
L12,2023-03-31,rev_pastries,5889.91
L12,2023-03-31,rev_sandwiches,5940.13
L12,2023-03-31,rev_breakfast,3366.37
L12,2023-03-31,rev_snacks,1989.98
L12,2023-03-31,rev_whole_bean,2693.86
L12,2023-03-31,rev_brew_equipment,1071.61
L12,2023-03-31,rev_merchandise,687.09
L12,2023-03-31,rev_gift_cards,1313.67
L12,2023-03-31,rev_catering,1725.86
L12,2023-03-31,rev_wholesale,1399.39
L12,2023-03-31,exp_coffee_beans,-7348.14
L12,2023-03-31,exp_dairy,-3671.11
L12,2023-03-31,exp_syrups,-1540.45
L12,2023-03-31,exp_food_ingredients,-3211.76
L12,2023-03-31,exp_packaging,-1622.44
L12,2023-03-31,exp_retail_cogs,-1152.38
L12,2023-03-31,exp_barista_wages,-13362.31
L12,2023-03-31,exp_shift_lead_wages,-4394.53
L12,2023-03-31,exp_store_manager_salary,-4422.86
L12,2023-03-31,exp_payroll_taxes,-2100.48
L12,2023-03-31,exp_employee_benefits,-1624.97
L12,2023-03-31,exp_overtime,-879.04
L12,2023-03-31,exp_rent,-6776.01
L12,2023-03-31,exp_utilities,-1461.33
L12,2023-03-31,exp_property_insurance,-570.25
L12,2023-03-31,exp_cam,-823.76
L12,2023-03-31,exp_property_tax,-1008.8
L12,2023-03-31,exp_marketing,-2059.28
L12,2023-03-31,exp_pos_software,-649.83
L12,2023-03-31,exp_equipment_maintenance,-1033.56
L12,2023-03-31,exp_cleaning,-636.29
L12,2023-03-31,exp_cc_fees,-1485.76
L12,2023-03-31,exp_office_supplies,-308.15
L12,2023-03-31,exp_waste_removal,-360.95
L12,2023-03-31,exp_corporate_overhead,-2144.49
L12,2023-03-31,exp_training,-492.22
L12,2023-03-31,exp_general_liability_ins,-402.89
L12,2023-03-31,exp_bank_fees,-159.41
L12,2023-03-31,exp_depreciation,-1231.7
L12,2023-03-31,exp_professional_fees,-524.4
L12,2023-04-30,rev_drip_coffee,12163.47
L12,2023-04-30,rev_espresso_drinks,18276.47
L12,2023-04-30,rev_cold_brew,8370.69
L12,2023-04-30,rev_specialty_seasonal,5942.95
L12,2023-04-30,rev_tea,2953.3
L12,2023-04-30,rev_pastries,7311.89
L12,2023-04-30,rev_sandwiches,6174.61
L12,2023-04-30,rev_breakfast,3583.92
L12,2023-04-30,rev_snacks,2050.46
L12,2023-04-30,rev_whole_bean,2447.12
L12,2023-04-30,rev_brew_equipment,1265.84
L12,2023-04-30,rev_merchandise,846.15
L12,2023-04-30,rev_gift_cards,1520.23
L12,2023-04-30,rev_catering,1727.29
L12,2023-04-30,rev_wholesale,1392.09
L12,2023-04-30,exp_coffee_beans,-6938.95
L12,2023-04-30,exp_dairy,-4474.95
L12,2023-04-30,exp_syrups,-1488.84
L12,2023-04-30,exp_food_ingredients,-3203.57
L12,2023-04-30,exp_packaging,-1509.34
L12,2023-04-30,exp_retail_cogs,-1122.8
L12,2023-04-30,exp_barista_wages,-12567.39
L12,2023-04-30,exp_shift_lead_wages,-4310.66
L12,2023-04-30,exp_store_manager_salary,-5124.71
L12,2023-04-30,exp_payroll_taxes,-2029.28
L12,2023-04-30,exp_employee_benefits,-1828.28
L12,2023-04-30,exp_overtime,-1038.59
L12,2023-04-30,exp_rent,-6704.81
L12,2023-04-30,exp_utilities,-1406.22
L12,2023-04-30,exp_property_insurance,-576.14
L12,2023-04-30,exp_cam,-794.91
L12,2023-04-30,exp_property_tax,-935.27
L12,2023-04-30,exp_marketing,-1605.44
L12,2023-04-30,exp_pos_software,-580.55
L12,2023-04-30,exp_equipment_maintenance,-968.45
L12,2023-04-30,exp_cleaning,-575.04
L12,2023-04-30,exp_cc_fees,-1373.36
L12,2023-04-30,exp_office_supplies,-293.07
L12,2023-04-30,exp_waste_removal,-371.46
L12,2023-04-30,exp_corporate_overhead,-2133.37
L12,2023-04-30,exp_training,-485.45
L12,2023-04-30,exp_general_liability_ins,-375.03
L12,2023-04-30,exp_bank_fees,-192.21
L12,2023-04-30,exp_depreciation,-1100.28
L12,2023-04-30,exp_professional_fees,-555.36
L12,2023-05-31,rev_drip_coffee,15234.98
L12,2023-05-31,rev_espresso_drinks,17240.57
L12,2023-05-31,rev_cold_brew,8856.39
L12,2023-05-31,rev_specialty_seasonal,5146.74
L12,2023-05-31,rev_tea,3181.38
L12,2023-05-31,rev_pastries,7614.42
L12,2023-05-31,rev_sandwiches,6464.79
L12,2023-05-31,rev_breakfast,3754.57
L12,2023-05-31,rev_snacks,2352.02
L12,2023-05-31,rev_whole_bean,2941.34
L12,2023-05-31,rev_brew_equipment,1378.98
L12,2023-05-31,rev_merchandise,879.55
L12,2023-05-31,rev_gift_cards,1138.69
L12,2023-05-31,rev_catering,2021.16
L12,2023-05-31,rev_wholesale,1520.38
L12,2023-05-31,exp_coffee_beans,-7176.41
L12,2023-05-31,exp_dairy,-4718.46
L12,2023-05-31,exp_syrups,-1517.22
L12,2023-05-31,exp_food_ingredients,-3830.42
L12,2023-05-31,exp_packaging,-1588.67
L12,2023-05-31,exp_retail_cogs,-1154.54
L12,2023-05-31,exp_barista_wages,-14050.98
L12,2023-05-31,exp_shift_lead_wages,-4081.63
L12,2023-05-31,exp_store_manager_salary,-5023.29
L12,2023-05-31,exp_payroll_taxes,-2196.15
L12,2023-05-31,exp_employee_benefits,-1770.57
L12,2023-05-31,exp_overtime,-1001.86
L12,2023-05-31,exp_rent,-6891.47
L12,2023-05-31,exp_utilities,-1426.65
L12,2023-05-31,exp_property_insurance,-590.71
L12,2023-05-31,exp_cam,-789.12
L12,2023-05-31,exp_property_tax,-960.77
L12,2023-05-31,exp_marketing,-1501.86
L12,2023-05-31,exp_pos_software,-626.05
L12,2023-05-31,exp_equipment_maintenance,-894.08
L12,2023-05-31,exp_cleaning,-499.22
L12,2023-05-31,exp_cc_fees,-1170.34
L12,2023-05-31,exp_office_supplies,-274.48
L12,2023-05-31,exp_waste_removal,-369.26
L12,2023-05-31,exp_corporate_overhead,-2105.8
L12,2023-05-31,exp_training,-481.35
L12,2023-05-31,exp_general_liability_ins,-415.16
L12,2023-05-31,exp_bank_fees,-210.71
L12,2023-05-31,exp_depreciation,-1280.25
L12,2023-05-31,exp_professional_fees,-567.8
L12,2023-06-30,rev_drip_coffee,15607.08
L12,2023-06-30,rev_espresso_drinks,17974.72
L12,2023-06-30,rev_cold_brew,12956.07
L12,2023-06-30,rev_specialty_seasonal,6180.48
L12,2023-06-30,rev_tea,3513.88
L12,2023-06-30,rev_pastries,6465.41
L12,2023-06-30,rev_sandwiches,6661.7
L12,2023-06-30,rev_breakfast,4172.13
L12,2023-06-30,rev_snacks,2354.38
L12,2023-06-30,rev_whole_bean,3346.66
L12,2023-06-30,rev_brew_equipment,1464.5
L12,2023-06-30,rev_merchandise,883.09
L12,2023-06-30,rev_gift_cards,1662.8
L12,2023-06-30,rev_catering,2134.27
L12,2023-06-30,rev_wholesale,1795.65
L12,2023-06-30,exp_coffee_beans,-8303.34
L12,2023-06-30,exp_dairy,-4676.81
L12,2023-06-30,exp_syrups,-1679.13
L12,2023-06-30,exp_food_ingredients,-3911.99
L12,2023-06-30,exp_packaging,-1887.8
L12,2023-06-30,exp_retail_cogs,-1382.36
L12,2023-06-30,exp_barista_wages,-15753.16
L12,2023-06-30,exp_shift_lead_wages,-4467.4
L12,2023-06-30,exp_store_manager_salary,-4933.51
L12,2023-06-30,exp_payroll_taxes,-2344.38
L12,2023-06-30,exp_employee_benefits,-1888.79
L12,2023-06-30,exp_overtime,-1088.42
L12,2023-06-30,exp_rent,-7072.14
L12,2023-06-30,exp_utilities,-1361.13
L12,2023-06-30,exp_property_insurance,-589.56
L12,2023-06-30,exp_cam,-821.65
L12,2023-06-30,exp_property_tax,-979.4
L12,2023-06-30,exp_marketing,-1678.48
L12,2023-06-30,exp_pos_software,-532.63
L12,2023-06-30,exp_equipment_maintenance,-836.87
L12,2023-06-30,exp_cleaning,-659.26
L12,2023-06-30,exp_cc_fees,-1544.63
L12,2023-06-30,exp_office_supplies,-320.9
L12,2023-06-30,exp_waste_removal,-383.57
L12,2023-06-30,exp_corporate_overhead,-2302.69
L12,2023-06-30,exp_training,-493.8
L12,2023-06-30,exp_general_liability_ins,-379.29
L12,2023-06-30,exp_bank_fees,-200.26
L12,2023-06-30,exp_depreciation,-1409.38
L12,2023-06-30,exp_professional_fees,-561.93
L12,2023-07-31,rev_drip_coffee,16441.03
L12,2023-07-31,rev_espresso_drinks,19700.55
L12,2023-07-31,rev_cold_brew,13362.37
L12,2023-07-31,rev_specialty_seasonal,5955.02
L12,2023-07-31,rev_tea,3822.02
L12,2023-07-31,rev_pastries,8704.16
L12,2023-07-31,rev_sandwiches,6930.23
L12,2023-07-31,rev_breakfast,4539.78
L12,2023-07-31,rev_snacks,2636.04
L12,2023-07-31,rev_whole_bean,3130.22
L12,2023-07-31,rev_brew_equipment,1432.1
L12,2023-07-31,rev_merchandise,964.65
L12,2023-07-31,rev_gift_cards,1510.68
L12,2023-07-31,rev_catering,2246.93
L12,2023-07-31,rev_wholesale,2134.74
L12,2023-07-31,exp_coffee_beans,-7994.89
L12,2023-07-31,exp_dairy,-5018.45
L12,2023-07-31,exp_syrups,-1737.81
L12,2023-07-31,exp_food_ingredients,-3801.18
L12,2023-07-31,exp_packaging,-1892.46
L12,2023-07-31,exp_retail_cogs,-1454.1
L12,2023-07-31,exp_barista_wages,-14452.04
L12,2023-07-31,exp_shift_lead_wages,-4522.62
L12,2023-07-31,exp_store_manager_salary,-5627.82
L12,2023-07-31,exp_payroll_taxes,-2261.76
L12,2023-07-31,exp_employee_benefits,-1742.31
L12,2023-07-31,exp_overtime,-1175.05
L12,2023-07-31,exp_rent,-6885.57
L12,2023-07-31,exp_utilities,-1433.75
L12,2023-07-31,exp_property_insurance,-563.51
L12,2023-07-31,exp_cam,-798.48
L12,2023-07-31,exp_property_tax,-947.15
L12,2023-07-31,exp_marketing,-1594.75
L12,2023-07-31,exp_pos_software,-510.46
L12,2023-07-31,exp_equipment_maintenance,-762.94
L12,2023-07-31,exp_cleaning,-597.57
L12,2023-07-31,exp_cc_fees,-1119.46
L12,2023-07-31,exp_office_supplies,-264.6
L12,2023-07-31,exp_waste_removal,-389.19
L12,2023-07-31,exp_corporate_overhead,-2186.33
L12,2023-07-31,exp_training,-408.61
L12,2023-07-31,exp_general_liability_ins,-445.73
L12,2023-07-31,exp_bank_fees,-168.64
L12,2023-07-31,exp_depreciation,-1274.29
L12,2023-07-31,exp_professional_fees,-556.92
L12,2023-08-31,rev_drip_coffee,13676.55
L12,2023-08-31,rev_espresso_drinks,20188.21
L12,2023-08-31,rev_cold_brew,15435.3
L12,2023-08-31,rev_specialty_seasonal,5639.6
L12,2023-08-31,rev_tea,3352.23
L12,2023-08-31,rev_pastries,7819.88
L12,2023-08-31,rev_sandwiches,6167.48
L12,2023-08-31,rev_breakfast,3464.04
L12,2023-08-31,rev_snacks,2120.21
L12,2023-08-31,rev_whole_bean,3184.43
L12,2023-08-31,rev_brew_equipment,1318.66
L12,2023-08-31,rev_merchandise,855.44
L12,2023-08-31,rev_gift_cards,1662.33
L12,2023-08-31,rev_catering,1993.04
L12,2023-08-31,rev_wholesale,1730.74
L12,2023-08-31,exp_coffee_beans,-7249.69
L12,2023-08-31,exp_dairy,-4677.54
L12,2023-08-31,exp_syrups,-1638.42
L12,2023-08-31,exp_food_ingredients,-3811.74
L12,2023-08-31,exp_packaging,-1687.82
L12,2023-08-31,exp_retail_cogs,-1266.54
L12,2023-08-31,exp_barista_wages,-12660.09
L12,2023-08-31,exp_shift_lead_wages,-4189.63
L12,2023-08-31,exp_store_manager_salary,-5481.0
L12,2023-08-31,exp_payroll_taxes,-2212.97
L12,2023-08-31,exp_employee_benefits,-1673.11
L12,2023-08-31,exp_overtime,-998.93
L12,2023-08-31,exp_rent,-6645.58
L12,2023-08-31,exp_utilities,-1372.07
L12,2023-08-31,exp_property_insurance,-579.91
L12,2023-08-31,exp_cam,-769.41
L12,2023-08-31,exp_property_tax,-974.45
L12,2023-08-31,exp_marketing,-1588.73
L12,2023-08-31,exp_pos_software,-516.81
L12,2023-08-31,exp_equipment_maintenance,-855.36
L12,2023-08-31,exp_cleaning,-558.47
L12,2023-08-31,exp_cc_fees,-1574.74
L12,2023-08-31,exp_office_supplies,-278.42
L12,2023-08-31,exp_waste_removal,-347.0
L12,2023-08-31,exp_corporate_overhead,-2006.09
L12,2023-08-31,exp_training,-489.35
L12,2023-08-31,exp_general_liability_ins,-445.58
L12,2023-08-31,exp_bank_fees,-136.41
L12,2023-08-31,exp_depreciation,-1218.7
L12,2023-08-31,exp_professional_fees,-465.14
L12,2023-09-30,rev_drip_coffee,12665.02
L12,2023-09-30,rev_espresso_drinks,18694.16
L12,2023-09-30,rev_cold_brew,8552.25
L12,2023-09-30,rev_specialty_seasonal,5790.47
L12,2023-09-30,rev_tea,3228.97
L12,2023-09-30,rev_pastries,6402.28
L12,2023-09-30,rev_sandwiches,5794.59
L12,2023-09-30,rev_breakfast,3671.08
L12,2023-09-30,rev_snacks,1810.26
L12,2023-09-30,rev_whole_bean,2677.48
L12,2023-09-30,rev_brew_equipment,1392.74
L12,2023-09-30,rev_merchandise,710.78
L12,2023-09-30,rev_gift_cards,1397.66
L12,2023-09-30,rev_catering,1881.92
L12,2023-09-30,rev_wholesale,1875.64
L12,2023-09-30,exp_coffee_beans,-7077.35
L12,2023-09-30,exp_dairy,-4166.49
L12,2023-09-30,exp_syrups,-1424.61
L12,2023-09-30,exp_food_ingredients,-3400.9
L12,2023-09-30,exp_packaging,-1682.55
L12,2023-09-30,exp_retail_cogs,-1133.29
L12,2023-09-30,exp_barista_wages,-14058.35
L12,2023-09-30,exp_shift_lead_wages,-4182.65
L12,2023-09-30,exp_store_manager_salary,-5120.67
L12,2023-09-30,exp_payroll_taxes,-2140.85
L12,2023-09-30,exp_employee_benefits,-1789.61
L12,2023-09-30,exp_overtime,-995.04
L12,2023-09-30,exp_rent,-7067.02
L12,2023-09-30,exp_utilities,-1411.85
L12,2023-09-30,exp_property_insurance,-572.34
L12,2023-09-30,exp_cam,-785.06
L12,2023-09-30,exp_property_tax,-958.4
L12,2023-09-30,exp_marketing,-1622.32
L12,2023-09-30,exp_pos_software,-590.56
L12,2023-09-30,exp_equipment_maintenance,-779.09
L12,2023-09-30,exp_cleaning,-624.05
L12,2023-09-30,exp_cc_fees,-1479.35
L12,2023-09-30,exp_office_supplies,-310.05
L12,2023-09-30,exp_waste_removal,-299.32
L12,2023-09-30,exp_corporate_overhead,-1917.48
L12,2023-09-30,exp_training,-395.26
L12,2023-09-30,exp_general_liability_ins,-423.96
L12,2023-09-30,exp_bank_fees,-168.22
L12,2023-09-30,exp_depreciation,-1129.51
L12,2023-09-30,exp_professional_fees,-496.14
L12,2023-10-31,rev_drip_coffee,12353.45
L12,2023-10-31,rev_espresso_drinks,16825.04
L12,2023-10-31,rev_cold_brew,9150.66
L12,2023-10-31,rev_specialty_seasonal,5667.5
L12,2023-10-31,rev_tea,3029.2
L12,2023-10-31,rev_pastries,6529.13
L12,2023-10-31,rev_sandwiches,5084.26
L12,2023-10-31,rev_breakfast,3477.17
L12,2023-10-31,rev_snacks,1901.49
L12,2023-10-31,rev_whole_bean,2783.11
L12,2023-10-31,rev_brew_equipment,1293.61
L12,2023-10-31,rev_merchandise,812.9
L12,2023-10-31,rev_gift_cards,1550.91
L12,2023-10-31,rev_catering,1848.74
L12,2023-10-31,rev_wholesale,1507.35
L12,2023-10-31,exp_coffee_beans,-7500.36
L12,2023-10-31,exp_dairy,-4219.98
L12,2023-10-31,exp_syrups,-1454.38
L12,2023-10-31,exp_food_ingredients,-3640.35
L12,2023-10-31,exp_packaging,-1674.59
L12,2023-10-31,exp_retail_cogs,-1151.48
L12,2023-10-31,exp_barista_wages,-12619.2
L12,2023-10-31,exp_shift_lead_wages,-4406.38
L12,2023-10-31,exp_store_manager_salary,-4891.2
L12,2023-10-31,exp_payroll_taxes,-2168.9
L12,2023-10-31,exp_employee_benefits,-1820.21
L12,2023-10-31,exp_overtime,-1052.34
L12,2023-10-31,exp_rent,-6942.34
L12,2023-10-31,exp_utilities,-1433.48
L12,2023-10-31,exp_property_insurance,-577.4
L12,2023-10-31,exp_cam,-801.12
L12,2023-10-31,exp_property_tax,-954.23
L12,2023-10-31,exp_marketing,-1871.53
L12,2023-10-31,exp_pos_software,-478.49
L12,2023-10-31,exp_equipment_maintenance,-862.22
L12,2023-10-31,exp_cleaning,-533.87
L12,2023-10-31,exp_cc_fees,-1438.34
L12,2023-10-31,exp_office_supplies,-282.22
L12,2023-10-31,exp_waste_removal,-365.85
L12,2023-10-31,exp_corporate_overhead,-2185.08
L12,2023-10-31,exp_training,-414.01
L12,2023-10-31,exp_general_liability_ins,-421.33
L12,2023-10-31,exp_bank_fees,-210.64
L12,2023-10-31,exp_depreciation,-1032.53
L12,2023-10-31,exp_professional_fees,-515.31
L12,2023-11-30,rev_drip_coffee,14735.81
L12,2023-11-30,rev_espresso_drinks,20090.49
L12,2023-11-30,rev_cold_brew,9430.42
L12,2023-11-30,rev_specialty_seasonal,9246.67
L12,2023-11-30,rev_tea,3027.33
L12,2023-11-30,rev_pastries,6925.79
L12,2023-11-30,rev_sandwiches,6223.17
L12,2023-11-30,rev_breakfast,3789.65
L12,2023-11-30,rev_snacks,2421.16
L12,2023-11-30,rev_whole_bean,2546.34
L12,2023-11-30,rev_brew_equipment,1203.94
L12,2023-11-30,rev_merchandise,762.22
L12,2023-11-30,rev_gift_cards,1691.85
L12,2023-11-30,rev_catering,1988.93
L12,2023-11-30,rev_wholesale,1666.7
L12,2023-11-30,exp_coffee_beans,-7079.07
L12,2023-11-30,exp_dairy,-4460.72
L12,2023-11-30,exp_syrups,-1659.28
L12,2023-11-30,exp_food_ingredients,-3644.79
L12,2023-11-30,exp_packaging,-1748.3
L12,2023-11-30,exp_retail_cogs,-1157.32
L12,2023-11-30,exp_barista_wages,-13334.06
L12,2023-11-30,exp_shift_lead_wages,-4255.43
L12,2023-11-30,exp_store_manager_salary,-4695.9
L12,2023-11-30,exp_payroll_taxes,-2326.2
L12,2023-11-30,exp_employee_benefits,-1903.82
L12,2023-11-30,exp_overtime,-1000.27
L12,2023-11-30,exp_rent,-6966.51
L12,2023-11-30,exp_utilities,-1405.49
L12,2023-11-30,exp_property_insurance,-585.36
L12,2023-11-30,exp_cam,-824.56
L12,2023-11-30,exp_property_tax,-947.22
L12,2023-11-30,exp_marketing,-1706.59
L12,2023-11-30,exp_pos_software,-617.05
L12,2023-11-30,exp_equipment_maintenance,-755.16
L12,2023-11-30,exp_cleaning,-580.81
L12,2023-11-30,exp_cc_fees,-1367.42
L12,2023-11-30,exp_office_supplies,-295.35
L12,2023-11-30,exp_waste_removal,-348.09
L12,2023-11-30,exp_corporate_overhead,-2070.97
L12,2023-11-30,exp_training,-496.15
L12,2023-11-30,exp_general_liability_ins,-342.46
L12,2023-11-30,exp_bank_fees,-166.87
L12,2023-11-30,exp_depreciation,-1268.11
L12,2023-11-30,exp_professional_fees,-594.58
L12,2023-12-31,rev_drip_coffee,14254.78
L12,2023-12-31,rev_espresso_drinks,23564.79
L12,2023-12-31,rev_cold_brew,11642.89
L12,2023-12-31,rev_specialty_seasonal,9617.76
L12,2023-12-31,rev_tea,3357.28
L12,2023-12-31,rev_pastries,8734.08
L12,2023-12-31,rev_sandwiches,8432.43
L12,2023-12-31,rev_breakfast,4091.4
L12,2023-12-31,rev_snacks,2478.05
L12,2023-12-31,rev_whole_bean,3619.9
L12,2023-12-31,rev_brew_equipment,1517.53
L12,2023-12-31,rev_merchandise,831.52
L12,2023-12-31,rev_gift_cards,1779.43
L12,2023-12-31,rev_catering,2177.87
L12,2023-12-31,rev_wholesale,1736.74
L12,2023-12-31,exp_coffee_beans,-7947.53
L12,2023-12-31,exp_dairy,-5409.85
L12,2023-12-31,exp_syrups,-1721.56
L12,2023-12-31,exp_food_ingredients,-4133.61
L12,2023-12-31,exp_packaging,-2043.12
L12,2023-12-31,exp_retail_cogs,-1429.79
L12,2023-12-31,exp_barista_wages,-14628.93
L12,2023-12-31,exp_shift_lead_wages,-4559.41
L12,2023-12-31,exp_store_manager_salary,-5319.94
L12,2023-12-31,exp_payroll_taxes,-2257.33
L12,2023-12-31,exp_employee_benefits,-1813.01
L12,2023-12-31,exp_overtime,-1084.76
L12,2023-12-31,exp_rent,-6849.5
L12,2023-12-31,exp_utilities,-1420.67
L12,2023-12-31,exp_property_insurance,-584.84
L12,2023-12-31,exp_cam,-797.78
L12,2023-12-31,exp_property_tax,-952.69
L12,2023-12-31,exp_marketing,-1239.01
L12,2023-12-31,exp_pos_software,-503.85
L12,2023-12-31,exp_equipment_maintenance,-723.9
L12,2023-12-31,exp_cleaning,-571.24
L12,2023-12-31,exp_cc_fees,-1487.79
L12,2023-12-31,exp_office_supplies,-301.85
L12,2023-12-31,exp_waste_removal,-428.02
L12,2023-12-31,exp_corporate_overhead,-2214.94
L12,2023-12-31,exp_training,-545.19
L12,2023-12-31,exp_general_liability_ins,-452.79
L12,2023-12-31,exp_bank_fees,-204.95
L12,2023-12-31,exp_depreciation,-1145.83
L12,2023-12-31,exp_professional_fees,-502.89
L12,2024-01-31,rev_drip_coffee,11352.99
L12,2024-01-31,rev_espresso_drinks,17038.61
L12,2024-01-31,rev_cold_brew,7558.95
L12,2024-01-31,rev_specialty_seasonal,6716.33
L12,2024-01-31,rev_tea,2853.33
L12,2024-01-31,rev_pastries,5675.77
L12,2024-01-31,rev_sandwiches,4916.26
L12,2024-01-31,rev_breakfast,3030.85
L12,2024-01-31,rev_snacks,1832.89
L12,2024-01-31,rev_whole_bean,2318.03
L12,2024-01-31,rev_brew_equipment,1116.24
L12,2024-01-31,rev_merchandise,766.03
L12,2024-01-31,rev_gift_cards,1359.13
L12,2024-01-31,rev_catering,1692.24
L12,2024-01-31,rev_wholesale,1309.35
L12,2024-01-31,exp_coffee_beans,-6388.42
L12,2024-01-31,exp_dairy,-3987.41
L12,2024-01-31,exp_syrups,-1418.84
L12,2024-01-31,exp_food_ingredients,-3128.62
L12,2024-01-31,exp_packaging,-1591.63
L12,2024-01-31,exp_retail_cogs,-1165.18
L12,2024-01-31,exp_barista_wages,-12364.59
L12,2024-01-31,exp_shift_lead_wages,-4301.32
L12,2024-01-31,exp_store_manager_salary,-4601.35
L12,2024-01-31,exp_payroll_taxes,-2223.66
L12,2024-01-31,exp_employee_benefits,-1764.42
L12,2024-01-31,exp_overtime,-852.4
L12,2024-01-31,exp_rent,-6734.12
L12,2024-01-31,exp_utilities,-1374.17
L12,2024-01-31,exp_property_insurance,-551.84
L12,2024-01-31,exp_cam,-806.26
L12,2024-01-31,exp_property_tax,-1008.47
L12,2024-01-31,exp_marketing,-1543.82
L12,2024-01-31,exp_pos_software,-592.45
L12,2024-01-31,exp_equipment_maintenance,-960.51
L12,2024-01-31,exp_cleaning,-629.09
L12,2024-01-31,exp_cc_fees,-1448.92
L12,2024-01-31,exp_office_supplies,-291.97
L12,2024-01-31,exp_waste_removal,-380.35
L12,2024-01-31,exp_corporate_overhead,-2297.68
L12,2024-01-31,exp_training,-478.93
L12,2024-01-31,exp_general_liability_ins,-440.64
L12,2024-01-31,exp_bank_fees,-183.93
L12,2024-01-31,exp_depreciation,-999.17
L12,2024-01-31,exp_professional_fees,-614.01
L12,2024-02-29,rev_drip_coffee,10330.93
L12,2024-02-29,rev_espresso_drinks,17502.11
L12,2024-02-29,rev_cold_brew,8252.54
L12,2024-02-29,rev_specialty_seasonal,6487.53
L12,2024-02-29,rev_tea,2568.61
L12,2024-02-29,rev_pastries,7059.31
L12,2024-02-29,rev_sandwiches,5444.36
L12,2024-02-29,rev_breakfast,2937.94
L12,2024-02-29,rev_snacks,1943.42
L12,2024-02-29,rev_whole_bean,2309.5
L12,2024-02-29,rev_brew_equipment,940.91
L12,2024-02-29,rev_merchandise,744.4
L12,2024-02-29,rev_gift_cards,1177.37
L12,2024-02-29,rev_catering,1791.88
L12,2024-02-29,rev_wholesale,1336.43
L12,2024-02-29,exp_coffee_beans,-6658.99
L12,2024-02-29,exp_dairy,-3809.69
L12,2024-02-29,exp_syrups,-1156.3
L12,2024-02-29,exp_food_ingredients,-3063.48
L12,2024-02-29,exp_packaging,-1446.81
L12,2024-02-29,exp_retail_cogs,-1122.91
L12,2024-02-29,exp_barista_wages,-12920.1
L12,2024-02-29,exp_shift_lead_wages,-4091.63
L12,2024-02-29,exp_store_manager_salary,-4435.45
L12,2024-02-29,exp_payroll_taxes,-1978.39
L12,2024-02-29,exp_employee_benefits,-1674.87
L12,2024-02-29,exp_overtime,-937.8
L12,2024-02-29,exp_rent,-7050.58
L12,2024-02-29,exp_utilities,-1404.26
L12,2024-02-29,exp_property_insurance,-558.22
L12,2024-02-29,exp_cam,-779.21
L12,2024-02-29,exp_property_tax,-987.09
L12,2024-02-29,exp_marketing,-1558.15
L12,2024-02-29,exp_pos_software,-533.78
L12,2024-02-29,exp_equipment_maintenance,-925.01
L12,2024-02-29,exp_cleaning,-559.88
L12,2024-02-29,exp_cc_fees,-1127.92
L12,2024-02-29,exp_office_supplies,-273.79
L12,2024-02-29,exp_waste_removal,-369.69
L12,2024-02-29,exp_corporate_overhead,-2060.15
L12,2024-02-29,exp_training,-386.35
L12,2024-02-29,exp_general_liability_ins,-465.51
L12,2024-02-29,exp_bank_fees,-187.9
L12,2024-02-29,exp_depreciation,-1234.72
L12,2024-02-29,exp_professional_fees,-587.07
L12,2024-03-31,rev_drip_coffee,11138.89
L12,2024-03-31,rev_espresso_drinks,18438.5
L12,2024-03-31,rev_cold_brew,9010.96
L12,2024-03-31,rev_specialty_seasonal,5799.82
L12,2024-03-31,rev_tea,3082.84
L12,2024-03-31,rev_pastries,6782.57
L12,2024-03-31,rev_sandwiches,5092.89
L12,2024-03-31,rev_breakfast,3510.54
L12,2024-03-31,rev_snacks,1820.8
L12,2024-03-31,rev_whole_bean,2930.07
L12,2024-03-31,rev_brew_equipment,1308.68
L12,2024-03-31,rev_merchandise,712.86
L12,2024-03-31,rev_gift_cards,1366.56
L12,2024-03-31,rev_catering,1923.45
L12,2024-03-31,rev_wholesale,1654.25
L12,2024-03-31,exp_coffee_beans,-6361.46
L12,2024-03-31,exp_dairy,-3625.09
L12,2024-03-31,exp_syrups,-1436.65
L12,2024-03-31,exp_food_ingredients,-2834.43
L12,2024-03-31,exp_packaging,-1597.42
L12,2024-03-31,exp_retail_cogs,-1165.56
L12,2024-03-31,exp_barista_wages,-13981.55
L12,2024-03-31,exp_shift_lead_wages,-3885.89
L12,2024-03-31,exp_store_manager_salary,-4824.31
L12,2024-03-31,exp_payroll_taxes,-2225.64
L12,2024-03-31,exp_employee_benefits,-1607.96
L12,2024-03-31,exp_overtime,-1042.87
L12,2024-03-31,exp_rent,-6904.5
L12,2024-03-31,exp_utilities,-1391.52
L12,2024-03-31,exp_property_insurance,-573.85
L12,2024-03-31,exp_cam,-790.12
L12,2024-03-31,exp_property_tax,-983.51
L12,2024-03-31,exp_marketing,-1527.53
L12,2024-03-31,exp_pos_software,-558.22
L12,2024-03-31,exp_equipment_maintenance,-784.41
L12,2024-03-31,exp_cleaning,-558.46
L12,2024-03-31,exp_cc_fees,-1477.51
L12,2024-03-31,exp_office_supplies,-272.48
L12,2024-03-31,exp_waste_removal,-389.85
L12,2024-03-31,exp_corporate_overhead,-2238.0
L12,2024-03-31,exp_training,-422.76
L12,2024-03-31,exp_general_liability_ins,-431.61
L12,2024-03-31,exp_bank_fees,-170.65
L12,2024-03-31,exp_depreciation,-997.82
L12,2024-03-31,exp_professional_fees,-529.78
L12,2024-04-30,rev_drip_coffee,13031.71
L12,2024-04-30,rev_espresso_drinks,19740.24
L12,2024-04-30,rev_cold_brew,8948.99
L12,2024-04-30,rev_specialty_seasonal,6000.95
L12,2024-04-30,rev_tea,2827.24
L12,2024-04-30,rev_pastries,6651.35
L12,2024-04-30,rev_sandwiches,7045.43
L12,2024-04-30,rev_breakfast,3128.16
L12,2024-04-30,rev_snacks,2000.41
L12,2024-04-30,rev_whole_bean,2557.56
L12,2024-04-30,rev_brew_equipment,1243.57
L12,2024-04-30,rev_merchandise,783.91
L12,2024-04-30,rev_gift_cards,1513.34
L12,2024-04-30,rev_catering,2025.8
L12,2024-04-30,rev_wholesale,1454.61
L12,2024-04-30,exp_coffee_beans,-7093.67
L12,2024-04-30,exp_dairy,-4289.8
L12,2024-04-30,exp_syrups,-1565.18
L12,2024-04-30,exp_food_ingredients,-3831.52
L12,2024-04-30,exp_packaging,-1726.89
L12,2024-04-30,exp_retail_cogs,-1131.29
L12,2024-04-30,exp_barista_wages,-13223.74
L12,2024-04-30,exp_shift_lead_wages,-4169.04
L12,2024-04-30,exp_store_manager_salary,-4729.64
L12,2024-04-30,exp_payroll_taxes,-2250.13
L12,2024-04-30,exp_employee_benefits,-1526.65
L12,2024-04-30,exp_overtime,-1043.54
L12,2024-04-30,exp_rent,-6801.4
L12,2024-04-30,exp_utilities,-1405.49
L12,2024-04-30,exp_property_insurance,-589.01
L12,2024-04-30,exp_cam,-772.33
L12,2024-04-30,exp_property_tax,-973.68
L12,2024-04-30,exp_marketing,-1710.46
L12,2024-04-30,exp_pos_software,-555.12
L12,2024-04-30,exp_equipment_maintenance,-701.34
L12,2024-04-30,exp_cleaning,-699.47
L12,2024-04-30,exp_cc_fees,-1421.9
L12,2024-04-30,exp_office_supplies,-283.53
L12,2024-04-30,exp_waste_removal,-349.74
L12,2024-04-30,exp_corporate_overhead,-2032.13
L12,2024-04-30,exp_training,-403.3
L12,2024-04-30,exp_general_liability_ins,-429.54
L12,2024-04-30,exp_bank_fees,-173.83
L12,2024-04-30,exp_depreciation,-1268.22
L12,2024-04-30,exp_professional_fees,-592.59
L12,2024-05-31,rev_drip_coffee,15525.35
L12,2024-05-31,rev_espresso_drinks,19560.4
L12,2024-05-31,rev_cold_brew,8688.72
L12,2024-05-31,rev_specialty_seasonal,5183.72
L12,2024-05-31,rev_tea,3786.73
L12,2024-05-31,rev_pastries,7582.34
L12,2024-05-31,rev_sandwiches,6175.53
L12,2024-05-31,rev_breakfast,4410.9
L12,2024-05-31,rev_snacks,2415.66
L12,2024-05-31,rev_whole_bean,2619.7
L12,2024-05-31,rev_brew_equipment,1246.53
L12,2024-05-31,rev_merchandise,843.71
L12,2024-05-31,rev_gift_cards,1386.2
L12,2024-05-31,rev_catering,2068.37
L12,2024-05-31,rev_wholesale,1802.62
L12,2024-05-31,exp_coffee_beans,-7147.11
L12,2024-05-31,exp_dairy,-4570.31
L12,2024-05-31,exp_syrups,-1677.45
L12,2024-05-31,exp_food_ingredients,-3658.55
L12,2024-05-31,exp_packaging,-1745.06
L12,2024-05-31,exp_retail_cogs,-1209.4
L12,2024-05-31,exp_barista_wages,-14258.06
L12,2024-05-31,exp_shift_lead_wages,-3914.42
L12,2024-05-31,exp_store_manager_salary,-5058.07
L12,2024-05-31,exp_payroll_taxes,-2238.28
L12,2024-05-31,exp_employee_benefits,-1926.98
L12,2024-05-31,exp_overtime,-995.41
L12,2024-05-31,exp_rent,-6798.46
L12,2024-05-31,exp_utilities,-1373.59
L12,2024-05-31,exp_property_insurance,-577.24
L12,2024-05-31,exp_cam,-785.61
L12,2024-05-31,exp_property_tax,-951.7
L12,2024-05-31,exp_marketing,-1463.14
L12,2024-05-31,exp_pos_software,-575.14
L12,2024-05-31,exp_equipment_maintenance,-744.1
L12,2024-05-31,exp_cleaning,-553.75
L12,2024-05-31,exp_cc_fees,-1582.8
L12,2024-05-31,exp_office_supplies,-294.35
L12,2024-05-31,exp_waste_removal,-395.43
L12,2024-05-31,exp_corporate_overhead,-2036.94
L12,2024-05-31,exp_training,-457.74
L12,2024-05-31,exp_general_liability_ins,-429.18
L12,2024-05-31,exp_bank_fees,-210.52
L12,2024-05-31,exp_depreciation,-1343.69
L12,2024-05-31,exp_professional_fees,-628.41
L12,2024-06-30,rev_drip_coffee,13917.3
L12,2024-06-30,rev_espresso_drinks,19548.22
L12,2024-06-30,rev_cold_brew,14184.77
L12,2024-06-30,rev_specialty_seasonal,6956.21
L12,2024-06-30,rev_tea,3755.89
L12,2024-06-30,rev_pastries,7689.0
L12,2024-06-30,rev_sandwiches,7379.55
L12,2024-06-30,rev_breakfast,4390.78
L12,2024-06-30,rev_snacks,2352.2
L12,2024-06-30,rev_whole_bean,3181.25
L12,2024-06-30,rev_brew_equipment,1426.03
L12,2024-06-30,rev_merchandise,852.24
L12,2024-06-30,rev_gift_cards,1528.3
L12,2024-06-30,rev_catering,2098.66
L12,2024-06-30,rev_wholesale,1586.44
L12,2024-06-30,exp_coffee_beans,-8244.1
L12,2024-06-30,exp_dairy,-4794.86
L12,2024-06-30,exp_syrups,-1754.92
L12,2024-06-30,exp_food_ingredients,-4067.06
L12,2024-06-30,exp_packaging,-1992.18
L12,2024-06-30,exp_retail_cogs,-1429.27
L12,2024-06-30,exp_barista_wages,-13341.54
L12,2024-06-30,exp_shift_lead_wages,-3962.05
L12,2024-06-30,exp_store_manager_salary,-5417.1
L12,2024-06-30,exp_payroll_taxes,-2490.64
L12,2024-06-30,exp_employee_benefits,-2031.05
L12,2024-06-30,exp_overtime,-1092.39
L12,2024-06-30,exp_rent,-6592.6
L12,2024-06-30,exp_utilities,-1418.88
L12,2024-06-30,exp_property_insurance,-578.59
L12,2024-06-30,exp_cam,-812.17
L12,2024-06-30,exp_property_tax,-996.09
L12,2024-06-30,exp_marketing,-1728.8
L12,2024-06-30,exp_pos_software,-513.77
L12,2024-06-30,exp_equipment_maintenance,-750.27
L12,2024-06-30,exp_cleaning,-649.16
L12,2024-06-30,exp_cc_fees,-1337.49
L12,2024-06-30,exp_office_supplies,-343.48
L12,2024-06-30,exp_waste_removal,-299.42
L12,2024-06-30,exp_corporate_overhead,-2232.64
L12,2024-06-30,exp_training,-472.42
L12,2024-06-30,exp_general_liability_ins,-413.84
L12,2024-06-30,exp_bank_fees,-167.77
L12,2024-06-30,exp_depreciation,-943.45
L12,2024-06-30,exp_professional_fees,-533.49
L12,2024-07-31,rev_drip_coffee,14428.44
L12,2024-07-31,rev_espresso_drinks,23730.44
L12,2024-07-31,rev_cold_brew,12869.29
L12,2024-07-31,rev_specialty_seasonal,6666.95
L12,2024-07-31,rev_tea,3163.52
L12,2024-07-31,rev_pastries,8189.73
L12,2024-07-31,rev_sandwiches,5878.5
L12,2024-07-31,rev_breakfast,4967.86
L12,2024-07-31,rev_snacks,2359.84
L12,2024-07-31,rev_whole_bean,2497.77
L12,2024-07-31,rev_brew_equipment,1369.4
L12,2024-07-31,rev_merchandise,868.53
L12,2024-07-31,rev_gift_cards,1573.25
L12,2024-07-31,rev_catering,2216.4
L12,2024-07-31,rev_wholesale,1768.89
L12,2024-07-31,exp_coffee_beans,-8061.8
L12,2024-07-31,exp_dairy,-4647.5
L12,2024-07-31,exp_syrups,-1807.11
L12,2024-07-31,exp_food_ingredients,-4164.3
L12,2024-07-31,exp_packaging,-1894.09
L12,2024-07-31,exp_retail_cogs,-1369.15
L12,2024-07-31,exp_barista_wages,-13189.89
L12,2024-07-31,exp_shift_lead_wages,-4405.7
L12,2024-07-31,exp_store_manager_salary,-5264.43
L12,2024-07-31,exp_payroll_taxes,-2297.16
L12,2024-07-31,exp_employee_benefits,-1924.83
L12,2024-07-31,exp_overtime,-1094.27
L12,2024-07-31,exp_rent,-6722.05
L12,2024-07-31,exp_utilities,-1442.19
L12,2024-07-31,exp_property_insurance,-569.86
L12,2024-07-31,exp_cam,-818.88
L12,2024-07-31,exp_property_tax,-976.54
L12,2024-07-31,exp_marketing,-1896.98
L12,2024-07-31,exp_pos_software,-609.97
L12,2024-07-31,exp_equipment_maintenance,-855.34
L12,2024-07-31,exp_cleaning,-571.69
L12,2024-07-31,exp_cc_fees,-1350.69
L12,2024-07-31,exp_office_supplies,-315.28
L12,2024-07-31,exp_waste_removal,-366.11
L12,2024-07-31,exp_corporate_overhead,-1988.41
L12,2024-07-31,exp_training,-495.92
L12,2024-07-31,exp_general_liability_ins,-424.21
L12,2024-07-31,exp_bank_fees,-200.39
L12,2024-07-31,exp_depreciation,-1072.55
L12,2024-07-31,exp_professional_fees,-619.74
L12,2024-08-31,rev_drip_coffee,14969.67
L12,2024-08-31,rev_espresso_drinks,22841.81
L12,2024-08-31,rev_cold_brew,14159.07
L12,2024-08-31,rev_specialty_seasonal,6112.34
L12,2024-08-31,rev_tea,3330.22
L12,2024-08-31,rev_pastries,8619.89
L12,2024-08-31,rev_sandwiches,6689.79
L12,2024-08-31,rev_breakfast,4313.36
L12,2024-08-31,rev_snacks,2213.34
L12,2024-08-31,rev_whole_bean,2618.75
L12,2024-08-31,rev_brew_equipment,1253.21
L12,2024-08-31,rev_merchandise,922.36
L12,2024-08-31,rev_gift_cards,1677.25
L12,2024-08-31,rev_catering,2255.23
L12,2024-08-31,rev_wholesale,1950.49
L12,2024-08-31,exp_coffee_beans,-8196.73
L12,2024-08-31,exp_dairy,-4535.9
L12,2024-08-31,exp_syrups,-1709.66
L12,2024-08-31,exp_food_ingredients,-3789.44
L12,2024-08-31,exp_packaging,-1782.28
L12,2024-08-31,exp_retail_cogs,-1341.75
L12,2024-08-31,exp_barista_wages,-13929.47
L12,2024-08-31,exp_shift_lead_wages,-4143.35
L12,2024-08-31,exp_store_manager_salary,-5034.8
L12,2024-08-31,exp_payroll_taxes,-2474.82
L12,2024-08-31,exp_employee_benefits,-1995.28
L12,2024-08-31,exp_overtime,-1064.81
L12,2024-08-31,exp_rent,-6874.69
L12,2024-08-31,exp_utilities,-1368.21
L12,2024-08-31,exp_property_insurance,-591.91
L12,2024-08-31,exp_cam,-808.75
L12,2024-08-31,exp_property_tax,-982.96
L12,2024-08-31,exp_marketing,-1224.19
L12,2024-08-31,exp_pos_software,-548.06
L12,2024-08-31,exp_equipment_maintenance,-825.71
L12,2024-08-31,exp_cleaning,-658.33
L12,2024-08-31,exp_cc_fees,-1387.08
L12,2024-08-31,exp_office_supplies,-292.39
L12,2024-08-31,exp_waste_removal,-383.31
L12,2024-08-31,exp_corporate_overhead,-1949.42
L12,2024-08-31,exp_training,-431.51
L12,2024-08-31,exp_general_liability_ins,-430.74
L12,2024-08-31,exp_bank_fees,-209.62
L12,2024-08-31,exp_depreciation,-1284.57
L12,2024-08-31,exp_professional_fees,-624.02
L12,2024-09-30,rev_drip_coffee,13413.67
L12,2024-09-30,rev_espresso_drinks,21640.63
L12,2024-09-30,rev_cold_brew,7763.65
L12,2024-09-30,rev_specialty_seasonal,6629.8
L12,2024-09-30,rev_tea,3668.12
L12,2024-09-30,rev_pastries,7250.71
L12,2024-09-30,rev_sandwiches,6773.73
L12,2024-09-30,rev_breakfast,3762.24
L12,2024-09-30,rev_snacks,2081.47
L12,2024-09-30,rev_whole_bean,2713.86
L12,2024-09-30,rev_brew_equipment,1283.53
L12,2024-09-30,rev_merchandise,865.22
L12,2024-09-30,rev_gift_cards,1522.14
L12,2024-09-30,rev_catering,2346.74
L12,2024-09-30,rev_wholesale,1670.04
L12,2024-09-30,exp_coffee_beans,-6899.83
L12,2024-09-30,exp_dairy,-4735.37
L12,2024-09-30,exp_syrups,-1445.58
L12,2024-09-30,exp_food_ingredients,-3386.84
L12,2024-09-30,exp_packaging,-1724.75
L12,2024-09-30,exp_retail_cogs,-1240.8
L12,2024-09-30,exp_barista_wages,-12248.45
L12,2024-09-30,exp_shift_lead_wages,-3973.0
L12,2024-09-30,exp_store_manager_salary,-4485.83
L12,2024-09-30,exp_payroll_taxes,-2289.3
L12,2024-09-30,exp_employee_benefits,-1909.12
L12,2024-09-30,exp_overtime,-943.93
L12,2024-09-30,exp_rent,-7003.56
L12,2024-09-30,exp_utilities,-1434.8
L12,2024-09-30,exp_property_insurance,-564.69
L12,2024-09-30,exp_cam,-760.91
L12,2024-09-30,exp_property_tax,-947.65
L12,2024-09-30,exp_marketing,-1490.32
L12,2024-09-30,exp_pos_software,-629.97
L12,2024-09-30,exp_equipment_maintenance,-826.45
L12,2024-09-30,exp_cleaning,-554.21
L12,2024-09-30,exp_cc_fees,-1474.07
L12,2024-09-30,exp_office_supplies,-260.55
L12,2024-09-30,exp_waste_removal,-379.51
L12,2024-09-30,exp_corporate_overhead,-1906.3
L12,2024-09-30,exp_training,-419.68
L12,2024-09-30,exp_general_liability_ins,-438.44
L12,2024-09-30,exp_bank_fees,-217.23
L12,2024-09-30,exp_depreciation,-1449.69
L12,2024-09-30,exp_professional_fees,-504.84
L12,2024-10-31,rev_drip_coffee,12459.88
L12,2024-10-31,rev_espresso_drinks,19731.33
L12,2024-10-31,rev_cold_brew,9670.1
L12,2024-10-31,rev_specialty_seasonal,4626.11
L12,2024-10-31,rev_tea,3089.5
L12,2024-10-31,rev_pastries,6590.75
L12,2024-10-31,rev_sandwiches,5267.99
L12,2024-10-31,rev_breakfast,3303.95
L12,2024-10-31,rev_snacks,1981.18
L12,2024-10-31,rev_whole_bean,2810.51
L12,2024-10-31,rev_brew_equipment,1365.2
L12,2024-10-31,rev_merchandise,835.16
L12,2024-10-31,rev_gift_cards,1553.24
L12,2024-10-31,rev_catering,1989.46
L12,2024-10-31,rev_wholesale,1532.67
L12,2024-10-31,exp_coffee_beans,-7241.45
L12,2024-10-31,exp_dairy,-4439.01
L12,2024-10-31,exp_syrups,-1587.31
L12,2024-10-31,exp_food_ingredients,-3390.72
L12,2024-10-31,exp_packaging,-1590.77
L12,2024-10-31,exp_retail_cogs,-1211.62
L12,2024-10-31,exp_barista_wages,-13680.01
L12,2024-10-31,exp_shift_lead_wages,-4429.3
L12,2024-10-31,exp_store_manager_salary,-4682.96
L12,2024-10-31,exp_payroll_taxes,-2100.7
L12,2024-10-31,exp_employee_benefits,-1847.73
L12,2024-10-31,exp_overtime,-985.33
L12,2024-10-31,exp_rent,-6805.06
L12,2024-10-31,exp_utilities,-1443.91
L12,2024-10-31,exp_property_insurance,-556.54
L12,2024-10-31,exp_cam,-824.91
L12,2024-10-31,exp_property_tax,-956.53
L12,2024-10-31,exp_marketing,-1722.0
L12,2024-10-31,exp_pos_software,-539.89
L12,2024-10-31,exp_equipment_maintenance,-859.04
L12,2024-10-31,exp_cleaning,-600.06
L12,2024-10-31,exp_cc_fees,-1577.02
L12,2024-10-31,exp_office_supplies,-288.93
L12,2024-10-31,exp_waste_removal,-340.27
L12,2024-10-31,exp_corporate_overhead,-2496.0
L12,2024-10-31,exp_training,-459.13
L12,2024-10-31,exp_general_liability_ins,-394.02
L12,2024-10-31,exp_bank_fees,-157.32
L12,2024-10-31,exp_depreciation,-1410.21
L12,2024-10-31,exp_professional_fees,-532.33
L12,2024-11-30,rev_drip_coffee,16462.02
L12,2024-11-30,rev_espresso_drinks,21118.8
L12,2024-11-30,rev_cold_brew,9659.87
L12,2024-11-30,rev_specialty_seasonal,8880.34
L12,2024-11-30,rev_tea,3900.91
L12,2024-11-30,rev_pastries,6107.7
L12,2024-11-30,rev_sandwiches,6839.77
L12,2024-11-30,rev_breakfast,3910.92
L12,2024-11-30,rev_snacks,2203.28
L12,2024-11-30,rev_whole_bean,3057.23
L12,2024-11-30,rev_brew_equipment,1335.32
L12,2024-11-30,rev_merchandise,890.31
L12,2024-11-30,rev_gift_cards,1556.36
L12,2024-11-30,rev_catering,1918.73
L12,2024-11-30,rev_wholesale,1807.73
L12,2024-11-30,exp_coffee_beans,-8175.89
L12,2024-11-30,exp_dairy,-4507.45
L12,2024-11-30,exp_syrups,-1782.38
L12,2024-11-30,exp_food_ingredients,-3935.62
L12,2024-11-30,exp_packaging,-1877.76
L12,2024-11-30,exp_retail_cogs,-1340.47
L12,2024-11-30,exp_barista_wages,-13775.31
L12,2024-11-30,exp_shift_lead_wages,-4556.43
L12,2024-11-30,exp_store_manager_salary,-5523.36
L12,2024-11-30,exp_payroll_taxes,-2372.44
L12,2024-11-30,exp_employee_benefits,-1765.06
L12,2024-11-30,exp_overtime,-1041.85
L12,2024-11-30,exp_rent,-6945.61
L12,2024-11-30,exp_utilities,-1432.18
L12,2024-11-30,exp_property_insurance,-571.35
L12,2024-11-30,exp_cam,-783.34
L12,2024-11-30,exp_property_tax,-999.08
L12,2024-11-30,exp_marketing,-1414.73
L12,2024-11-30,exp_pos_software,-494.44
L12,2024-11-30,exp_equipment_maintenance,-725.35
L12,2024-11-30,exp_cleaning,-558.11
L12,2024-11-30,exp_cc_fees,-1633.79
L12,2024-11-30,exp_office_supplies,-337.66
L12,2024-11-30,exp_waste_removal,-358.28
L12,2024-11-30,exp_corporate_overhead,-2217.73
L12,2024-11-30,exp_training,-457.31
L12,2024-11-30,exp_general_liability_ins,-372.2
L12,2024-11-30,exp_bank_fees,-225.88
L12,2024-11-30,exp_depreciation,-1351.87
L12,2024-11-30,exp_professional_fees,-583.4
L12,2024-12-31,rev_drip_coffee,14869.94
L12,2024-12-31,rev_espresso_drinks,22702.73
L12,2024-12-31,rev_cold_brew,10191.11
L12,2024-12-31,rev_specialty_seasonal,9974.29
L12,2024-12-31,rev_tea,3835.84
L12,2024-12-31,rev_pastries,8138.45
L12,2024-12-31,rev_sandwiches,6712.32
L12,2024-12-31,rev_breakfast,5283.53
L12,2024-12-31,rev_snacks,2580.17
L12,2024-12-31,rev_whole_bean,3537.43
L12,2024-12-31,rev_brew_equipment,1489.17
L12,2024-12-31,rev_merchandise,866.99
L12,2024-12-31,rev_gift_cards,1749.69
L12,2024-12-31,rev_catering,2359.34
L12,2024-12-31,rev_wholesale,2094.09
L12,2024-12-31,exp_coffee_beans,-9320.44
L12,2024-12-31,exp_dairy,-5433.78
L12,2024-12-31,exp_syrups,-1932.44
L12,2024-12-31,exp_food_ingredients,-4543.33
L12,2024-12-31,exp_packaging,-2074.96
L12,2024-12-31,exp_retail_cogs,-1533.68
L12,2024-12-31,exp_barista_wages,-14972.12
L12,2024-12-31,exp_shift_lead_wages,-3995.52
L12,2024-12-31,exp_store_manager_salary,-5288.43
L12,2024-12-31,exp_payroll_taxes,-2268.28
L12,2024-12-31,exp_employee_benefits,-1959.53
L12,2024-12-31,exp_overtime,-1051.98
L12,2024-12-31,exp_rent,-6950.0
L12,2024-12-31,exp_utilities,-1436.22
L12,2024-12-31,exp_property_insurance,-586.01
L12,2024-12-31,exp_cam,-817.99
L12,2024-12-31,exp_property_tax,-935.94
L12,2024-12-31,exp_marketing,-1394.65
L12,2024-12-31,exp_pos_software,-705.63
L12,2024-12-31,exp_equipment_maintenance,-920.77
L12,2024-12-31,exp_cleaning,-630.08
L12,2024-12-31,exp_cc_fees,-1457.25
L12,2024-12-31,exp_office_supplies,-297.62
L12,2024-12-31,exp_waste_removal,-291.15
L12,2024-12-31,exp_corporate_overhead,-1949.69
L12,2024-12-31,exp_training,-452.67
L12,2024-12-31,exp_general_liability_ins,-392.32
L12,2024-12-31,exp_bank_fees,-174.06
L12,2024-12-31,exp_depreciation,-1492.59
L12,2024-12-31,exp_professional_fees,-549.25
L12,2025-01-31,rev_drip_coffee,12331.56
L12,2025-01-31,rev_espresso_drinks,17809.76
L12,2025-01-31,rev_cold_brew,8537.5
L12,2025-01-31,rev_specialty_seasonal,7193.58
L12,2025-01-31,rev_tea,3110.78
L12,2025-01-31,rev_pastries,6547.12
L12,2025-01-31,rev_sandwiches,5149.29
L12,2025-01-31,rev_breakfast,3381.63
L12,2025-01-31,rev_snacks,1887.11
L12,2025-01-31,rev_whole_bean,2534.01
L12,2025-01-31,rev_brew_equipment,1212.17
L12,2025-01-31,rev_merchandise,786.77
L12,2025-01-31,rev_gift_cards,1386.12
L12,2025-01-31,rev_catering,1879.9
L12,2025-01-31,rev_wholesale,1507.75
L12,2025-01-31,exp_coffee_beans,-6013.41
L12,2025-01-31,exp_dairy,-4108.84
L12,2025-01-31,exp_syrups,-1425.56
L12,2025-01-31,exp_food_ingredients,-2994.29
L12,2025-01-31,exp_packaging,-1559.64
L12,2025-01-31,exp_retail_cogs,-1134.21
L12,2025-01-31,exp_barista_wages,-13761.36
L12,2025-01-31,exp_shift_lead_wages,-4109.63
L12,2025-01-31,exp_store_manager_salary,-4811.02
L12,2025-01-31,exp_payroll_taxes,-2236.03
L12,2025-01-31,exp_employee_benefits,-1677.51
L12,2025-01-31,exp_overtime,-1000.68
L12,2025-01-31,exp_rent,-6781.52
L12,2025-01-31,exp_utilities,-1439.86
L12,2025-01-31,exp_property_insurance,-553.81
L12,2025-01-31,exp_cam,-805.27
L12,2025-01-31,exp_property_tax,-968.74
L12,2025-01-31,exp_marketing,-1737.63
L12,2025-01-31,exp_pos_software,-503.22
L12,2025-01-31,exp_equipment_maintenance,-843.87
L12,2025-01-31,exp_cleaning,-619.99
L12,2025-01-31,exp_cc_fees,-1515.62
L12,2025-01-31,exp_office_supplies,-267.97
L12,2025-01-31,exp_waste_removal,-383.91
L12,2025-01-31,exp_corporate_overhead,-1722.86
L12,2025-01-31,exp_training,-427.22
L12,2025-01-31,exp_general_liability_ins,-356.54
L12,2025-01-31,exp_bank_fees,-200.19
L12,2025-01-31,exp_depreciation,-1236.04
L12,2025-01-31,exp_professional_fees,-589.13
L12,2025-02-28,rev_drip_coffee,13185.2
L12,2025-02-28,rev_espresso_drinks,16650.77
L12,2025-02-28,rev_cold_brew,8360.61
L12,2025-02-28,rev_specialty_seasonal,7351.58
L12,2025-02-28,rev_tea,2746.66
L12,2025-02-28,rev_pastries,6828.48
L12,2025-02-28,rev_sandwiches,6547.65
L12,2025-02-28,rev_breakfast,3220.04
L12,2025-02-28,rev_snacks,1995.73
L12,2025-02-28,rev_whole_bean,2586.09
L12,2025-02-28,rev_brew_equipment,1169.0
L12,2025-02-28,rev_merchandise,746.59
L12,2025-02-28,rev_gift_cards,1266.85
L12,2025-02-28,rev_catering,1276.35
L12,2025-02-28,rev_wholesale,1644.0
L12,2025-02-28,exp_coffee_beans,-6359.57
L12,2025-02-28,exp_dairy,-3820.42
L12,2025-02-28,exp_syrups,-1345.67
L12,2025-02-28,exp_food_ingredients,-2958.7
L12,2025-02-28,exp_packaging,-1521.95
L12,2025-02-28,exp_retail_cogs,-1071.82
L12,2025-02-28,exp_barista_wages,-12194.25
L12,2025-02-28,exp_shift_lead_wages,-3987.05
L12,2025-02-28,exp_store_manager_salary,-4668.19
L12,2025-02-28,exp_payroll_taxes,-2213.52
L12,2025-02-28,exp_employee_benefits,-1557.36
L12,2025-02-28,exp_overtime,-920.99
L12,2025-02-28,exp_rent,-6966.43
L12,2025-02-28,exp_utilities,-1390.56
L12,2025-02-28,exp_property_insurance,-561.9
L12,2025-02-28,exp_cam,-782.97
L12,2025-02-28,exp_property_tax,-966.44
L12,2025-02-28,exp_marketing,-1569.25
L12,2025-02-28,exp_pos_software,-534.36
L12,2025-02-28,exp_equipment_maintenance,-750.32
L12,2025-02-28,exp_cleaning,-663.9
L12,2025-02-28,exp_cc_fees,-1645.24
L12,2025-02-28,exp_office_supplies,-242.14
L12,2025-02-28,exp_waste_removal,-304.87
L12,2025-02-28,exp_corporate_overhead,-2324.76
L12,2025-02-28,exp_training,-529.65
L12,2025-02-28,exp_general_liability_ins,-332.6
L12,2025-02-28,exp_bank_fees,-199.95
L12,2025-02-28,exp_depreciation,-1383.15
L12,2025-02-28,exp_professional_fees,-514.84
L12,2025-03-31,rev_drip_coffee,14342.49
L12,2025-03-31,rev_espresso_drinks,18178.78
L12,2025-03-31,rev_cold_brew,8822.6
L12,2025-03-31,rev_specialty_seasonal,5131.32
L12,2025-03-31,rev_tea,3224.85
L12,2025-03-31,rev_pastries,7119.56
L12,2025-03-31,rev_sandwiches,6895.35
L12,2025-03-31,rev_breakfast,4015.41
L12,2025-03-31,rev_snacks,2018.29
L12,2025-03-31,rev_whole_bean,3399.25
L12,2025-03-31,rev_brew_equipment,1362.28
L12,2025-03-31,rev_merchandise,824.52
L12,2025-03-31,rev_gift_cards,1292.97
L12,2025-03-31,rev_catering,1695.48
L12,2025-03-31,rev_wholesale,1397.96
L12,2025-03-31,exp_coffee_beans,-6780.48
L12,2025-03-31,exp_dairy,-4462.23
L12,2025-03-31,exp_syrups,-1504.66
L12,2025-03-31,exp_food_ingredients,-3222.37
L12,2025-03-31,exp_packaging,-1612.48
L12,2025-03-31,exp_retail_cogs,-1144.7
L12,2025-03-31,exp_barista_wages,-13778.18
L12,2025-03-31,exp_shift_lead_wages,-3862.27
L12,2025-03-31,exp_store_manager_salary,-4927.4
L12,2025-03-31,exp_payroll_taxes,-2202.4
L12,2025-03-31,exp_employee_benefits,-1658.4
L12,2025-03-31,exp_overtime,-1093.65
L12,2025-03-31,exp_rent,-6826.23
L12,2025-03-31,exp_utilities,-1380.61
L12,2025-03-31,exp_property_insurance,-582.0
L12,2025-03-31,exp_cam,-793.19
L12,2025-03-31,exp_property_tax,-976.31
L12,2025-03-31,exp_marketing,-1396.92
L12,2025-03-31,exp_pos_software,-590.17
L12,2025-03-31,exp_equipment_maintenance,-1018.03
L12,2025-03-31,exp_cleaning,-538.43
L12,2025-03-31,exp_cc_fees,-1504.05
L12,2025-03-31,exp_office_supplies,-275.82
L12,2025-03-31,exp_waste_removal,-458.03
L12,2025-03-31,exp_corporate_overhead,-2374.79
L12,2025-03-31,exp_training,-470.7
L12,2025-03-31,exp_general_liability_ins,-370.69
L12,2025-03-31,exp_bank_fees,-166.65
L12,2025-03-31,exp_depreciation,-1277.18
L12,2025-03-31,exp_professional_fees,-486.66
L12,2025-04-30,rev_drip_coffee,11976.18
L12,2025-04-30,rev_espresso_drinks,19425.69
L12,2025-04-30,rev_cold_brew,9155.61
L12,2025-04-30,rev_specialty_seasonal,5905.4
L12,2025-04-30,rev_tea,3032.38
L12,2025-04-30,rev_pastries,7542.43
L12,2025-04-30,rev_sandwiches,5938.47
L12,2025-04-30,rev_breakfast,3979.95
L12,2025-04-30,rev_snacks,2162.49
L12,2025-04-30,rev_whole_bean,3003.27
L12,2025-04-30,rev_brew_equipment,1416.5
L12,2025-04-30,rev_merchandise,801.64
L12,2025-04-30,rev_gift_cards,1400.79
L12,2025-04-30,rev_catering,1758.95
L12,2025-04-30,rev_wholesale,1395.13
L12,2025-04-30,exp_coffee_beans,-7420.98
L12,2025-04-30,exp_dairy,-4370.83
L12,2025-04-30,exp_syrups,-1462.23
L12,2025-04-30,exp_food_ingredients,-3346.88
L12,2025-04-30,exp_packaging,-1839.13
L12,2025-04-30,exp_retail_cogs,-1274.14
L12,2025-04-30,exp_barista_wages,-12419.3
L12,2025-04-30,exp_shift_lead_wages,-4056.38
L12,2025-04-30,exp_store_manager_salary,-5052.5
L12,2025-04-30,exp_payroll_taxes,-2127.94
L12,2025-04-30,exp_employee_benefits,-1699.2
L12,2025-04-30,exp_overtime,-999.77
L12,2025-04-30,exp_rent,-7016.61
L12,2025-04-30,exp_utilities,-1441.86
L12,2025-04-30,exp_property_insurance,-563.82
L12,2025-04-30,exp_cam,-799.62
L12,2025-04-30,exp_property_tax,-968.27
L12,2025-04-30,exp_marketing,-1424.88
L12,2025-04-30,exp_pos_software,-529.61
L12,2025-04-30,exp_equipment_maintenance,-730.61
L12,2025-04-30,exp_cleaning,-687.93
L12,2025-04-30,exp_cc_fees,-1678.11
L12,2025-04-30,exp_office_supplies,-287.03
L12,2025-04-30,exp_waste_removal,-337.52
L12,2025-04-30,exp_corporate_overhead,-2335.69
L12,2025-04-30,exp_training,-513.46
L12,2025-04-30,exp_general_liability_ins,-375.48
L12,2025-04-30,exp_bank_fees,-182.14
L12,2025-04-30,exp_depreciation,-1181.48
L12,2025-04-30,exp_professional_fees,-520.0
L12,2025-05-31,rev_drip_coffee,14508.26
L12,2025-05-31,rev_espresso_drinks,19241.24
L12,2025-05-31,rev_cold_brew,9100.76
L12,2025-05-31,rev_specialty_seasonal,5968.93
L12,2025-05-31,rev_tea,2906.92
L12,2025-05-31,rev_pastries,6162.99
L12,2025-05-31,rev_sandwiches,7189.12
L12,2025-05-31,rev_breakfast,3743.77
L12,2025-05-31,rev_snacks,2613.64
L12,2025-05-31,rev_whole_bean,3483.49
L12,2025-05-31,rev_brew_equipment,1303.78
L12,2025-05-31,rev_merchandise,1037.0
L12,2025-05-31,rev_gift_cards,1669.44
L12,2025-05-31,rev_catering,2025.08
L12,2025-05-31,rev_wholesale,1386.22
L12,2025-05-31,exp_coffee_beans,-8131.69
L12,2025-05-31,exp_dairy,-4621.4
L12,2025-05-31,exp_syrups,-1658.52
L12,2025-05-31,exp_food_ingredients,-3632.22
L12,2025-05-31,exp_packaging,-1691.78
L12,2025-05-31,exp_retail_cogs,-1254.35
L12,2025-05-31,exp_barista_wages,-14307.63
L12,2025-05-31,exp_shift_lead_wages,-4166.19
L12,2025-05-31,exp_store_manager_salary,-4929.58
L12,2025-05-31,exp_payroll_taxes,-2052.75
L12,2025-05-31,exp_employee_benefits,-1834.28
L12,2025-05-31,exp_overtime,-972.91
L12,2025-05-31,exp_rent,-6992.97
L12,2025-05-31,exp_utilities,-1387.9
L12,2025-05-31,exp_property_insurance,-568.85
L12,2025-05-31,exp_cam,-826.62
L12,2025-05-31,exp_property_tax,-962.46
L12,2025-05-31,exp_marketing,-1514.84
L12,2025-05-31,exp_pos_software,-577.79
L12,2025-05-31,exp_equipment_maintenance,-687.03
L12,2025-05-31,exp_cleaning,-693.33
L12,2025-05-31,exp_cc_fees,-1596.98
L12,2025-05-31,exp_office_supplies,-315.02
L12,2025-05-31,exp_waste_removal,-239.05
L12,2025-05-31,exp_corporate_overhead,-2058.06
L12,2025-05-31,exp_training,-399.52
L12,2025-05-31,exp_general_liability_ins,-470.08
L12,2025-05-31,exp_bank_fees,-204.34
L12,2025-05-31,exp_depreciation,-1234.6
L12,2025-05-31,exp_professional_fees,-495.64
L12,2025-06-30,rev_drip_coffee,16806.51
L12,2025-06-30,rev_espresso_drinks,21285.26
L12,2025-06-30,rev_cold_brew,15675.36
L12,2025-06-30,rev_specialty_seasonal,6555.17
L12,2025-06-30,rev_tea,3662.76
L12,2025-06-30,rev_pastries,7578.58
L12,2025-06-30,rev_sandwiches,7947.67
L12,2025-06-30,rev_breakfast,4451.36
L12,2025-06-30,rev_snacks,2656.07
L12,2025-06-30,rev_whole_bean,3255.03
L12,2025-06-30,rev_brew_equipment,1443.97
L12,2025-06-30,rev_merchandise,976.14
L12,2025-06-30,rev_gift_cards,1847.65
L12,2025-06-30,rev_catering,2462.94
L12,2025-06-30,rev_wholesale,1884.16
L12,2025-06-30,exp_coffee_beans,-7606.61
L12,2025-06-30,exp_dairy,-5121.22
L12,2025-06-30,exp_syrups,-1607.17
L12,2025-06-30,exp_food_ingredients,-3926.07
L12,2025-06-30,exp_packaging,-1902.95
L12,2025-06-30,exp_retail_cogs,-1270.25
L12,2025-06-30,exp_barista_wages,-14446.53
L12,2025-06-30,exp_shift_lead_wages,-4948.76
L12,2025-06-30,exp_store_manager_salary,-5089.93
L12,2025-06-30,exp_payroll_taxes,-2432.16
L12,2025-06-30,exp_employee_benefits,-2143.59
L12,2025-06-30,exp_overtime,-1128.76
L12,2025-06-30,exp_rent,-6778.26
L12,2025-06-30,exp_utilities,-1415.26
L12,2025-06-30,exp_property_insurance,-577.74
L12,2025-06-30,exp_cam,-815.05
L12,2025-06-30,exp_property_tax,-991.91
L12,2025-06-30,exp_marketing,-1145.72
L12,2025-06-30,exp_pos_software,-499.09
L12,2025-06-30,exp_equipment_maintenance,-830.49
L12,2025-06-30,exp_cleaning,-553.69
L12,2025-06-30,exp_cc_fees,-915.12
L12,2025-06-30,exp_office_supplies,-277.6
L12,2025-06-30,exp_waste_removal,-360.82
L12,2025-06-30,exp_corporate_overhead,-2001.88
L12,2025-06-30,exp_training,-412.15
L12,2025-06-30,exp_general_liability_ins,-424.33
L12,2025-06-30,exp_bank_fees,-191.22
L12,2025-06-30,exp_depreciation,-1132.8
L12,2025-06-30,exp_professional_fees,-640.72
L12,2025-07-31,rev_drip_coffee,15485.2
L12,2025-07-31,rev_espresso_drinks,20767.34
L12,2025-07-31,rev_cold_brew,12798.74
L12,2025-07-31,rev_specialty_seasonal,6478.54
L12,2025-07-31,rev_tea,3936.27
L12,2025-07-31,rev_pastries,7546.71
L12,2025-07-31,rev_sandwiches,7684.61
L12,2025-07-31,rev_breakfast,4391.42
L12,2025-07-31,rev_snacks,2834.86
L12,2025-07-31,rev_whole_bean,3398.3
L12,2025-07-31,rev_brew_equipment,1405.12
L12,2025-07-31,rev_merchandise,1013.09
L12,2025-07-31,rev_gift_cards,1805.63
L12,2025-07-31,rev_catering,2264.4
L12,2025-07-31,rev_wholesale,1735.29
L12,2025-07-31,exp_coffee_beans,-8840.65
L12,2025-07-31,exp_dairy,-5069.68
L12,2025-07-31,exp_syrups,-1643.3
L12,2025-07-31,exp_food_ingredients,-4075.4
L12,2025-07-31,exp_packaging,-1902.71
L12,2025-07-31,exp_retail_cogs,-1297.41
L12,2025-07-31,exp_barista_wages,-14002.08
L12,2025-07-31,exp_shift_lead_wages,-4777.61
L12,2025-07-31,exp_store_manager_salary,-5631.55
L12,2025-07-31,exp_payroll_taxes,-2487.58
L12,2025-07-31,exp_employee_benefits,-1931.91
L12,2025-07-31,exp_overtime,-1125.24
L12,2025-07-31,exp_rent,-6880.37
L12,2025-07-31,exp_utilities,-1377.45
L12,2025-07-31,exp_property_insurance,-561.87
L12,2025-07-31,exp_cam,-782.7
L12,2025-07-31,exp_property_tax,-995.54
L12,2025-07-31,exp_marketing,-1755.27
L12,2025-07-31,exp_pos_software,-486.88
L12,2025-07-31,exp_equipment_maintenance,-840.81
L12,2025-07-31,exp_cleaning,-591.44
L12,2025-07-31,exp_cc_fees,-1430.07
L12,2025-07-31,exp_office_supplies,-283.28
L12,2025-07-31,exp_waste_removal,-411.69
L12,2025-07-31,exp_corporate_overhead,-2108.87
L12,2025-07-31,exp_training,-467.68
L12,2025-07-31,exp_general_liability_ins,-432.05
L12,2025-07-31,exp_bank_fees,-165.87
L12,2025-07-31,exp_depreciation,-1201.39
L12,2025-07-31,exp_professional_fees,-623.29
L12,2025-08-31,rev_drip_coffee,16480.91
L12,2025-08-31,rev_espresso_drinks,19392.42
L12,2025-08-31,rev_cold_brew,11818.18
L12,2025-08-31,rev_specialty_seasonal,6335.61
L12,2025-08-31,rev_tea,3763.95
L12,2025-08-31,rev_pastries,7950.13
L12,2025-08-31,rev_sandwiches,7397.88
L12,2025-08-31,rev_breakfast,3715.29
L12,2025-08-31,rev_snacks,2231.67
L12,2025-08-31,rev_whole_bean,2598.34
L12,2025-08-31,rev_brew_equipment,1407.32
L12,2025-08-31,rev_merchandise,756.69
L12,2025-08-31,rev_gift_cards,1800.36
L12,2025-08-31,rev_catering,2515.25
L12,2025-08-31,rev_wholesale,1850.87
L12,2025-08-31,exp_coffee_beans,-7612.7
L12,2025-08-31,exp_dairy,-4924.71
L12,2025-08-31,exp_syrups,-1858.92
L12,2025-08-31,exp_food_ingredients,-3940.78
L12,2025-08-31,exp_packaging,-1991.23
L12,2025-08-31,exp_retail_cogs,-1310.18
L12,2025-08-31,exp_barista_wages,-13282.39
L12,2025-08-31,exp_shift_lead_wages,-4327.94
L12,2025-08-31,exp_store_manager_salary,-4550.0
L12,2025-08-31,exp_payroll_taxes,-2619.56
L12,2025-08-31,exp_employee_benefits,-1878.36
L12,2025-08-31,exp_overtime,-1119.79
L12,2025-08-31,exp_rent,-6803.44
L12,2025-08-31,exp_utilities,-1365.11
L12,2025-08-31,exp_property_insurance,-588.55
L12,2025-08-31,exp_cam,-774.51
L12,2025-08-31,exp_property_tax,-975.15
L12,2025-08-31,exp_marketing,-1654.86
L12,2025-08-31,exp_pos_software,-549.86
L12,2025-08-31,exp_equipment_maintenance,-770.73
L12,2025-08-31,exp_cleaning,-607.03
L12,2025-08-31,exp_cc_fees,-1314.59
L12,2025-08-31,exp_office_supplies,-323.54
L12,2025-08-31,exp_waste_removal,-381.58
L12,2025-08-31,exp_corporate_overhead,-2108.35
L12,2025-08-31,exp_training,-431.77
L12,2025-08-31,exp_general_liability_ins,-511.62
L12,2025-08-31,exp_bank_fees,-160.8
L12,2025-08-31,exp_depreciation,-1004.91
L12,2025-08-31,exp_professional_fees,-558.81
L12,2025-09-30,rev_drip_coffee,13389.35
L12,2025-09-30,rev_espresso_drinks,21538.81
L12,2025-09-30,rev_cold_brew,9717.72
L12,2025-09-30,rev_specialty_seasonal,5859.59
L12,2025-09-30,rev_tea,3334.07
L12,2025-09-30,rev_pastries,7442.2
L12,2025-09-30,rev_sandwiches,7600.61
L12,2025-09-30,rev_breakfast,3944.11
L12,2025-09-30,rev_snacks,2050.44
L12,2025-09-30,rev_whole_bean,2969.31
L12,2025-09-30,rev_brew_equipment,1043.48
L12,2025-09-30,rev_merchandise,846.36
L12,2025-09-30,rev_gift_cards,1640.5
L12,2025-09-30,rev_catering,2174.24
L12,2025-09-30,rev_wholesale,1737.7
L12,2025-09-30,exp_coffee_beans,-7884.49
L12,2025-09-30,exp_dairy,-4729.61
L12,2025-09-30,exp_syrups,-1689.51
L12,2025-09-30,exp_food_ingredients,-3649.13
L12,2025-09-30,exp_packaging,-1715.58
L12,2025-09-30,exp_retail_cogs,-1101.07
L12,2025-09-30,exp_barista_wages,-14347.48
L12,2025-09-30,exp_shift_lead_wages,-4332.79
L12,2025-09-30,exp_store_manager_salary,-5020.39
L12,2025-09-30,exp_payroll_taxes,-2138.03
L12,2025-09-30,exp_employee_benefits,-1905.54
L12,2025-09-30,exp_overtime,-1013.39
L12,2025-09-30,exp_rent,-6862.09
L12,2025-09-30,exp_utilities,-1407.0
L12,2025-09-30,exp_property_insurance,-577.38
L12,2025-09-30,exp_cam,-774.12
L12,2025-09-30,exp_property_tax,-979.29
L12,2025-09-30,exp_marketing,-1470.42
L12,2025-09-30,exp_pos_software,-508.39
L12,2025-09-30,exp_equipment_maintenance,-910.38
L12,2025-09-30,exp_cleaning,-554.93
L12,2025-09-30,exp_cc_fees,-1580.93
L12,2025-09-30,exp_office_supplies,-302.36
L12,2025-09-30,exp_waste_removal,-301.45
L12,2025-09-30,exp_corporate_overhead,-2401.16
L12,2025-09-30,exp_training,-471.99
L12,2025-09-30,exp_general_liability_ins,-439.23
L12,2025-09-30,exp_bank_fees,-203.5
L12,2025-09-30,exp_depreciation,-1366.67
L12,2025-09-30,exp_professional_fees,-574.76
L12,2025-10-31,rev_drip_coffee,14065.41
L12,2025-10-31,rev_espresso_drinks,19988.41
L12,2025-10-31,rev_cold_brew,8810.44
L12,2025-10-31,rev_specialty_seasonal,5005.16
L12,2025-10-31,rev_tea,3196.93
L12,2025-10-31,rev_pastries,7800.28
L12,2025-10-31,rev_sandwiches,6675.87
L12,2025-10-31,rev_breakfast,3466.32
L12,2025-10-31,rev_snacks,2312.75
L12,2025-10-31,rev_whole_bean,2794.63
L12,2025-10-31,rev_brew_equipment,1077.54
L12,2025-10-31,rev_merchandise,899.69
L12,2025-10-31,rev_gift_cards,1367.15
L12,2025-10-31,rev_catering,2323.34
L12,2025-10-31,rev_wholesale,1816.66
L12,2025-10-31,exp_coffee_beans,-7401.58
L12,2025-10-31,exp_dairy,-4495.39
L12,2025-10-31,exp_syrups,-1733.59
L12,2025-10-31,exp_food_ingredients,-3674.26
L12,2025-10-31,exp_packaging,-1729.31
L12,2025-10-31,exp_retail_cogs,-1397.02
L12,2025-10-31,exp_barista_wages,-13531.17
L12,2025-10-31,exp_shift_lead_wages,-4312.44
L12,2025-10-31,exp_store_manager_salary,-4655.28
L12,2025-10-31,exp_payroll_taxes,-1988.88
L12,2025-10-31,exp_employee_benefits,-1755.01
L12,2025-10-31,exp_overtime,-1022.84
L12,2025-10-31,exp_rent,-6912.04
L12,2025-10-31,exp_utilities,-1368.58
L12,2025-10-31,exp_property_insurance,-579.8
L12,2025-10-31,exp_cam,-779.17
L12,2025-10-31,exp_property_tax,-980.19
L12,2025-10-31,exp_marketing,-1732.8
L12,2025-10-31,exp_pos_software,-524.24
L12,2025-10-31,exp_equipment_maintenance,-755.74
L12,2025-10-31,exp_cleaning,-711.38
L12,2025-10-31,exp_cc_fees,-1579.4
L12,2025-10-31,exp_office_supplies,-303.87
L12,2025-10-31,exp_waste_removal,-413.95
L12,2025-10-31,exp_corporate_overhead,-2130.46
L12,2025-10-31,exp_training,-429.38
L12,2025-10-31,exp_general_liability_ins,-380.24
L12,2025-10-31,exp_bank_fees,-182.88
L12,2025-10-31,exp_depreciation,-1280.21
L12,2025-10-31,exp_professional_fees,-641.73
L12,2025-11-30,rev_drip_coffee,14503.02
L12,2025-11-30,rev_espresso_drinks,22999.58
L12,2025-11-30,rev_cold_brew,9615.93
L12,2025-11-30,rev_specialty_seasonal,8413.8
L12,2025-11-30,rev_tea,3039.6
L12,2025-11-30,rev_pastries,7280.03
L12,2025-11-30,rev_sandwiches,6189.35
L12,2025-11-30,rev_breakfast,4751.17
L12,2025-11-30,rev_snacks,2376.86
L12,2025-11-30,rev_whole_bean,3071.15
L12,2025-11-30,rev_brew_equipment,1590.2
L12,2025-11-30,rev_merchandise,804.89
L12,2025-11-30,rev_gift_cards,1579.8
L12,2025-11-30,rev_catering,2547.68
L12,2025-11-30,rev_wholesale,1776.29
L12,2025-11-30,exp_coffee_beans,-9075.03
L12,2025-11-30,exp_dairy,-4932.44
L12,2025-11-30,exp_syrups,-1778.93
L12,2025-11-30,exp_food_ingredients,-4031.48
L12,2025-11-30,exp_packaging,-1845.82
L12,2025-11-30,exp_retail_cogs,-1286.16
L12,2025-11-30,exp_barista_wages,-13802.99
L12,2025-11-30,exp_shift_lead_wages,-4055.28
L12,2025-11-30,exp_store_manager_salary,-5082.07
L12,2025-11-30,exp_payroll_taxes,-2286.62
L12,2025-11-30,exp_employee_benefits,-2034.61
L12,2025-11-30,exp_overtime,-1093.22
L12,2025-11-30,exp_rent,-7191.3
L12,2025-11-30,exp_utilities,-1347.74
L12,2025-11-30,exp_property_insurance,-558.31
L12,2025-11-30,exp_cam,-786.69
L12,2025-11-30,exp_property_tax,-997.3
L12,2025-11-30,exp_marketing,-1567.29
L12,2025-11-30,exp_pos_software,-465.71
L12,2025-11-30,exp_equipment_maintenance,-815.84
L12,2025-11-30,exp_cleaning,-542.45
L12,2025-11-30,exp_cc_fees,-1250.16
L12,2025-11-30,exp_office_supplies,-359.15
L12,2025-11-30,exp_waste_removal,-348.26
L12,2025-11-30,exp_corporate_overhead,-2149.45
L12,2025-11-30,exp_training,-453.53
L12,2025-11-30,exp_general_liability_ins,-411.95
L12,2025-11-30,exp_bank_fees,-169.33
L12,2025-11-30,exp_depreciation,-1151.57
L12,2025-11-30,exp_professional_fees,-582.43
L12,2025-12-31,rev_drip_coffee,18208.11
L12,2025-12-31,rev_espresso_drinks,25477.63
L12,2025-12-31,rev_cold_brew,9974.05
L12,2025-12-31,rev_specialty_seasonal,10940.19
L12,2025-12-31,rev_tea,3980.17
L12,2025-12-31,rev_pastries,8142.5
L12,2025-12-31,rev_sandwiches,7894.79
L12,2025-12-31,rev_breakfast,4835.44
L12,2025-12-31,rev_snacks,2603.57
L12,2025-12-31,rev_whole_bean,3630.32
L12,2025-12-31,rev_brew_equipment,1469.84
L12,2025-12-31,rev_merchandise,1176.78
L12,2025-12-31,rev_gift_cards,1525.9
L12,2025-12-31,rev_catering,2595.73
L12,2025-12-31,rev_wholesale,2089.5
L12,2025-12-31,exp_coffee_beans,-9427.6
L12,2025-12-31,exp_dairy,-5171.35
L12,2025-12-31,exp_syrups,-1996.64
L12,2025-12-31,exp_food_ingredients,-4246.09
L12,2025-12-31,exp_packaging,-1961.27
L12,2025-12-31,exp_retail_cogs,-1407.71
L12,2025-12-31,exp_barista_wages,-14819.37
L12,2025-12-31,exp_shift_lead_wages,-4124.77
L12,2025-12-31,exp_store_manager_salary,-5982.94
L12,2025-12-31,exp_payroll_taxes,-2572.86
L12,2025-12-31,exp_employee_benefits,-2169.33
L12,2025-12-31,exp_overtime,-1232.55
L12,2025-12-31,exp_rent,-6818.49
L12,2025-12-31,exp_utilities,-1384.09
L12,2025-12-31,exp_property_insurance,-541.59
L12,2025-12-31,exp_cam,-785.89
L12,2025-12-31,exp_property_tax,-1002.6
L12,2025-12-31,exp_marketing,-1453.47
L12,2025-12-31,exp_pos_software,-534.37
L12,2025-12-31,exp_equipment_maintenance,-789.96
L12,2025-12-31,exp_cleaning,-639.36
L12,2025-12-31,exp_cc_fees,-1639.41
L12,2025-12-31,exp_office_supplies,-253.25
L12,2025-12-31,exp_waste_removal,-312.3
L12,2025-12-31,exp_corporate_overhead,-2426.97
L12,2025-12-31,exp_training,-491.35
L12,2025-12-31,exp_general_liability_ins,-411.61
L12,2025-12-31,exp_bank_fees,-216.44
L12,2025-12-31,exp_depreciation,-1026.26
L12,2025-12-31,exp_professional_fees,-615.9
L13,2023-01-31,rev_drip_coffee,7822.73
L13,2023-01-31,rev_espresso_drinks,8741.68
L13,2023-01-31,rev_cold_brew,4937.24
L13,2023-01-31,rev_specialty_seasonal,4898.29
L13,2023-01-31,rev_tea,1740.54
L13,2023-01-31,rev_pastries,4303.14
L13,2023-01-31,rev_sandwiches,3897.29
L13,2023-01-31,rev_breakfast,1947.81
L13,2023-01-31,rev_snacks,1261.43
L13,2023-01-31,rev_whole_bean,1468.38
L13,2023-01-31,rev_brew_equipment,723.46
L13,2023-01-31,rev_merchandise,487.39
L13,2023-01-31,rev_gift_cards,768.24
L13,2023-01-31,rev_catering,1203.23
L13,2023-01-31,rev_wholesale,888.71
L13,2023-01-31,exp_coffee_beans,-2627.68
L13,2023-01-31,exp_dairy,-1644.58
L13,2023-01-31,exp_syrups,-535.54
L13,2023-01-31,exp_food_ingredients,-1208.79
L13,2023-01-31,exp_packaging,-649.89
L13,2023-01-31,exp_retail_cogs,-443.63
L13,2023-01-31,exp_barista_wages,-6443.63
L13,2023-01-31,exp_shift_lead_wages,-2301.75
L13,2023-01-31,exp_store_manager_salary,-2528.26
L13,2023-01-31,exp_payroll_taxes,-1063.91
L13,2023-01-31,exp_employee_benefits,-797.14
L13,2023-01-31,exp_overtime,-565.23
L13,2023-01-31,exp_rent,-4382.58
L13,2023-01-31,exp_utilities,-891.97
L13,2023-01-31,exp_property_insurance,-376.36
L13,2023-01-31,exp_cam,-522.82
L13,2023-01-31,exp_property_tax,-618.97
L13,2023-01-31,exp_marketing,-1122.98
L13,2023-01-31,exp_pos_software,-427.29
L13,2023-01-31,exp_equipment_maintenance,-616.26
L13,2023-01-31,exp_cleaning,-447.86
L13,2023-01-31,exp_cc_fees,-972.94
L13,2023-01-31,exp_office_supplies,-185.75
L13,2023-01-31,exp_waste_removal,-233.09
L13,2023-01-31,exp_corporate_overhead,-1432.56
L13,2023-01-31,exp_training,-259.9
L13,2023-01-31,exp_general_liability_ins,-253.3
L13,2023-01-31,exp_bank_fees,-102.92
L13,2023-01-31,exp_depreciation,-789.95
L13,2023-01-31,exp_professional_fees,-368.93
L13,2023-02-28,rev_drip_coffee,6914.0
L13,2023-02-28,rev_espresso_drinks,11258.54
L13,2023-02-28,rev_cold_brew,4518.34
L13,2023-02-28,rev_specialty_seasonal,4273.25
L13,2023-02-28,rev_tea,1817.34
L13,2023-02-28,rev_pastries,4107.65
L13,2023-02-28,rev_sandwiches,3250.39
L13,2023-02-28,rev_breakfast,2100.99
L13,2023-02-28,rev_snacks,1085.03
L13,2023-02-28,rev_whole_bean,1534.98
L13,2023-02-28,rev_brew_equipment,712.44
L13,2023-02-28,rev_merchandise,473.09
L13,2023-02-28,rev_gift_cards,825.41
L13,2023-02-28,rev_catering,1131.0
L13,2023-02-28,rev_wholesale,827.44
L13,2023-02-28,exp_coffee_beans,-2697.49
L13,2023-02-28,exp_dairy,-1595.95
L13,2023-02-28,exp_syrups,-565.31
L13,2023-02-28,exp_food_ingredients,-1192.28
L13,2023-02-28,exp_packaging,-631.66
L13,2023-02-28,exp_retail_cogs,-403.02
L13,2023-02-28,exp_barista_wages,-6831.8
L13,2023-02-28,exp_shift_lead_wages,-2138.99
L13,2023-02-28,exp_store_manager_salary,-2379.42
L13,2023-02-28,exp_payroll_taxes,-1133.92
L13,2023-02-28,exp_employee_benefits,-944.5
L13,2023-02-28,exp_overtime,-474.29
L13,2023-02-28,exp_rent,-4424.07
L13,2023-02-28,exp_utilities,-882.74
L13,2023-02-28,exp_property_insurance,-386.78
L13,2023-02-28,exp_cam,-516.72
L13,2023-02-28,exp_property_tax,-630.45
L13,2023-02-28,exp_marketing,-1052.94
L13,2023-02-28,exp_pos_software,-375.88
L13,2023-02-28,exp_equipment_maintenance,-596.24
L13,2023-02-28,exp_cleaning,-337.62
L13,2023-02-28,exp_cc_fees,-1066.9
L13,2023-02-28,exp_office_supplies,-218.59
L13,2023-02-28,exp_waste_removal,-232.84
L13,2023-02-28,exp_corporate_overhead,-1355.79
L13,2023-02-28,exp_training,-205.04
L13,2023-02-28,exp_general_liability_ins,-240.28
L13,2023-02-28,exp_bank_fees,-126.29
L13,2023-02-28,exp_depreciation,-864.46
L13,2023-02-28,exp_professional_fees,-392.56
L13,2023-03-31,rev_drip_coffee,7827.49
L13,2023-03-31,rev_espresso_drinks,13162.68
L13,2023-03-31,rev_cold_brew,5750.55
L13,2023-03-31,rev_specialty_seasonal,3261.23
L13,2023-03-31,rev_tea,2168.95
L13,2023-03-31,rev_pastries,3765.72
L13,2023-03-31,rev_sandwiches,3306.25
L13,2023-03-31,rev_breakfast,2151.76
L13,2023-03-31,rev_snacks,1173.35
L13,2023-03-31,rev_whole_bean,1634.51
L13,2023-03-31,rev_brew_equipment,808.91
L13,2023-03-31,rev_merchandise,487.48
L13,2023-03-31,rev_gift_cards,868.41
L13,2023-03-31,rev_catering,1200.48
L13,2023-03-31,rev_wholesale,796.77
L13,2023-03-31,exp_coffee_beans,-2640.18
L13,2023-03-31,exp_dairy,-1644.4
L13,2023-03-31,exp_syrups,-565.09
L13,2023-03-31,exp_food_ingredients,-1319.68
L13,2023-03-31,exp_packaging,-697.83
L13,2023-03-31,exp_retail_cogs,-464.02
L13,2023-03-31,exp_barista_wages,-6606.5
L13,2023-03-31,exp_shift_lead_wages,-2119.49
L13,2023-03-31,exp_store_manager_salary,-2904.49
L13,2023-03-31,exp_payroll_taxes,-1289.4
L13,2023-03-31,exp_employee_benefits,-987.84
L13,2023-03-31,exp_overtime,-493.9
L13,2023-03-31,exp_rent,-4486.64
L13,2023-03-31,exp_utilities,-921.74
L13,2023-03-31,exp_property_insurance,-371.8
L13,2023-03-31,exp_cam,-508.67
L13,2023-03-31,exp_property_tax,-624.31
L13,2023-03-31,exp_marketing,-963.23
L13,2023-03-31,exp_pos_software,-313.87
L13,2023-03-31,exp_equipment_maintenance,-617.31
L13,2023-03-31,exp_cleaning,-435.5
L13,2023-03-31,exp_cc_fees,-916.43
L13,2023-03-31,exp_office_supplies,-201.22
L13,2023-03-31,exp_waste_removal,-243.53
L13,2023-03-31,exp_corporate_overhead,-1693.55
L13,2023-03-31,exp_training,-323.23
L13,2023-03-31,exp_general_liability_ins,-297.32
L13,2023-03-31,exp_bank_fees,-120.51
L13,2023-03-31,exp_depreciation,-738.27
L13,2023-03-31,exp_professional_fees,-416.48
L13,2023-04-30,rev_drip_coffee,8722.24
L13,2023-04-30,rev_espresso_drinks,11209.0
L13,2023-04-30,rev_cold_brew,5806.11
L13,2023-04-30,rev_specialty_seasonal,3782.0
L13,2023-04-30,rev_tea,1617.88
L13,2023-04-30,rev_pastries,4024.32
L13,2023-04-30,rev_sandwiches,4059.22
L13,2023-04-30,rev_breakfast,1983.11
L13,2023-04-30,rev_snacks,1129.13
L13,2023-04-30,rev_whole_bean,1733.93
L13,2023-04-30,rev_brew_equipment,831.86
L13,2023-04-30,rev_merchandise,536.67
L13,2023-04-30,rev_gift_cards,1030.52
L13,2023-04-30,rev_catering,1266.02
L13,2023-04-30,rev_wholesale,998.38
L13,2023-04-30,exp_coffee_beans,-2810.4
L13,2023-04-30,exp_dairy,-1731.01
L13,2023-04-30,exp_syrups,-642.97
L13,2023-04-30,exp_food_ingredients,-1458.32
L13,2023-04-30,exp_packaging,-695.45
L13,2023-04-30,exp_retail_cogs,-503.68
L13,2023-04-30,exp_barista_wages,-7850.38
L13,2023-04-30,exp_shift_lead_wages,-2271.64
L13,2023-04-30,exp_store_manager_salary,-2896.39
L13,2023-04-30,exp_payroll_taxes,-1147.62
L13,2023-04-30,exp_employee_benefits,-964.92
L13,2023-04-30,exp_overtime,-537.84
L13,2023-04-30,exp_rent,-4529.97
L13,2023-04-30,exp_utilities,-896.16
L13,2023-04-30,exp_property_insurance,-369.21
L13,2023-04-30,exp_cam,-495.39
L13,2023-04-30,exp_property_tax,-636.35
L13,2023-04-30,exp_marketing,-1157.37
L13,2023-04-30,exp_pos_software,-386.74
L13,2023-04-30,exp_equipment_maintenance,-587.25
L13,2023-04-30,exp_cleaning,-433.78
L13,2023-04-30,exp_cc_fees,-1009.31
L13,2023-04-30,exp_office_supplies,-206.32
L13,2023-04-30,exp_waste_removal,-250.31
L13,2023-04-30,exp_corporate_overhead,-1282.12
L13,2023-04-30,exp_training,-291.33
L13,2023-04-30,exp_general_liability_ins,-276.34
L13,2023-04-30,exp_bank_fees,-116.03
L13,2023-04-30,exp_depreciation,-650.91
L13,2023-04-30,exp_professional_fees,-320.7
L13,2023-05-31,rev_drip_coffee,8864.3
L13,2023-05-31,rev_espresso_drinks,13519.48
L13,2023-05-31,rev_cold_brew,5887.21
L13,2023-05-31,rev_specialty_seasonal,4544.98
L13,2023-05-31,rev_tea,1890.8
L13,2023-05-31,rev_pastries,4724.57
L13,2023-05-31,rev_sandwiches,4569.83
L13,2023-05-31,rev_breakfast,2671.0
L13,2023-05-31,rev_snacks,1453.01
L13,2023-05-31,rev_whole_bean,2020.22
L13,2023-05-31,rev_brew_equipment,844.13
L13,2023-05-31,rev_merchandise,612.13
L13,2023-05-31,rev_gift_cards,1059.05
L13,2023-05-31,rev_catering,1230.59
L13,2023-05-31,rev_wholesale,1108.31
L13,2023-05-31,exp_coffee_beans,-2913.04
L13,2023-05-31,exp_dairy,-1994.21
L13,2023-05-31,exp_syrups,-659.36
L13,2023-05-31,exp_food_ingredients,-1575.21
L13,2023-05-31,exp_packaging,-716.75
L13,2023-05-31,exp_retail_cogs,-467.0
L13,2023-05-31,exp_barista_wages,-8580.41
L13,2023-05-31,exp_shift_lead_wages,-2315.53
L13,2023-05-31,exp_store_manager_salary,-2556.24
L13,2023-05-31,exp_payroll_taxes,-1302.87
L13,2023-05-31,exp_employee_benefits,-1104.9
L13,2023-05-31,exp_overtime,-555.81
L13,2023-05-31,exp_rent,-4450.42
L13,2023-05-31,exp_utilities,-919.08
L13,2023-05-31,exp_property_insurance,-363.35
L13,2023-05-31,exp_cam,-507.42
L13,2023-05-31,exp_property_tax,-651.28
L13,2023-05-31,exp_marketing,-1015.46
L13,2023-05-31,exp_pos_software,-324.77
L13,2023-05-31,exp_equipment_maintenance,-518.57
L13,2023-05-31,exp_cleaning,-443.12
L13,2023-05-31,exp_cc_fees,-756.92
L13,2023-05-31,exp_office_supplies,-199.33
L13,2023-05-31,exp_waste_removal,-292.11
L13,2023-05-31,exp_corporate_overhead,-1650.76
L13,2023-05-31,exp_training,-314.33
L13,2023-05-31,exp_general_liability_ins,-310.54
L13,2023-05-31,exp_bank_fees,-135.75
L13,2023-05-31,exp_depreciation,-762.08
L13,2023-05-31,exp_professional_fees,-399.73
L13,2023-06-30,rev_drip_coffee,10612.91
L13,2023-06-30,rev_espresso_drinks,12086.98
L13,2023-06-30,rev_cold_brew,8862.04
L13,2023-06-30,rev_specialty_seasonal,4084.7
L13,2023-06-30,rev_tea,2195.01
L13,2023-06-30,rev_pastries,4872.02
L13,2023-06-30,rev_sandwiches,4499.99
L13,2023-06-30,rev_breakfast,2691.53
L13,2023-06-30,rev_snacks,1604.49
L13,2023-06-30,rev_whole_bean,2060.62
L13,2023-06-30,rev_brew_equipment,883.67
L13,2023-06-30,rev_merchandise,537.55
L13,2023-06-30,rev_gift_cards,985.77
L13,2023-06-30,rev_catering,1438.1
L13,2023-06-30,rev_wholesale,1087.45
L13,2023-06-30,exp_coffee_beans,-3527.06
L13,2023-06-30,exp_dairy,-2019.25
L13,2023-06-30,exp_syrups,-735.29
L13,2023-06-30,exp_food_ingredients,-1523.8
L13,2023-06-30,exp_packaging,-736.79
L13,2023-06-30,exp_retail_cogs,-580.29
L13,2023-06-30,exp_barista_wages,-7629.83
L13,2023-06-30,exp_shift_lead_wages,-2319.38
L13,2023-06-30,exp_store_manager_salary,-2895.66
L13,2023-06-30,exp_payroll_taxes,-1295.27
L13,2023-06-30,exp_employee_benefits,-930.43
L13,2023-06-30,exp_overtime,-622.77
L13,2023-06-30,exp_rent,-4422.67
L13,2023-06-30,exp_utilities,-945.82
L13,2023-06-30,exp_property_insurance,-361.7
L13,2023-06-30,exp_cam,-517.8
L13,2023-06-30,exp_property_tax,-626.54
L13,2023-06-30,exp_marketing,-825.8
L13,2023-06-30,exp_pos_software,-377.79
L13,2023-06-30,exp_equipment_maintenance,-438.62
L13,2023-06-30,exp_cleaning,-388.52
L13,2023-06-30,exp_cc_fees,-1047.48
L13,2023-06-30,exp_office_supplies,-184.08
L13,2023-06-30,exp_waste_removal,-213.21
L13,2023-06-30,exp_corporate_overhead,-1481.9
L13,2023-06-30,exp_training,-289.87
L13,2023-06-30,exp_general_liability_ins,-263.3
L13,2023-06-30,exp_bank_fees,-135.36
L13,2023-06-30,exp_depreciation,-681.71
L13,2023-06-30,exp_professional_fees,-349.07
L13,2023-07-31,rev_drip_coffee,10193.92
L13,2023-07-31,rev_espresso_drinks,12445.88
L13,2023-07-31,rev_cold_brew,9933.54
L13,2023-07-31,rev_specialty_seasonal,4005.52
L13,2023-07-31,rev_tea,2391.74
L13,2023-07-31,rev_pastries,5345.41
L13,2023-07-31,rev_sandwiches,4481.19
L13,2023-07-31,rev_breakfast,2592.28
L13,2023-07-31,rev_snacks,1506.95
L13,2023-07-31,rev_whole_bean,2154.32
L13,2023-07-31,rev_brew_equipment,847.8
L13,2023-07-31,rev_merchandise,534.75
L13,2023-07-31,rev_gift_cards,1176.83
L13,2023-07-31,rev_catering,1361.37
L13,2023-07-31,rev_wholesale,1216.95
L13,2023-07-31,exp_coffee_beans,-3423.04
L13,2023-07-31,exp_dairy,-2013.67
L13,2023-07-31,exp_syrups,-765.23
L13,2023-07-31,exp_food_ingredients,-1609.36
L13,2023-07-31,exp_packaging,-775.24
L13,2023-07-31,exp_retail_cogs,-556.2
L13,2023-07-31,exp_barista_wages,-7409.72
L13,2023-07-31,exp_shift_lead_wages,-2274.26
L13,2023-07-31,exp_store_manager_salary,-2720.7
L13,2023-07-31,exp_payroll_taxes,-1382.77
L13,2023-07-31,exp_employee_benefits,-1058.86
L13,2023-07-31,exp_overtime,-568.27
L13,2023-07-31,exp_rent,-4546.82
L13,2023-07-31,exp_utilities,-885.69
L13,2023-07-31,exp_property_insurance,-381.83
L13,2023-07-31,exp_cam,-527.86
L13,2023-07-31,exp_property_tax,-657.0
L13,2023-07-31,exp_marketing,-1133.16
L13,2023-07-31,exp_pos_software,-369.95
L13,2023-07-31,exp_equipment_maintenance,-613.24
L13,2023-07-31,exp_cleaning,-375.15
L13,2023-07-31,exp_cc_fees,-906.01
L13,2023-07-31,exp_office_supplies,-193.13
L13,2023-07-31,exp_waste_removal,-266.48
L13,2023-07-31,exp_corporate_overhead,-1254.65
L13,2023-07-31,exp_training,-268.68
L13,2023-07-31,exp_general_liability_ins,-280.91
L13,2023-07-31,exp_bank_fees,-128.67
L13,2023-07-31,exp_depreciation,-717.53
L13,2023-07-31,exp_professional_fees,-390.42
L13,2023-08-31,rev_drip_coffee,10116.88
L13,2023-08-31,rev_espresso_drinks,14474.6
L13,2023-08-31,rev_cold_brew,8555.13
L13,2023-08-31,rev_specialty_seasonal,3870.75
L13,2023-08-31,rev_tea,2435.05
L13,2023-08-31,rev_pastries,4785.32
L13,2023-08-31,rev_sandwiches,4665.65
L13,2023-08-31,rev_breakfast,2982.31
L13,2023-08-31,rev_snacks,1543.06
L13,2023-08-31,rev_whole_bean,1794.0
L13,2023-08-31,rev_brew_equipment,793.15
L13,2023-08-31,rev_merchandise,552.51
L13,2023-08-31,rev_gift_cards,1063.31
L13,2023-08-31,rev_catering,1432.75
L13,2023-08-31,rev_wholesale,1331.84
L13,2023-08-31,exp_coffee_beans,-3379.6
L13,2023-08-31,exp_dairy,-1909.66
L13,2023-08-31,exp_syrups,-644.39
L13,2023-08-31,exp_food_ingredients,-1637.21
L13,2023-08-31,exp_packaging,-754.78
L13,2023-08-31,exp_retail_cogs,-498.68
L13,2023-08-31,exp_barista_wages,-7534.38
L13,2023-08-31,exp_shift_lead_wages,-2194.08
L13,2023-08-31,exp_store_manager_salary,-2691.56
L13,2023-08-31,exp_payroll_taxes,-1238.64
L13,2023-08-31,exp_employee_benefits,-945.75
L13,2023-08-31,exp_overtime,-554.75
L13,2023-08-31,exp_rent,-4392.91
L13,2023-08-31,exp_utilities,-901.6
L13,2023-08-31,exp_property_insurance,-364.11
L13,2023-08-31,exp_cam,-509.56
L13,2023-08-31,exp_property_tax,-617.62
L13,2023-08-31,exp_marketing,-1089.43
L13,2023-08-31,exp_pos_software,-361.57
L13,2023-08-31,exp_equipment_maintenance,-608.0
L13,2023-08-31,exp_cleaning,-475.7
L13,2023-08-31,exp_cc_fees,-1007.2
L13,2023-08-31,exp_office_supplies,-203.12
L13,2023-08-31,exp_waste_removal,-251.75
L13,2023-08-31,exp_corporate_overhead,-1436.1
L13,2023-08-31,exp_training,-298.78
L13,2023-08-31,exp_general_liability_ins,-273.61
L13,2023-08-31,exp_bank_fees,-107.79
L13,2023-08-31,exp_depreciation,-836.54
L13,2023-08-31,exp_professional_fees,-364.74
L13,2023-09-30,rev_drip_coffee,9435.98
L13,2023-09-30,rev_espresso_drinks,13142.38
L13,2023-09-30,rev_cold_brew,5428.56
L13,2023-09-30,rev_specialty_seasonal,3976.03
L13,2023-09-30,rev_tea,1576.49
L13,2023-09-30,rev_pastries,5116.19
L13,2023-09-30,rev_sandwiches,3592.8
L13,2023-09-30,rev_breakfast,2485.56
L13,2023-09-30,rev_snacks,1387.07
L13,2023-09-30,rev_whole_bean,1970.23
L13,2023-09-30,rev_brew_equipment,794.92
L13,2023-09-30,rev_merchandise,434.74
L13,2023-09-30,rev_gift_cards,908.59
L13,2023-09-30,rev_catering,1260.41
L13,2023-09-30,rev_wholesale,877.57
L13,2023-09-30,exp_coffee_beans,-3074.05
L13,2023-09-30,exp_dairy,-1703.41
L13,2023-09-30,exp_syrups,-653.98
L13,2023-09-30,exp_food_ingredients,-1415.89
L13,2023-09-30,exp_packaging,-768.75
L13,2023-09-30,exp_retail_cogs,-493.66
L13,2023-09-30,exp_barista_wages,-7527.92
L13,2023-09-30,exp_shift_lead_wages,-2246.74
L13,2023-09-30,exp_store_manager_salary,-2431.48
L13,2023-09-30,exp_payroll_taxes,-1192.76
L13,2023-09-30,exp_employee_benefits,-1019.45
L13,2023-09-30,exp_overtime,-577.48
L13,2023-09-30,exp_rent,-4433.12
L13,2023-09-30,exp_utilities,-888.07
L13,2023-09-30,exp_property_insurance,-376.4
L13,2023-09-30,exp_cam,-518.85
L13,2023-09-30,exp_property_tax,-639.48
L13,2023-09-30,exp_marketing,-1000.86
L13,2023-09-30,exp_pos_software,-294.75
L13,2023-09-30,exp_equipment_maintenance,-572.11
L13,2023-09-30,exp_cleaning,-399.83
L13,2023-09-30,exp_cc_fees,-1074.59
L13,2023-09-30,exp_office_supplies,-194.94
L13,2023-09-30,exp_waste_removal,-233.33
L13,2023-09-30,exp_corporate_overhead,-1429.33
L13,2023-09-30,exp_training,-279.54
L13,2023-09-30,exp_general_liability_ins,-256.71
L13,2023-09-30,exp_bank_fees,-118.88
L13,2023-09-30,exp_depreciation,-700.76
L13,2023-09-30,exp_professional_fees,-357.51
L13,2023-10-31,rev_drip_coffee,9575.94
L13,2023-10-31,rev_espresso_drinks,13007.14
L13,2023-10-31,rev_cold_brew,5740.74
L13,2023-10-31,rev_specialty_seasonal,3984.55
L13,2023-10-31,rev_tea,1815.51
L13,2023-10-31,rev_pastries,5210.6
L13,2023-10-31,rev_sandwiches,3799.42
L13,2023-10-31,rev_breakfast,2719.73
L13,2023-10-31,rev_snacks,1525.24
L13,2023-10-31,rev_whole_bean,1523.7
L13,2023-10-31,rev_brew_equipment,894.32
L13,2023-10-31,rev_merchandise,502.85
L13,2023-10-31,rev_gift_cards,873.16
L13,2023-10-31,rev_catering,1310.53
L13,2023-10-31,rev_wholesale,946.09
L13,2023-10-31,exp_coffee_beans,-3082.43
L13,2023-10-31,exp_dairy,-1681.93
L13,2023-10-31,exp_syrups,-626.5
L13,2023-10-31,exp_food_ingredients,-1499.26
L13,2023-10-31,exp_packaging,-699.63
L13,2023-10-31,exp_retail_cogs,-481.44
L13,2023-10-31,exp_barista_wages,-7528.82
L13,2023-10-31,exp_shift_lead_wages,-2070.59
L13,2023-10-31,exp_store_manager_salary,-2542.06
L13,2023-10-31,exp_payroll_taxes,-1168.96
L13,2023-10-31,exp_employee_benefits,-1014.94
L13,2023-10-31,exp_overtime,-567.3
L13,2023-10-31,exp_rent,-4507.0
L13,2023-10-31,exp_utilities,-914.22
L13,2023-10-31,exp_property_insurance,-365.75
L13,2023-10-31,exp_cam,-529.85
L13,2023-10-31,exp_property_tax,-620.1
L13,2023-10-31,exp_marketing,-1072.18
L13,2023-10-31,exp_pos_software,-350.48
L13,2023-10-31,exp_equipment_maintenance,-573.69
L13,2023-10-31,exp_cleaning,-375.96
L13,2023-10-31,exp_cc_fees,-1042.61
L13,2023-10-31,exp_office_supplies,-221.17
L13,2023-10-31,exp_waste_removal,-257.63
L13,2023-10-31,exp_corporate_overhead,-1393.71
L13,2023-10-31,exp_training,-284.35
L13,2023-10-31,exp_general_liability_ins,-351.86
L13,2023-10-31,exp_bank_fees,-108.15
L13,2023-10-31,exp_depreciation,-839.81
L13,2023-10-31,exp_professional_fees,-378.07
L13,2023-11-30,rev_drip_coffee,8908.06
L13,2023-11-30,rev_espresso_drinks,13158.26
L13,2023-11-30,rev_cold_brew,5803.91
L13,2023-11-30,rev_specialty_seasonal,5740.41
L13,2023-11-30,rev_tea,2152.5
L13,2023-11-30,rev_pastries,5697.72
L13,2023-11-30,rev_sandwiches,4625.28
L13,2023-11-30,rev_breakfast,2635.97
L13,2023-11-30,rev_snacks,1485.5
L13,2023-11-30,rev_whole_bean,2195.74
L13,2023-11-30,rev_brew_equipment,797.31
L13,2023-11-30,rev_merchandise,547.57
L13,2023-11-30,rev_gift_cards,837.18
L13,2023-11-30,rev_catering,1419.08
L13,2023-11-30,rev_wholesale,1186.8
L13,2023-11-30,exp_coffee_beans,-3085.85
L13,2023-11-30,exp_dairy,-2042.92
L13,2023-11-30,exp_syrups,-646.57
L13,2023-11-30,exp_food_ingredients,-1491.87
L13,2023-11-30,exp_packaging,-745.71
L13,2023-11-30,exp_retail_cogs,-571.69
L13,2023-11-30,exp_barista_wages,-7092.8
L13,2023-11-30,exp_shift_lead_wages,-2359.61
L13,2023-11-30,exp_store_manager_salary,-2872.65
L13,2023-11-30,exp_payroll_taxes,-1272.5
L13,2023-11-30,exp_employee_benefits,-1029.99
L13,2023-11-30,exp_overtime,-593.89
L13,2023-11-30,exp_rent,-4409.8
L13,2023-11-30,exp_utilities,-945.6
L13,2023-11-30,exp_property_insurance,-370.78
L13,2023-11-30,exp_cam,-512.02
L13,2023-11-30,exp_property_tax,-645.82
L13,2023-11-30,exp_marketing,-964.17
L13,2023-11-30,exp_pos_software,-365.81
L13,2023-11-30,exp_equipment_maintenance,-503.86
L13,2023-11-30,exp_cleaning,-501.01
L13,2023-11-30,exp_cc_fees,-1161.09
L13,2023-11-30,exp_office_supplies,-192.24
L13,2023-11-30,exp_waste_removal,-246.58
L13,2023-11-30,exp_corporate_overhead,-1372.8
L13,2023-11-30,exp_training,-286.92
L13,2023-11-30,exp_general_liability_ins,-277.7
L13,2023-11-30,exp_bank_fees,-119.57
L13,2023-11-30,exp_depreciation,-654.43
L13,2023-11-30,exp_professional_fees,-375.51
L13,2023-12-31,rev_drip_coffee,10079.19
L13,2023-12-31,rev_espresso_drinks,15012.82
L13,2023-12-31,rev_cold_brew,6792.88
L13,2023-12-31,rev_specialty_seasonal,6089.55
L13,2023-12-31,rev_tea,2537.4
L13,2023-12-31,rev_pastries,5526.9
L13,2023-12-31,rev_sandwiches,5350.07
L13,2023-12-31,rev_breakfast,2972.83
L13,2023-12-31,rev_snacks,1578.84
L13,2023-12-31,rev_whole_bean,2268.86
L13,2023-12-31,rev_brew_equipment,821.75
L13,2023-12-31,rev_merchandise,733.37
L13,2023-12-31,rev_gift_cards,1140.46
L13,2023-12-31,rev_catering,1802.6
L13,2023-12-31,rev_wholesale,1168.14
L13,2023-12-31,exp_coffee_beans,-3463.48
L13,2023-12-31,exp_dairy,-2192.63
L13,2023-12-31,exp_syrups,-771.35
L13,2023-12-31,exp_food_ingredients,-1743.62
L13,2023-12-31,exp_packaging,-845.15
L13,2023-12-31,exp_retail_cogs,-579.34
L13,2023-12-31,exp_barista_wages,-7107.76
L13,2023-12-31,exp_shift_lead_wages,-2461.09
L13,2023-12-31,exp_store_manager_salary,-2644.03
L13,2023-12-31,exp_payroll_taxes,-1177.98
L13,2023-12-31,exp_employee_benefits,-1013.45
L13,2023-12-31,exp_overtime,-607.96
L13,2023-12-31,exp_rent,-4636.55
L13,2023-12-31,exp_utilities,-932.64
L13,2023-12-31,exp_property_insurance,-382.26
L13,2023-12-31,exp_cam,-521.26
L13,2023-12-31,exp_property_tax,-633.49
L13,2023-12-31,exp_marketing,-1286.92
L13,2023-12-31,exp_pos_software,-307.57
L13,2023-12-31,exp_equipment_maintenance,-520.67
L13,2023-12-31,exp_cleaning,-386.78
L13,2023-12-31,exp_cc_fees,-1027.6
L13,2023-12-31,exp_office_supplies,-175.35
L13,2023-12-31,exp_waste_removal,-252.29
L13,2023-12-31,exp_corporate_overhead,-1451.62
L13,2023-12-31,exp_training,-321.46
L13,2023-12-31,exp_general_liability_ins,-296.24
L13,2023-12-31,exp_bank_fees,-138.53
L13,2023-12-31,exp_depreciation,-768.0
L13,2023-12-31,exp_professional_fees,-385.29
L13,2024-01-31,rev_drip_coffee,7196.62
L13,2024-01-31,rev_espresso_drinks,10220.46
L13,2024-01-31,rev_cold_brew,5898.19
L13,2024-01-31,rev_specialty_seasonal,4433.24
L13,2024-01-31,rev_tea,1885.14
L13,2024-01-31,rev_pastries,4178.48
L13,2024-01-31,rev_sandwiches,3981.09
L13,2024-01-31,rev_breakfast,1875.47
L13,2024-01-31,rev_snacks,1299.49
L13,2024-01-31,rev_whole_bean,1627.33
L13,2024-01-31,rev_brew_equipment,702.92
L13,2024-01-31,rev_merchandise,465.13
L13,2024-01-31,rev_gift_cards,913.82
L13,2024-01-31,rev_catering,1228.14
L13,2024-01-31,rev_wholesale,939.6
L13,2024-01-31,exp_coffee_beans,-2615.93
L13,2024-01-31,exp_dairy,-1541.18
L13,2024-01-31,exp_syrups,-594.44
L13,2024-01-31,exp_food_ingredients,-1213.67
L13,2024-01-31,exp_packaging,-629.44
L13,2024-01-31,exp_retail_cogs,-512.9
L13,2024-01-31,exp_barista_wages,-7307.94
L13,2024-01-31,exp_shift_lead_wages,-2303.8
L13,2024-01-31,exp_store_manager_salary,-2444.48
L13,2024-01-31,exp_payroll_taxes,-1084.12
L13,2024-01-31,exp_employee_benefits,-990.38
L13,2024-01-31,exp_overtime,-530.99
L13,2024-01-31,exp_rent,-4563.94
L13,2024-01-31,exp_utilities,-917.34
L13,2024-01-31,exp_property_insurance,-398.04
L13,2024-01-31,exp_cam,-509.67
L13,2024-01-31,exp_property_tax,-633.77
L13,2024-01-31,exp_marketing,-947.34
L13,2024-01-31,exp_pos_software,-394.58
L13,2024-01-31,exp_equipment_maintenance,-572.47
L13,2024-01-31,exp_cleaning,-365.73
L13,2024-01-31,exp_cc_fees,-922.81
L13,2024-01-31,exp_office_supplies,-222.99
L13,2024-01-31,exp_waste_removal,-266.08
L13,2024-01-31,exp_corporate_overhead,-1191.74
L13,2024-01-31,exp_training,-286.41
L13,2024-01-31,exp_general_liability_ins,-327.14
L13,2024-01-31,exp_bank_fees,-119.25
L13,2024-01-31,exp_depreciation,-793.67
L13,2024-01-31,exp_professional_fees,-407.12
L13,2024-02-29,rev_drip_coffee,6740.23
L13,2024-02-29,rev_espresso_drinks,10101.72
L13,2024-02-29,rev_cold_brew,4963.18
L13,2024-02-29,rev_specialty_seasonal,5119.77
L13,2024-02-29,rev_tea,1910.36
L13,2024-02-29,rev_pastries,4176.15
L13,2024-02-29,rev_sandwiches,3547.01
L13,2024-02-29,rev_breakfast,2322.24
L13,2024-02-29,rev_snacks,1181.06
L13,2024-02-29,rev_whole_bean,1685.3
L13,2024-02-29,rev_brew_equipment,780.4
L13,2024-02-29,rev_merchandise,530.82
L13,2024-02-29,rev_gift_cards,827.96
L13,2024-02-29,rev_catering,1110.65
L13,2024-02-29,rev_wholesale,1031.81
L13,2024-02-29,exp_coffee_beans,-2911.88
L13,2024-02-29,exp_dairy,-1556.69
L13,2024-02-29,exp_syrups,-532.0
L13,2024-02-29,exp_food_ingredients,-1351.3
L13,2024-02-29,exp_packaging,-571.38
L13,2024-02-29,exp_retail_cogs,-407.0
L13,2024-02-29,exp_barista_wages,-6992.87
L13,2024-02-29,exp_shift_lead_wages,-2204.26
L13,2024-02-29,exp_store_manager_salary,-2428.27
L13,2024-02-29,exp_payroll_taxes,-1177.94
L13,2024-02-29,exp_employee_benefits,-953.92
L13,2024-02-29,exp_overtime,-521.06
L13,2024-02-29,exp_rent,-4640.63
L13,2024-02-29,exp_utilities,-922.58
L13,2024-02-29,exp_property_insurance,-379.99
L13,2024-02-29,exp_cam,-499.55
L13,2024-02-29,exp_property_tax,-610.45
L13,2024-02-29,exp_marketing,-1076.41
L13,2024-02-29,exp_pos_software,-420.2
L13,2024-02-29,exp_equipment_maintenance,-488.27
L13,2024-02-29,exp_cleaning,-405.93
L13,2024-02-29,exp_cc_fees,-826.8
L13,2024-02-29,exp_office_supplies,-180.41
L13,2024-02-29,exp_waste_removal,-238.92
L13,2024-02-29,exp_corporate_overhead,-1304.49
L13,2024-02-29,exp_training,-258.47
L13,2024-02-29,exp_general_liability_ins,-237.98
L13,2024-02-29,exp_bank_fees,-97.41
L13,2024-02-29,exp_depreciation,-808.58
L13,2024-02-29,exp_professional_fees,-387.75
L13,2024-03-31,rev_drip_coffee,8454.72
L13,2024-03-31,rev_espresso_drinks,10840.28
L13,2024-03-31,rev_cold_brew,5894.65
L13,2024-03-31,rev_specialty_seasonal,3646.66
L13,2024-03-31,rev_tea,1893.87
L13,2024-03-31,rev_pastries,4177.8
L13,2024-03-31,rev_sandwiches,3641.72
L13,2024-03-31,rev_breakfast,2317.54
L13,2024-03-31,rev_snacks,1446.06
L13,2024-03-31,rev_whole_bean,1882.85
L13,2024-03-31,rev_brew_equipment,763.4
L13,2024-03-31,rev_merchandise,522.61
L13,2024-03-31,rev_gift_cards,812.23
L13,2024-03-31,rev_catering,1296.26
L13,2024-03-31,rev_wholesale,935.45
L13,2024-03-31,exp_coffee_beans,-3029.08
L13,2024-03-31,exp_dairy,-1973.76
L13,2024-03-31,exp_syrups,-587.47
L13,2024-03-31,exp_food_ingredients,-1568.53
L13,2024-03-31,exp_packaging,-684.75
L13,2024-03-31,exp_retail_cogs,-459.5
L13,2024-03-31,exp_barista_wages,-6885.83
L13,2024-03-31,exp_shift_lead_wages,-2560.71
L13,2024-03-31,exp_store_manager_salary,-2732.91
L13,2024-03-31,exp_payroll_taxes,-1149.48
L13,2024-03-31,exp_employee_benefits,-949.34
L13,2024-03-31,exp_overtime,-563.38
L13,2024-03-31,exp_rent,-4458.5
L13,2024-03-31,exp_utilities,-921.05
L13,2024-03-31,exp_property_insurance,-384.79
L13,2024-03-31,exp_cam,-502.92
L13,2024-03-31,exp_property_tax,-636.98
L13,2024-03-31,exp_marketing,-1021.56
L13,2024-03-31,exp_pos_software,-336.77
L13,2024-03-31,exp_equipment_maintenance,-601.35
L13,2024-03-31,exp_cleaning,-341.71
L13,2024-03-31,exp_cc_fees,-720.08
L13,2024-03-31,exp_office_supplies,-198.74
L13,2024-03-31,exp_waste_removal,-231.16
L13,2024-03-31,exp_corporate_overhead,-1186.46
L13,2024-03-31,exp_training,-246.43
L13,2024-03-31,exp_general_liability_ins,-327.4
L13,2024-03-31,exp_bank_fees,-125.62
L13,2024-03-31,exp_depreciation,-773.31
L13,2024-03-31,exp_professional_fees,-446.21
L13,2024-04-30,rev_drip_coffee,9191.67
L13,2024-04-30,rev_espresso_drinks,14047.68
L13,2024-04-30,rev_cold_brew,5200.65
L13,2024-04-30,rev_specialty_seasonal,3279.33
L13,2024-04-30,rev_tea,2090.74
L13,2024-04-30,rev_pastries,4601.24
L13,2024-04-30,rev_sandwiches,4447.59
L13,2024-04-30,rev_breakfast,2089.13
L13,2024-04-30,rev_snacks,1423.65
L13,2024-04-30,rev_whole_bean,1960.35
L13,2024-04-30,rev_brew_equipment,881.83
L13,2024-04-30,rev_merchandise,510.24
L13,2024-04-30,rev_gift_cards,976.49
L13,2024-04-30,rev_catering,1209.19
L13,2024-04-30,rev_wholesale,1030.07
L13,2024-04-30,exp_coffee_beans,-2921.4
L13,2024-04-30,exp_dairy,-1740.45
L13,2024-04-30,exp_syrups,-628.86
L13,2024-04-30,exp_food_ingredients,-1405.2
L13,2024-04-30,exp_packaging,-676.84
L13,2024-04-30,exp_retail_cogs,-469.87
L13,2024-04-30,exp_barista_wages,-8214.88
L13,2024-04-30,exp_shift_lead_wages,-2210.98
L13,2024-04-30,exp_store_manager_salary,-2751.53
L13,2024-04-30,exp_payroll_taxes,-1081.85
L13,2024-04-30,exp_employee_benefits,-1056.48
L13,2024-04-30,exp_overtime,-563.83
L13,2024-04-30,exp_rent,-4419.69
L13,2024-04-30,exp_utilities,-906.76
L13,2024-04-30,exp_property_insurance,-378.07
L13,2024-04-30,exp_cam,-484.14
L13,2024-04-30,exp_property_tax,-618.51
L13,2024-04-30,exp_marketing,-1016.81
L13,2024-04-30,exp_pos_software,-349.83
L13,2024-04-30,exp_equipment_maintenance,-679.18
L13,2024-04-30,exp_cleaning,-386.68
L13,2024-04-30,exp_cc_fees,-1036.72
L13,2024-04-30,exp_office_supplies,-229.59
L13,2024-04-30,exp_waste_removal,-250.12
L13,2024-04-30,exp_corporate_overhead,-1279.63
L13,2024-04-30,exp_training,-259.1
L13,2024-04-30,exp_general_liability_ins,-294.87
L13,2024-04-30,exp_bank_fees,-139.81
L13,2024-04-30,exp_depreciation,-813.93
L13,2024-04-30,exp_professional_fees,-411.02
L13,2024-05-31,rev_drip_coffee,10771.74
L13,2024-05-31,rev_espresso_drinks,13786.76
L13,2024-05-31,rev_cold_brew,5498.95
L13,2024-05-31,rev_specialty_seasonal,3830.41
L13,2024-05-31,rev_tea,2321.32
L13,2024-05-31,rev_pastries,4583.17
L13,2024-05-31,rev_sandwiches,4756.93
L13,2024-05-31,rev_breakfast,2509.2
L13,2024-05-31,rev_snacks,1453.03
L13,2024-05-31,rev_whole_bean,1853.89
L13,2024-05-31,rev_brew_equipment,872.41
L13,2024-05-31,rev_merchandise,563.18
L13,2024-05-31,rev_gift_cards,857.79
L13,2024-05-31,rev_catering,1305.83
L13,2024-05-31,rev_wholesale,998.26
L13,2024-05-31,exp_coffee_beans,-3170.36
L13,2024-05-31,exp_dairy,-1824.01
L13,2024-05-31,exp_syrups,-702.17
L13,2024-05-31,exp_food_ingredients,-1589.99
L13,2024-05-31,exp_packaging,-759.4
L13,2024-05-31,exp_retail_cogs,-494.2
L13,2024-05-31,exp_barista_wages,-7425.16
L13,2024-05-31,exp_shift_lead_wages,-2129.14
L13,2024-05-31,exp_store_manager_salary,-2717.6
L13,2024-05-31,exp_payroll_taxes,-1276.84
L13,2024-05-31,exp_employee_benefits,-1051.83
L13,2024-05-31,exp_overtime,-583.37
L13,2024-05-31,exp_rent,-4571.51
L13,2024-05-31,exp_utilities,-919.47
L13,2024-05-31,exp_property_insurance,-369.87
L13,2024-05-31,exp_cam,-523.52
L13,2024-05-31,exp_property_tax,-640.27
L13,2024-05-31,exp_marketing,-975.12
L13,2024-05-31,exp_pos_software,-367.89
L13,2024-05-31,exp_equipment_maintenance,-527.13
L13,2024-05-31,exp_cleaning,-319.81
L13,2024-05-31,exp_cc_fees,-984.82
L13,2024-05-31,exp_office_supplies,-169.22
L13,2024-05-31,exp_waste_removal,-242.09
L13,2024-05-31,exp_corporate_overhead,-1161.43
L13,2024-05-31,exp_training,-275.89
L13,2024-05-31,exp_general_liability_ins,-262.52
L13,2024-05-31,exp_bank_fees,-134.48
L13,2024-05-31,exp_depreciation,-730.62
L13,2024-05-31,exp_professional_fees,-326.56
L13,2024-06-30,rev_drip_coffee,9793.93
L13,2024-06-30,rev_espresso_drinks,13543.35
L13,2024-06-30,rev_cold_brew,9232.19
L13,2024-06-30,rev_specialty_seasonal,3739.75
L13,2024-06-30,rev_tea,2269.11
L13,2024-06-30,rev_pastries,5973.44
L13,2024-06-30,rev_sandwiches,4441.88
L13,2024-06-30,rev_breakfast,2731.08
L13,2024-06-30,rev_snacks,1308.93
L13,2024-06-30,rev_whole_bean,1895.74
L13,2024-06-30,rev_brew_equipment,952.63
L13,2024-06-30,rev_merchandise,575.09
L13,2024-06-30,rev_gift_cards,1101.72
L13,2024-06-30,rev_catering,1492.98
L13,2024-06-30,rev_wholesale,1056.8
L13,2024-06-30,exp_coffee_beans,-3627.22
L13,2024-06-30,exp_dairy,-1900.27
L13,2024-06-30,exp_syrups,-685.64
L13,2024-06-30,exp_food_ingredients,-1631.94
L13,2024-06-30,exp_packaging,-849.69
L13,2024-06-30,exp_retail_cogs,-534.57
L13,2024-06-30,exp_barista_wages,-7703.53
L13,2024-06-30,exp_shift_lead_wages,-2390.25
L13,2024-06-30,exp_store_manager_salary,-2913.6
L13,2024-06-30,exp_payroll_taxes,-1345.8
L13,2024-06-30,exp_employee_benefits,-990.29
L13,2024-06-30,exp_overtime,-615.15
L13,2024-06-30,exp_rent,-4577.92
L13,2024-06-30,exp_utilities,-947.36
L13,2024-06-30,exp_property_insurance,-375.34
L13,2024-06-30,exp_cam,-516.15
L13,2024-06-30,exp_property_tax,-622.9
L13,2024-06-30,exp_marketing,-878.92
L13,2024-06-30,exp_pos_software,-344.6
L13,2024-06-30,exp_equipment_maintenance,-549.22
L13,2024-06-30,exp_cleaning,-395.81
L13,2024-06-30,exp_cc_fees,-999.69
L13,2024-06-30,exp_office_supplies,-166.11
L13,2024-06-30,exp_waste_removal,-230.13
L13,2024-06-30,exp_corporate_overhead,-1645.78
L13,2024-06-30,exp_training,-326.88
L13,2024-06-30,exp_general_liability_ins,-291.33
L13,2024-06-30,exp_bank_fees,-124.75
L13,2024-06-30,exp_depreciation,-743.59
L13,2024-06-30,exp_professional_fees,-301.71
L13,2024-07-31,rev_drip_coffee,10128.8
L13,2024-07-31,rev_espresso_drinks,11379.8
L13,2024-07-31,rev_cold_brew,8683.41
L13,2024-07-31,rev_specialty_seasonal,4176.92
L13,2024-07-31,rev_tea,2209.27
L13,2024-07-31,rev_pastries,6011.26
L13,2024-07-31,rev_sandwiches,5328.5
L13,2024-07-31,rev_breakfast,2991.25
L13,2024-07-31,rev_snacks,1435.22
L13,2024-07-31,rev_whole_bean,2410.19
L13,2024-07-31,rev_brew_equipment,990.17
L13,2024-07-31,rev_merchandise,560.8
L13,2024-07-31,rev_gift_cards,1081.05
L13,2024-07-31,rev_catering,1596.26
L13,2024-07-31,rev_wholesale,1154.89
L13,2024-07-31,exp_coffee_beans,-3569.35
L13,2024-07-31,exp_dairy,-2113.36
L13,2024-07-31,exp_syrups,-691.71
L13,2024-07-31,exp_food_ingredients,-1634.27
L13,2024-07-31,exp_packaging,-767.58
L13,2024-07-31,exp_retail_cogs,-603.0
L13,2024-07-31,exp_barista_wages,-7287.41
L13,2024-07-31,exp_shift_lead_wages,-2432.1
L13,2024-07-31,exp_store_manager_salary,-2593.28
L13,2024-07-31,exp_payroll_taxes,-1182.04
L13,2024-07-31,exp_employee_benefits,-951.75
L13,2024-07-31,exp_overtime,-575.2
L13,2024-07-31,exp_rent,-4475.36
L13,2024-07-31,exp_utilities,-921.4
L13,2024-07-31,exp_property_insurance,-358.43
L13,2024-07-31,exp_cam,-512.8
L13,2024-07-31,exp_property_tax,-619.43
L13,2024-07-31,exp_marketing,-1084.03
L13,2024-07-31,exp_pos_software,-344.97
L13,2024-07-31,exp_equipment_maintenance,-538.73
L13,2024-07-31,exp_cleaning,-370.38
L13,2024-07-31,exp_cc_fees,-1106.0
L13,2024-07-31,exp_office_supplies,-169.43
L13,2024-07-31,exp_waste_removal,-225.03
L13,2024-07-31,exp_corporate_overhead,-1386.85
L13,2024-07-31,exp_training,-289.81
L13,2024-07-31,exp_general_liability_ins,-253.45
L13,2024-07-31,exp_bank_fees,-98.31
L13,2024-07-31,exp_depreciation,-718.43
L13,2024-07-31,exp_professional_fees,-330.79
L13,2024-08-31,rev_drip_coffee,10602.21
L13,2024-08-31,rev_espresso_drinks,15988.95
L13,2024-08-31,rev_cold_brew,8493.32
L13,2024-08-31,rev_specialty_seasonal,3547.35
L13,2024-08-31,rev_tea,2321.02
L13,2024-08-31,rev_pastries,4514.42
L13,2024-08-31,rev_sandwiches,4252.29
L13,2024-08-31,rev_breakfast,2509.88
L13,2024-08-31,rev_snacks,1423.2
L13,2024-08-31,rev_whole_bean,1941.54
L13,2024-08-31,rev_brew_equipment,807.6
L13,2024-08-31,rev_merchandise,547.55
L13,2024-08-31,rev_gift_cards,1115.5
L13,2024-08-31,rev_catering,1414.3
L13,2024-08-31,rev_wholesale,1171.9
L13,2024-08-31,exp_coffee_beans,-3011.94
L13,2024-08-31,exp_dairy,-2084.29
L13,2024-08-31,exp_syrups,-676.18
L13,2024-08-31,exp_food_ingredients,-1673.67
L13,2024-08-31,exp_packaging,-779.85
L13,2024-08-31,exp_retail_cogs,-537.24
L13,2024-08-31,exp_barista_wages,-6824.34
L13,2024-08-31,exp_shift_lead_wages,-2660.4
L13,2024-08-31,exp_store_manager_salary,-2919.8
L13,2024-08-31,exp_payroll_taxes,-1313.36
L13,2024-08-31,exp_employee_benefits,-1118.63
L13,2024-08-31,exp_overtime,-584.07
L13,2024-08-31,exp_rent,-4579.89
L13,2024-08-31,exp_utilities,-905.97
L13,2024-08-31,exp_property_insurance,-377.09
L13,2024-08-31,exp_cam,-508.05
L13,2024-08-31,exp_property_tax,-622.53
L13,2024-08-31,exp_marketing,-1039.05
L13,2024-08-31,exp_pos_software,-309.53
L13,2024-08-31,exp_equipment_maintenance,-561.01
L13,2024-08-31,exp_cleaning,-387.71
L13,2024-08-31,exp_cc_fees,-755.82
L13,2024-08-31,exp_office_supplies,-185.48
L13,2024-08-31,exp_waste_removal,-226.31
L13,2024-08-31,exp_corporate_overhead,-1489.1
L13,2024-08-31,exp_training,-305.76
L13,2024-08-31,exp_general_liability_ins,-314.14
L13,2024-08-31,exp_bank_fees,-126.3
L13,2024-08-31,exp_depreciation,-729.04
L13,2024-08-31,exp_professional_fees,-363.75
L13,2024-09-30,rev_drip_coffee,8425.54
L13,2024-09-30,rev_espresso_drinks,13042.0
L13,2024-09-30,rev_cold_brew,5885.63
L13,2024-09-30,rev_specialty_seasonal,3519.48
L13,2024-09-30,rev_tea,2033.63
L13,2024-09-30,rev_pastries,4710.23
L13,2024-09-30,rev_sandwiches,3792.17
L13,2024-09-30,rev_breakfast,2512.78
L13,2024-09-30,rev_snacks,1201.12
L13,2024-09-30,rev_whole_bean,2016.8
L13,2024-09-30,rev_brew_equipment,872.09
L13,2024-09-30,rev_merchandise,608.06
L13,2024-09-30,rev_gift_cards,870.91
L13,2024-09-30,rev_catering,1434.21
L13,2024-09-30,rev_wholesale,1156.43
L13,2024-09-30,exp_coffee_beans,-3115.13
L13,2024-09-30,exp_dairy,-1810.51
L13,2024-09-30,exp_syrups,-614.03
L13,2024-09-30,exp_food_ingredients,-1370.5
L13,2024-09-30,exp_packaging,-690.65
L13,2024-09-30,exp_retail_cogs,-480.39
L13,2024-09-30,exp_barista_wages,-8105.95
L13,2024-09-30,exp_shift_lead_wages,-2087.45
L13,2024-09-30,exp_store_manager_salary,-2739.86
L13,2024-09-30,exp_payroll_taxes,-1249.16
L13,2024-09-30,exp_employee_benefits,-1004.33
L13,2024-09-30,exp_overtime,-576.86
L13,2024-09-30,exp_rent,-4543.68
L13,2024-09-30,exp_utilities,-906.56
L13,2024-09-30,exp_property_insurance,-372.26
L13,2024-09-30,exp_cam,-511.51
L13,2024-09-30,exp_property_tax,-645.25
L13,2024-09-30,exp_marketing,-1245.15
L13,2024-09-30,exp_pos_software,-312.14
L13,2024-09-30,exp_equipment_maintenance,-432.8
L13,2024-09-30,exp_cleaning,-422.97
L13,2024-09-30,exp_cc_fees,-1044.28
L13,2024-09-30,exp_office_supplies,-232.42
L13,2024-09-30,exp_waste_removal,-251.69
L13,2024-09-30,exp_corporate_overhead,-1563.6
L13,2024-09-30,exp_training,-346.64
L13,2024-09-30,exp_general_liability_ins,-314.61
L13,2024-09-30,exp_bank_fees,-130.64
L13,2024-09-30,exp_depreciation,-672.84
L13,2024-09-30,exp_professional_fees,-365.58
L13,2024-10-31,rev_drip_coffee,8700.87
L13,2024-10-31,rev_espresso_drinks,12207.62
L13,2024-10-31,rev_cold_brew,5725.24
L13,2024-10-31,rev_specialty_seasonal,4088.68
L13,2024-10-31,rev_tea,1871.75
L13,2024-10-31,rev_pastries,4738.25
L13,2024-10-31,rev_sandwiches,4145.72
L13,2024-10-31,rev_breakfast,2237.75
L13,2024-10-31,rev_snacks,1231.7
L13,2024-10-31,rev_whole_bean,1569.34
L13,2024-10-31,rev_brew_equipment,852.26
L13,2024-10-31,rev_merchandise,524.73
L13,2024-10-31,rev_gift_cards,875.65
L13,2024-10-31,rev_catering,1095.7
L13,2024-10-31,rev_wholesale,1091.3
L13,2024-10-31,exp_coffee_beans,-3055.36
L13,2024-10-31,exp_dairy,-1744.52
L13,2024-10-31,exp_syrups,-605.84
L13,2024-10-31,exp_food_ingredients,-1423.38
L13,2024-10-31,exp_packaging,-720.06
L13,2024-10-31,exp_retail_cogs,-494.23
L13,2024-10-31,exp_barista_wages,-6825.89
L13,2024-10-31,exp_shift_lead_wages,-2271.49
L13,2024-10-31,exp_store_manager_salary,-2867.38
L13,2024-10-31,exp_payroll_taxes,-1212.42
L13,2024-10-31,exp_employee_benefits,-980.91
L13,2024-10-31,exp_overtime,-547.32
L13,2024-10-31,exp_rent,-4379.93
L13,2024-10-31,exp_utilities,-897.84
L13,2024-10-31,exp_property_insurance,-359.26
L13,2024-10-31,exp_cam,-526.69
L13,2024-10-31,exp_property_tax,-634.69
L13,2024-10-31,exp_marketing,-1037.55
L13,2024-10-31,exp_pos_software,-364.93
L13,2024-10-31,exp_equipment_maintenance,-561.56
L13,2024-10-31,exp_cleaning,-370.8
L13,2024-10-31,exp_cc_fees,-912.63
L13,2024-10-31,exp_office_supplies,-185.16
L13,2024-10-31,exp_waste_removal,-293.26
L13,2024-10-31,exp_corporate_overhead,-1512.06
L13,2024-10-31,exp_training,-302.28
L13,2024-10-31,exp_general_liability_ins,-311.9
L13,2024-10-31,exp_bank_fees,-134.94
L13,2024-10-31,exp_depreciation,-665.25
L13,2024-10-31,exp_professional_fees,-357.74
L13,2024-11-30,rev_drip_coffee,9164.69
L13,2024-11-30,rev_espresso_drinks,13940.54
L13,2024-11-30,rev_cold_brew,6091.02
L13,2024-11-30,rev_specialty_seasonal,5644.69
L13,2024-11-30,rev_tea,2072.35
L13,2024-11-30,rev_pastries,5213.46
L13,2024-11-30,rev_sandwiches,3862.6
L13,2024-11-30,rev_breakfast,2506.07
L13,2024-11-30,rev_snacks,1240.92
L13,2024-11-30,rev_whole_bean,1800.3
L13,2024-11-30,rev_brew_equipment,908.51
L13,2024-11-30,rev_merchandise,584.9
L13,2024-11-30,rev_gift_cards,987.23
L13,2024-11-30,rev_catering,1517.52
L13,2024-11-30,rev_wholesale,1262.57
L13,2024-11-30,exp_coffee_beans,-3317.18
L13,2024-11-30,exp_dairy,-1978.27
L13,2024-11-30,exp_syrups,-671.89
L13,2024-11-30,exp_food_ingredients,-1604.57
L13,2024-11-30,exp_packaging,-714.45
L13,2024-11-30,exp_retail_cogs,-591.45
L13,2024-11-30,exp_barista_wages,-8056.36
L13,2024-11-30,exp_shift_lead_wages,-2170.31
L13,2024-11-30,exp_store_manager_salary,-2637.02
L13,2024-11-30,exp_payroll_taxes,-1272.22
L13,2024-11-30,exp_employee_benefits,-981.89
L13,2024-11-30,exp_overtime,-591.42
L13,2024-11-30,exp_rent,-4427.22
L13,2024-11-30,exp_utilities,-942.62
L13,2024-11-30,exp_property_insurance,-371.67
L13,2024-11-30,exp_cam,-539.44
L13,2024-11-30,exp_property_tax,-636.45
L13,2024-11-30,exp_marketing,-890.2
L13,2024-11-30,exp_pos_software,-428.41
L13,2024-11-30,exp_equipment_maintenance,-602.79
L13,2024-11-30,exp_cleaning,-415.4
L13,2024-11-30,exp_cc_fees,-1004.31
L13,2024-11-30,exp_office_supplies,-171.27
L13,2024-11-30,exp_waste_removal,-192.1
L13,2024-11-30,exp_corporate_overhead,-1366.36
L13,2024-11-30,exp_training,-338.27
L13,2024-11-30,exp_general_liability_ins,-285.28
L13,2024-11-30,exp_bank_fees,-140.58
L13,2024-11-30,exp_depreciation,-873.77
L13,2024-11-30,exp_professional_fees,-366.64
L13,2024-12-31,rev_drip_coffee,11347.93
L13,2024-12-31,rev_espresso_drinks,16841.89
L13,2024-12-31,rev_cold_brew,6961.21
L13,2024-12-31,rev_specialty_seasonal,6317.15
L13,2024-12-31,rev_tea,2458.02
L13,2024-12-31,rev_pastries,4384.96
L13,2024-12-31,rev_sandwiches,5043.57
L13,2024-12-31,rev_breakfast,3100.08
L13,2024-12-31,rev_snacks,1663.31
L13,2024-12-31,rev_whole_bean,2277.34
L13,2024-12-31,rev_brew_equipment,997.4
L13,2024-12-31,rev_merchandise,540.63
L13,2024-12-31,rev_gift_cards,1296.0
L13,2024-12-31,rev_catering,1526.53
L13,2024-12-31,rev_wholesale,1223.25
L13,2024-12-31,exp_coffee_beans,-4015.51
L13,2024-12-31,exp_dairy,-2315.07
L13,2024-12-31,exp_syrups,-787.16
L13,2024-12-31,exp_food_ingredients,-1825.09
L13,2024-12-31,exp_packaging,-808.74
L13,2024-12-31,exp_retail_cogs,-610.6
L13,2024-12-31,exp_barista_wages,-8485.78
L13,2024-12-31,exp_shift_lead_wages,-2342.74
L13,2024-12-31,exp_store_manager_salary,-2717.34
L13,2024-12-31,exp_payroll_taxes,-1301.84
L13,2024-12-31,exp_employee_benefits,-1052.96
L13,2024-12-31,exp_overtime,-621.27
L13,2024-12-31,exp_rent,-4336.36
L13,2024-12-31,exp_utilities,-868.08
L13,2024-12-31,exp_property_insurance,-378.45
L13,2024-12-31,exp_cam,-503.39
L13,2024-12-31,exp_property_tax,-621.2
L13,2024-12-31,exp_marketing,-804.39
L13,2024-12-31,exp_pos_software,-390.71
L13,2024-12-31,exp_equipment_maintenance,-562.14
L13,2024-12-31,exp_cleaning,-412.6
L13,2024-12-31,exp_cc_fees,-971.93
L13,2024-12-31,exp_office_supplies,-154.33
L13,2024-12-31,exp_waste_removal,-211.31
L13,2024-12-31,exp_corporate_overhead,-1310.1
L13,2024-12-31,exp_training,-275.03
L13,2024-12-31,exp_general_liability_ins,-266.97
L13,2024-12-31,exp_bank_fees,-123.01
L13,2024-12-31,exp_depreciation,-849.47
L13,2024-12-31,exp_professional_fees,-311.73
L13,2025-01-31,rev_drip_coffee,7828.21
L13,2025-01-31,rev_espresso_drinks,11991.24
L13,2025-01-31,rev_cold_brew,4903.12
L13,2025-01-31,rev_specialty_seasonal,4781.99
L13,2025-01-31,rev_tea,1905.44
L13,2025-01-31,rev_pastries,4109.64
L13,2025-01-31,rev_sandwiches,3928.84
L13,2025-01-31,rev_breakfast,2231.84
L13,2025-01-31,rev_snacks,1211.59
L13,2025-01-31,rev_whole_bean,1517.68
L13,2025-01-31,rev_brew_equipment,771.32
L13,2025-01-31,rev_merchandise,490.12
L13,2025-01-31,rev_gift_cards,795.76
L13,2025-01-31,rev_catering,1243.91
L13,2025-01-31,rev_wholesale,1071.11
L13,2025-01-31,exp_coffee_beans,-2747.79
L13,2025-01-31,exp_dairy,-1607.2
L13,2025-01-31,exp_syrups,-564.42
L13,2025-01-31,exp_food_ingredients,-1216.65
L13,2025-01-31,exp_packaging,-713.63
L13,2025-01-31,exp_retail_cogs,-452.9
L13,2025-01-31,exp_barista_wages,-6795.12
L13,2025-01-31,exp_shift_lead_wages,-2071.58
L13,2025-01-31,exp_store_manager_salary,-2568.65
L13,2025-01-31,exp_payroll_taxes,-1129.73
L13,2025-01-31,exp_employee_benefits,-1034.35
L13,2025-01-31,exp_overtime,-503.34
L13,2025-01-31,exp_rent,-4322.06
L13,2025-01-31,exp_utilities,-924.82
L13,2025-01-31,exp_property_insurance,-370.81
L13,2025-01-31,exp_cam,-512.24
L13,2025-01-31,exp_property_tax,-635.91
L13,2025-01-31,exp_marketing,-1043.13
L13,2025-01-31,exp_pos_software,-352.8
L13,2025-01-31,exp_equipment_maintenance,-466.77
L13,2025-01-31,exp_cleaning,-333.44
L13,2025-01-31,exp_cc_fees,-877.24
L13,2025-01-31,exp_office_supplies,-173.3
L13,2025-01-31,exp_waste_removal,-240.71
L13,2025-01-31,exp_corporate_overhead,-1125.29
L13,2025-01-31,exp_training,-283.99
L13,2025-01-31,exp_general_liability_ins,-269.67
L13,2025-01-31,exp_bank_fees,-119.58
L13,2025-01-31,exp_depreciation,-802.59
L13,2025-01-31,exp_professional_fees,-353.94
L13,2025-02-28,rev_drip_coffee,7250.64
L13,2025-02-28,rev_espresso_drinks,12197.73
L13,2025-02-28,rev_cold_brew,5044.33
L13,2025-02-28,rev_specialty_seasonal,5288.14
L13,2025-02-28,rev_tea,1749.34
L13,2025-02-28,rev_pastries,4009.49
L13,2025-02-28,rev_sandwiches,3604.48
L13,2025-02-28,rev_breakfast,2205.9
L13,2025-02-28,rev_snacks,1174.17
L13,2025-02-28,rev_whole_bean,1650.18
L13,2025-02-28,rev_brew_equipment,830.12
L13,2025-02-28,rev_merchandise,515.32
L13,2025-02-28,rev_gift_cards,916.59
L13,2025-02-28,rev_catering,1037.39
L13,2025-02-28,rev_wholesale,861.08
L13,2025-02-28,exp_coffee_beans,-2808.68
L13,2025-02-28,exp_dairy,-1693.66
L13,2025-02-28,exp_syrups,-558.91
L13,2025-02-28,exp_food_ingredients,-1253.32
L13,2025-02-28,exp_packaging,-678.41
L13,2025-02-28,exp_retail_cogs,-468.54
L13,2025-02-28,exp_barista_wages,-7567.0
L13,2025-02-28,exp_shift_lead_wages,-2148.2
L13,2025-02-28,exp_store_manager_salary,-2530.46
L13,2025-02-28,exp_payroll_taxes,-1237.54
L13,2025-02-28,exp_employee_benefits,-930.8
L13,2025-02-28,exp_overtime,-520.6
L13,2025-02-28,exp_rent,-4377.83
L13,2025-02-28,exp_utilities,-905.37
L13,2025-02-28,exp_property_insurance,-378.11
L13,2025-02-28,exp_cam,-499.0
L13,2025-02-28,exp_property_tax,-636.78
L13,2025-02-28,exp_marketing,-956.18
L13,2025-02-28,exp_pos_software,-347.0
L13,2025-02-28,exp_equipment_maintenance,-535.17
L13,2025-02-28,exp_cleaning,-391.36
L13,2025-02-28,exp_cc_fees,-916.22
L13,2025-02-28,exp_office_supplies,-185.74
L13,2025-02-28,exp_waste_removal,-221.0
L13,2025-02-28,exp_corporate_overhead,-1553.17
L13,2025-02-28,exp_training,-298.03
L13,2025-02-28,exp_general_liability_ins,-270.96
L13,2025-02-28,exp_bank_fees,-112.32
L13,2025-02-28,exp_depreciation,-740.31
L13,2025-02-28,exp_professional_fees,-342.43
L13,2025-03-31,rev_drip_coffee,8775.24
L13,2025-03-31,rev_espresso_drinks,11253.73
L13,2025-03-31,rev_cold_brew,4584.39
L13,2025-03-31,rev_specialty_seasonal,3552.18
L13,2025-03-31,rev_tea,1895.59
L13,2025-03-31,rev_pastries,4130.96
L13,2025-03-31,rev_sandwiches,4221.83
L13,2025-03-31,rev_breakfast,1826.81
L13,2025-03-31,rev_snacks,1477.02
L13,2025-03-31,rev_whole_bean,1917.01
L13,2025-03-31,rev_brew_equipment,758.27
L13,2025-03-31,rev_merchandise,494.74
L13,2025-03-31,rev_gift_cards,949.25
L13,2025-03-31,rev_catering,1307.92
L13,2025-03-31,rev_wholesale,974.44
L13,2025-03-31,exp_coffee_beans,-2756.97
L13,2025-03-31,exp_dairy,-1946.6
L13,2025-03-31,exp_syrups,-649.06
L13,2025-03-31,exp_food_ingredients,-1412.91
L13,2025-03-31,exp_packaging,-690.67
L13,2025-03-31,exp_retail_cogs,-504.23
L13,2025-03-31,exp_barista_wages,-7610.1
L13,2025-03-31,exp_shift_lead_wages,-1976.76
L13,2025-03-31,exp_store_manager_salary,-2618.35
L13,2025-03-31,exp_payroll_taxes,-1166.26
L13,2025-03-31,exp_employee_benefits,-959.03
L13,2025-03-31,exp_overtime,-578.97
L13,2025-03-31,exp_rent,-4299.62
L13,2025-03-31,exp_utilities,-890.04
L13,2025-03-31,exp_property_insurance,-366.54
L13,2025-03-31,exp_cam,-516.12
L13,2025-03-31,exp_property_tax,-639.34
L13,2025-03-31,exp_marketing,-1196.94
L13,2025-03-31,exp_pos_software,-344.31
L13,2025-03-31,exp_equipment_maintenance,-588.22
L13,2025-03-31,exp_cleaning,-428.61
L13,2025-03-31,exp_cc_fees,-994.4
L13,2025-03-31,exp_office_supplies,-193.91
L13,2025-03-31,exp_waste_removal,-225.03
L13,2025-03-31,exp_corporate_overhead,-1225.9
L13,2025-03-31,exp_training,-263.64
L13,2025-03-31,exp_general_liability_ins,-283.94
L13,2025-03-31,exp_bank_fees,-119.4
L13,2025-03-31,exp_depreciation,-739.73
L13,2025-03-31,exp_professional_fees,-390.21
L13,2025-04-30,rev_drip_coffee,8564.55
L13,2025-04-30,rev_espresso_drinks,11685.1
L13,2025-04-30,rev_cold_brew,5757.39
L13,2025-04-30,rev_specialty_seasonal,3966.11
L13,2025-04-30,rev_tea,1873.86
L13,2025-04-30,rev_pastries,4638.56
L13,2025-04-30,rev_sandwiches,4123.61
L13,2025-04-30,rev_breakfast,2311.38
L13,2025-04-30,rev_snacks,1348.26
L13,2025-04-30,rev_whole_bean,1626.91
L13,2025-04-30,rev_brew_equipment,847.77
L13,2025-04-30,rev_merchandise,481.27
L13,2025-04-30,rev_gift_cards,1042.86
L13,2025-04-30,rev_catering,1310.91
L13,2025-04-30,rev_wholesale,1031.09
L13,2025-04-30,exp_coffee_beans,-3340.51
L13,2025-04-30,exp_dairy,-1757.59
L13,2025-04-30,exp_syrups,-627.68
L13,2025-04-30,exp_food_ingredients,-1340.72
L13,2025-04-30,exp_packaging,-767.88
L13,2025-04-30,exp_retail_cogs,-562.98
L13,2025-04-30,exp_barista_wages,-6664.24
L13,2025-04-30,exp_shift_lead_wages,-2185.01
L13,2025-04-30,exp_store_manager_salary,-2730.83
L13,2025-04-30,exp_payroll_taxes,-1181.34
L13,2025-04-30,exp_employee_benefits,-982.78
L13,2025-04-30,exp_overtime,-558.67
L13,2025-04-30,exp_rent,-4495.62
L13,2025-04-30,exp_utilities,-897.14
L13,2025-04-30,exp_property_insurance,-373.04
L13,2025-04-30,exp_cam,-503.05
L13,2025-04-30,exp_property_tax,-623.69
L13,2025-04-30,exp_marketing,-850.34
L13,2025-04-30,exp_pos_software,-340.12
L13,2025-04-30,exp_equipment_maintenance,-512.01
L13,2025-04-30,exp_cleaning,-437.95
L13,2025-04-30,exp_cc_fees,-937.72
L13,2025-04-30,exp_office_supplies,-196.76
L13,2025-04-30,exp_waste_removal,-233.87
L13,2025-04-30,exp_corporate_overhead,-1079.95
L13,2025-04-30,exp_training,-237.92
L13,2025-04-30,exp_general_liability_ins,-265.67
L13,2025-04-30,exp_bank_fees,-123.4
L13,2025-04-30,exp_depreciation,-753.67
L13,2025-04-30,exp_professional_fees,-334.27
L13,2025-05-31,rev_drip_coffee,8963.66
L13,2025-05-31,rev_espresso_drinks,12889.97
L13,2025-05-31,rev_cold_brew,6561.9
L13,2025-05-31,rev_specialty_seasonal,4133.9
L13,2025-05-31,rev_tea,2048.15
L13,2025-05-31,rev_pastries,4771.16
L13,2025-05-31,rev_sandwiches,4445.17
L13,2025-05-31,rev_breakfast,2672.03
L13,2025-05-31,rev_snacks,1641.35
L13,2025-05-31,rev_whole_bean,1949.53
L13,2025-05-31,rev_brew_equipment,964.93
L13,2025-05-31,rev_merchandise,514.62
L13,2025-05-31,rev_gift_cards,957.04
L13,2025-05-31,rev_catering,1149.73
L13,2025-05-31,rev_wholesale,1148.28
L13,2025-05-31,exp_coffee_beans,-3422.5
L13,2025-05-31,exp_dairy,-1697.24
L13,2025-05-31,exp_syrups,-691.1
L13,2025-05-31,exp_food_ingredients,-1596.29
L13,2025-05-31,exp_packaging,-777.43
L13,2025-05-31,exp_retail_cogs,-508.2
L13,2025-05-31,exp_barista_wages,-7879.44
L13,2025-05-31,exp_shift_lead_wages,-2336.6
L13,2025-05-31,exp_store_manager_salary,-2862.25
L13,2025-05-31,exp_payroll_taxes,-1229.78
L13,2025-05-31,exp_employee_benefits,-1023.72
L13,2025-05-31,exp_overtime,-609.97
L13,2025-05-31,exp_rent,-4441.08
L13,2025-05-31,exp_utilities,-919.92
L13,2025-05-31,exp_property_insurance,-380.89
L13,2025-05-31,exp_cam,-513.16
L13,2025-05-31,exp_property_tax,-614.72
L13,2025-05-31,exp_marketing,-1098.63
L13,2025-05-31,exp_pos_software,-405.32
L13,2025-05-31,exp_equipment_maintenance,-613.11
L13,2025-05-31,exp_cleaning,-428.8
L13,2025-05-31,exp_cc_fees,-722.18
L13,2025-05-31,exp_office_supplies,-182.02
L13,2025-05-31,exp_waste_removal,-220.69
L13,2025-05-31,exp_corporate_overhead,-1378.24
L13,2025-05-31,exp_training,-347.47
L13,2025-05-31,exp_general_liability_ins,-244.76
L13,2025-05-31,exp_bank_fees,-146.98
L13,2025-05-31,exp_depreciation,-742.29
L13,2025-05-31,exp_professional_fees,-337.83
L13,2025-06-30,rev_drip_coffee,10407.83
L13,2025-06-30,rev_espresso_drinks,15162.75
L13,2025-06-30,rev_cold_brew,9357.3
L13,2025-06-30,rev_specialty_seasonal,3911.8
L13,2025-06-30,rev_tea,2377.7
L13,2025-06-30,rev_pastries,4687.15
L13,2025-06-30,rev_sandwiches,4343.14
L13,2025-06-30,rev_breakfast,2735.6
L13,2025-06-30,rev_snacks,1444.9
L13,2025-06-30,rev_whole_bean,2259.73
L13,2025-06-30,rev_brew_equipment,897.71
L13,2025-06-30,rev_merchandise,594.42
L13,2025-06-30,rev_gift_cards,999.97
L13,2025-06-30,rev_catering,1601.89
L13,2025-06-30,rev_wholesale,1145.69
L13,2025-06-30,exp_coffee_beans,-3738.1
L13,2025-06-30,exp_dairy,-2186.48
L13,2025-06-30,exp_syrups,-714.01
L13,2025-06-30,exp_food_ingredients,-1655.23
L13,2025-06-30,exp_packaging,-788.05
L13,2025-06-30,exp_retail_cogs,-592.28
L13,2025-06-30,exp_barista_wages,-7611.08
L13,2025-06-30,exp_shift_lead_wages,-2328.44
L13,2025-06-30,exp_store_manager_salary,-2834.76
L13,2025-06-30,exp_payroll_taxes,-1146.94
L13,2025-06-30,exp_employee_benefits,-1018.88
L13,2025-06-30,exp_overtime,-607.68
L13,2025-06-30,exp_rent,-4471.59
L13,2025-06-30,exp_utilities,-932.13
L13,2025-06-30,exp_property_insurance,-368.8
L13,2025-06-30,exp_cam,-509.81
L13,2025-06-30,exp_property_tax,-614.82
L13,2025-06-30,exp_marketing,-987.31
L13,2025-06-30,exp_pos_software,-424.14
L13,2025-06-30,exp_equipment_maintenance,-558.08
L13,2025-06-30,exp_cleaning,-376.76
L13,2025-06-30,exp_cc_fees,-848.4
L13,2025-06-30,exp_office_supplies,-163.31
L13,2025-06-30,exp_waste_removal,-214.93
L13,2025-06-30,exp_corporate_overhead,-1476.25
L13,2025-06-30,exp_training,-284.59
L13,2025-06-30,exp_general_liability_ins,-248.12
L13,2025-06-30,exp_bank_fees,-109.87
L13,2025-06-30,exp_depreciation,-821.92
L13,2025-06-30,exp_professional_fees,-362.92
L13,2025-07-31,rev_drip_coffee,9507.53
L13,2025-07-31,rev_espresso_drinks,14139.27
L13,2025-07-31,rev_cold_brew,10744.78
L13,2025-07-31,rev_specialty_seasonal,4697.65
L13,2025-07-31,rev_tea,2622.88
L13,2025-07-31,rev_pastries,4511.11
L13,2025-07-31,rev_sandwiches,4705.7
L13,2025-07-31,rev_breakfast,2684.35
L13,2025-07-31,rev_snacks,1656.84
L13,2025-07-31,rev_whole_bean,2321.46
L13,2025-07-31,rev_brew_equipment,991.7
L13,2025-07-31,rev_merchandise,577.93
L13,2025-07-31,rev_gift_cards,1046.12
L13,2025-07-31,rev_catering,1594.12
L13,2025-07-31,rev_wholesale,1314.17
L13,2025-07-31,exp_coffee_beans,-3656.49
L13,2025-07-31,exp_dairy,-2145.01
L13,2025-07-31,exp_syrups,-751.74
L13,2025-07-31,exp_food_ingredients,-1719.88
L13,2025-07-31,exp_packaging,-858.46
L13,2025-07-31,exp_retail_cogs,-610.65
L13,2025-07-31,exp_barista_wages,-7785.14
L13,2025-07-31,exp_shift_lead_wages,-2403.87
L13,2025-07-31,exp_store_manager_salary,-2838.85
L13,2025-07-31,exp_payroll_taxes,-1219.39
L13,2025-07-31,exp_employee_benefits,-984.11
L13,2025-07-31,exp_overtime,-609.71
L13,2025-07-31,exp_rent,-4395.7
L13,2025-07-31,exp_utilities,-929.61
L13,2025-07-31,exp_property_insurance,-371.22
L13,2025-07-31,exp_cam,-522.97
L13,2025-07-31,exp_property_tax,-636.88
L13,2025-07-31,exp_marketing,-1115.81
L13,2025-07-31,exp_pos_software,-337.57
L13,2025-07-31,exp_equipment_maintenance,-565.32
L13,2025-07-31,exp_cleaning,-429.72
L13,2025-07-31,exp_cc_fees,-796.97
L13,2025-07-31,exp_office_supplies,-227.46
L13,2025-07-31,exp_waste_removal,-287.51
L13,2025-07-31,exp_corporate_overhead,-1502.06
L13,2025-07-31,exp_training,-321.24
L13,2025-07-31,exp_general_liability_ins,-290.57
L13,2025-07-31,exp_bank_fees,-116.17
L13,2025-07-31,exp_depreciation,-763.29
L13,2025-07-31,exp_professional_fees,-401.18
L13,2025-08-31,rev_drip_coffee,8829.12
L13,2025-08-31,rev_espresso_drinks,12689.94
L13,2025-08-31,rev_cold_brew,8458.29
L13,2025-08-31,rev_specialty_seasonal,4308.89
L13,2025-08-31,rev_tea,2089.55
L13,2025-08-31,rev_pastries,4927.9
L13,2025-08-31,rev_sandwiches,4517.29
L13,2025-08-31,rev_breakfast,2488.14
L13,2025-08-31,rev_snacks,1222.3
L13,2025-08-31,rev_whole_bean,1878.88
L13,2025-08-31,rev_brew_equipment,943.74
L13,2025-08-31,rev_merchandise,617.4
L13,2025-08-31,rev_gift_cards,1098.29
L13,2025-08-31,rev_catering,1523.54
L13,2025-08-31,rev_wholesale,1129.01
L13,2025-08-31,exp_coffee_beans,-3327.06
L13,2025-08-31,exp_dairy,-2076.75
L13,2025-08-31,exp_syrups,-709.66
L13,2025-08-31,exp_food_ingredients,-1696.89
L13,2025-08-31,exp_packaging,-807.87
L13,2025-08-31,exp_retail_cogs,-602.6
L13,2025-08-31,exp_barista_wages,-7438.4
L13,2025-08-31,exp_shift_lead_wages,-2525.14
L13,2025-08-31,exp_store_manager_salary,-3151.94
L13,2025-08-31,exp_payroll_taxes,-1263.27
L13,2025-08-31,exp_employee_benefits,-1047.53
L13,2025-08-31,exp_overtime,-548.73
L13,2025-08-31,exp_rent,-4539.01
L13,2025-08-31,exp_utilities,-935.38
L13,2025-08-31,exp_property_insurance,-367.93
L13,2025-08-31,exp_cam,-520.56
L13,2025-08-31,exp_property_tax,-632.4
L13,2025-08-31,exp_marketing,-1069.28
L13,2025-08-31,exp_pos_software,-383.24
L13,2025-08-31,exp_equipment_maintenance,-571.3
L13,2025-08-31,exp_cleaning,-394.63
L13,2025-08-31,exp_cc_fees,-1021.91
L13,2025-08-31,exp_office_supplies,-215.99
L13,2025-08-31,exp_waste_removal,-221.41
L13,2025-08-31,exp_corporate_overhead,-1371.84
L13,2025-08-31,exp_training,-244.7
L13,2025-08-31,exp_general_liability_ins,-290.43
L13,2025-08-31,exp_bank_fees,-134.74
L13,2025-08-31,exp_depreciation,-751.94
L13,2025-08-31,exp_professional_fees,-370.77
L13,2025-09-30,rev_drip_coffee,8721.85
L13,2025-09-30,rev_espresso_drinks,12463.25
L13,2025-09-30,rev_cold_brew,6111.92
L13,2025-09-30,rev_specialty_seasonal,3558.04
L13,2025-09-30,rev_tea,2042.61
L13,2025-09-30,rev_pastries,4316.68
L13,2025-09-30,rev_sandwiches,4423.92
L13,2025-09-30,rev_breakfast,2558.45
L13,2025-09-30,rev_snacks,1359.69
L13,2025-09-30,rev_whole_bean,1903.74
L13,2025-09-30,rev_brew_equipment,842.07
L13,2025-09-30,rev_merchandise,601.49
L13,2025-09-30,rev_gift_cards,945.1
L13,2025-09-30,rev_catering,1415.48
L13,2025-09-30,rev_wholesale,1039.95
L13,2025-09-30,exp_coffee_beans,-3351.56
L13,2025-09-30,exp_dairy,-1988.3
L13,2025-09-30,exp_syrups,-701.16
L13,2025-09-30,exp_food_ingredients,-1615.92
L13,2025-09-30,exp_packaging,-745.85
L13,2025-09-30,exp_retail_cogs,-557.57
L13,2025-09-30,exp_barista_wages,-8183.62
L13,2025-09-30,exp_shift_lead_wages,-2156.9
L13,2025-09-30,exp_store_manager_salary,-2638.28
L13,2025-09-30,exp_payroll_taxes,-1116.97
L13,2025-09-30,exp_employee_benefits,-1054.21
L13,2025-09-30,exp_overtime,-515.09
L13,2025-09-30,exp_rent,-4300.54
L13,2025-09-30,exp_utilities,-894.65
L13,2025-09-30,exp_property_insurance,-358.69
L13,2025-09-30,exp_cam,-517.33
L13,2025-09-30,exp_property_tax,-615.23
L13,2025-09-30,exp_marketing,-855.12
L13,2025-09-30,exp_pos_software,-352.97
L13,2025-09-30,exp_equipment_maintenance,-544.05
L13,2025-09-30,exp_cleaning,-325.36
L13,2025-09-30,exp_cc_fees,-875.98
L13,2025-09-30,exp_office_supplies,-192.93
L13,2025-09-30,exp_waste_removal,-226.03
L13,2025-09-30,exp_corporate_overhead,-1326.88
L13,2025-09-30,exp_training,-332.34
L13,2025-09-30,exp_general_liability_ins,-333.32
L13,2025-09-30,exp_bank_fees,-116.3
L13,2025-09-30,exp_depreciation,-669.77
L13,2025-09-30,exp_professional_fees,-357.31
L13,2025-10-31,rev_drip_coffee,8839.45
L13,2025-10-31,rev_espresso_drinks,12552.29
L13,2025-10-31,rev_cold_brew,6170.22
L13,2025-10-31,rev_specialty_seasonal,4380.36
L13,2025-10-31,rev_tea,1761.26
L13,2025-10-31,rev_pastries,4377.11
L13,2025-10-31,rev_sandwiches,4652.65
L13,2025-10-31,rev_breakfast,2358.39
L13,2025-10-31,rev_snacks,1467.86
L13,2025-10-31,rev_whole_bean,1954.81
L13,2025-10-31,rev_brew_equipment,923.56
L13,2025-10-31,rev_merchandise,622.95
L13,2025-10-31,rev_gift_cards,986.05
L13,2025-10-31,rev_catering,1136.18
L13,2025-10-31,rev_wholesale,1019.97
L13,2025-10-31,exp_coffee_beans,-3502.4
L13,2025-10-31,exp_dairy,-1722.16
L13,2025-10-31,exp_syrups,-668.25
L13,2025-10-31,exp_food_ingredients,-1290.16
L13,2025-10-31,exp_packaging,-672.0
L13,2025-10-31,exp_retail_cogs,-537.61
L13,2025-10-31,exp_barista_wages,-7424.12
L13,2025-10-31,exp_shift_lead_wages,-2245.57
L13,2025-10-31,exp_store_manager_salary,-2586.57
L13,2025-10-31,exp_payroll_taxes,-1073.03
L13,2025-10-31,exp_employee_benefits,-1025.59
L13,2025-10-31,exp_overtime,-553.08
L13,2025-10-31,exp_rent,-4323.55
L13,2025-10-31,exp_utilities,-915.28
L13,2025-10-31,exp_property_insurance,-375.93
L13,2025-10-31,exp_cam,-512.47
L13,2025-10-31,exp_property_tax,-630.33
L13,2025-10-31,exp_marketing,-1032.99
L13,2025-10-31,exp_pos_software,-329.4
L13,2025-10-31,exp_equipment_maintenance,-546.06
L13,2025-10-31,exp_cleaning,-429.61
L13,2025-10-31,exp_cc_fees,-1040.91
L13,2025-10-31,exp_office_supplies,-209.75
L13,2025-10-31,exp_waste_removal,-218.57
L13,2025-10-31,exp_corporate_overhead,-1459.38
L13,2025-10-31,exp_training,-311.12
L13,2025-10-31,exp_general_liability_ins,-254.94
L13,2025-10-31,exp_bank_fees,-114.48
L13,2025-10-31,exp_depreciation,-824.26
L13,2025-10-31,exp_professional_fees,-416.27
L13,2025-11-30,rev_drip_coffee,8038.04
L13,2025-11-30,rev_espresso_drinks,15400.79
L13,2025-11-30,rev_cold_brew,6945.15
L13,2025-11-30,rev_specialty_seasonal,5921.15
L13,2025-11-30,rev_tea,2161.81
L13,2025-11-30,rev_pastries,5081.05
L13,2025-11-30,rev_sandwiches,4244.1
L13,2025-11-30,rev_breakfast,2620.28
L13,2025-11-30,rev_snacks,1315.16
L13,2025-11-30,rev_whole_bean,1729.76
L13,2025-11-30,rev_brew_equipment,1076.98
L13,2025-11-30,rev_merchandise,586.42
L13,2025-11-30,rev_gift_cards,1054.2
L13,2025-11-30,rev_catering,1422.77
L13,2025-11-30,rev_wholesale,1089.68
L13,2025-11-30,exp_coffee_beans,-3357.53
L13,2025-11-30,exp_dairy,-2010.58
L13,2025-11-30,exp_syrups,-697.29
L13,2025-11-30,exp_food_ingredients,-1533.81
L13,2025-11-30,exp_packaging,-797.0
L13,2025-11-30,exp_retail_cogs,-561.2
L13,2025-11-30,exp_barista_wages,-7782.58
L13,2025-11-30,exp_shift_lead_wages,-2457.75
L13,2025-11-30,exp_store_manager_salary,-2762.54
L13,2025-11-30,exp_payroll_taxes,-1238.5
L13,2025-11-30,exp_employee_benefits,-1100.46
L13,2025-11-30,exp_overtime,-544.76
L13,2025-11-30,exp_rent,-4292.17
L13,2025-11-30,exp_utilities,-924.89
L13,2025-11-30,exp_property_insurance,-366.93
L13,2025-11-30,exp_cam,-503.44
L13,2025-11-30,exp_property_tax,-640.01
L13,2025-11-30,exp_marketing,-1014.17
L13,2025-11-30,exp_pos_software,-309.67
L13,2025-11-30,exp_equipment_maintenance,-648.21
L13,2025-11-30,exp_cleaning,-335.73
L13,2025-11-30,exp_cc_fees,-935.13
L13,2025-11-30,exp_office_supplies,-157.66
L13,2025-11-30,exp_waste_removal,-240.74
L13,2025-11-30,exp_corporate_overhead,-1284.12
L13,2025-11-30,exp_training,-321.64
L13,2025-11-30,exp_general_liability_ins,-273.94
L13,2025-11-30,exp_bank_fees,-136.27
L13,2025-11-30,exp_depreciation,-738.63
L13,2025-11-30,exp_professional_fees,-307.18
L13,2025-12-31,rev_drip_coffee,10820.85
L13,2025-12-31,rev_espresso_drinks,15068.61
L13,2025-12-31,rev_cold_brew,6132.48
L13,2025-12-31,rev_specialty_seasonal,6027.95
L13,2025-12-31,rev_tea,2343.15
L13,2025-12-31,rev_pastries,6258.42
L13,2025-12-31,rev_sandwiches,5339.2
L13,2025-12-31,rev_breakfast,2919.1
L13,2025-12-31,rev_snacks,1747.86
L13,2025-12-31,rev_whole_bean,1899.87
L13,2025-12-31,rev_brew_equipment,978.95
L13,2025-12-31,rev_merchandise,680.26
L13,2025-12-31,rev_gift_cards,1187.26
L13,2025-12-31,rev_catering,1541.65
L13,2025-12-31,rev_wholesale,1314.19
L13,2025-12-31,exp_coffee_beans,-3917.03
L13,2025-12-31,exp_dairy,-2259.85
L13,2025-12-31,exp_syrups,-829.75
L13,2025-12-31,exp_food_ingredients,-1829.04
L13,2025-12-31,exp_packaging,-901.72
L13,2025-12-31,exp_retail_cogs,-681.84
L13,2025-12-31,exp_barista_wages,-8339.41
L13,2025-12-31,exp_shift_lead_wages,-2721.31
L13,2025-12-31,exp_store_manager_salary,-2798.92
L13,2025-12-31,exp_payroll_taxes,-1182.48
L13,2025-12-31,exp_employee_benefits,-1047.09
L13,2025-12-31,exp_overtime,-595.25
L13,2025-12-31,exp_rent,-4589.43
L13,2025-12-31,exp_utilities,-894.05
L13,2025-12-31,exp_property_insurance,-371.02
L13,2025-12-31,exp_cam,-518.7
L13,2025-12-31,exp_property_tax,-630.13
L13,2025-12-31,exp_marketing,-1011.41
L13,2025-12-31,exp_pos_software,-367.16
L13,2025-12-31,exp_equipment_maintenance,-601.72
L13,2025-12-31,exp_cleaning,-461.65
L13,2025-12-31,exp_cc_fees,-946.4
L13,2025-12-31,exp_office_supplies,-178.52
L13,2025-12-31,exp_waste_removal,-270.37
L13,2025-12-31,exp_corporate_overhead,-1224.22
L13,2025-12-31,exp_training,-350.52
L13,2025-12-31,exp_general_liability_ins,-311.3
L13,2025-12-31,exp_bank_fees,-137.94
L13,2025-12-31,exp_depreciation,-824.7
L13,2025-12-31,exp_professional_fees,-288.6
L14,2023-01-31,rev_drip_coffee,18072.01
L14,2023-01-31,rev_espresso_drinks,24165.27
L14,2023-01-31,rev_cold_brew,11620.81
L14,2023-01-31,rev_specialty_seasonal,11472.29
L14,2023-01-31,rev_tea,4079.79
L14,2023-01-31,rev_pastries,8343.64
L14,2023-01-31,rev_sandwiches,8988.43
L14,2023-01-31,rev_breakfast,5193.02
L14,2023-01-31,rev_snacks,2742.17
L14,2023-01-31,rev_whole_bean,3985.67
L14,2023-01-31,rev_brew_equipment,1716.02
L14,2023-01-31,rev_merchandise,1211.44
L14,2023-01-31,rev_gift_cards,1969.91
L14,2023-01-31,rev_catering,2959.71
L14,2023-01-31,rev_wholesale,1861.45
L14,2023-01-31,exp_coffee_beans,-15474.41
L14,2023-01-31,exp_dairy,-8702.31
L14,2023-01-31,exp_syrups,-2989.88
L14,2023-01-31,exp_food_ingredients,-7479.81
L14,2023-01-31,exp_packaging,-3606.42
L14,2023-01-31,exp_retail_cogs,-2218.94
L14,2023-01-31,exp_barista_wages,-24442.51
L14,2023-01-31,exp_shift_lead_wages,-7527.35
L14,2023-01-31,exp_store_manager_salary,-8229.99
L14,2023-01-31,exp_payroll_taxes,-3663.33
L14,2023-01-31,exp_employee_benefits,-2817.69
L14,2023-01-31,exp_overtime,-1743.93
L14,2023-01-31,exp_rent,-10505.4
L14,2023-01-31,exp_utilities,-2197.1
L14,2023-01-31,exp_property_insurance,-883.3
L14,2023-01-31,exp_cam,-1190.69
L14,2023-01-31,exp_property_tax,-1493.91
L14,2023-01-31,exp_marketing,-2371.15
L14,2023-01-31,exp_pos_software,-759.68
L14,2023-01-31,exp_equipment_maintenance,-1079.96
L14,2023-01-31,exp_cleaning,-1005.27
L14,2023-01-31,exp_cc_fees,-2329.77
L14,2023-01-31,exp_office_supplies,-485.15
L14,2023-01-31,exp_waste_removal,-513.82
L14,2023-01-31,exp_corporate_overhead,-3299.44
L14,2023-01-31,exp_training,-606.19
L14,2023-01-31,exp_general_liability_ins,-584.78
L14,2023-01-31,exp_bank_fees,-284.8
L14,2023-01-31,exp_depreciation,-1872.59
L14,2023-01-31,exp_professional_fees,-724.15
L14,2023-02-28,rev_drip_coffee,15787.82
L14,2023-02-28,rev_espresso_drinks,24248.23
L14,2023-02-28,rev_cold_brew,12550.42
L14,2023-02-28,rev_specialty_seasonal,9997.56
L14,2023-02-28,rev_tea,4089.6
L14,2023-02-28,rev_pastries,9217.26
L14,2023-02-28,rev_sandwiches,8043.24
L14,2023-02-28,rev_breakfast,4981.3
L14,2023-02-28,rev_snacks,2441.38
L14,2023-02-28,rev_whole_bean,3493.84
L14,2023-02-28,rev_brew_equipment,1856.31
L14,2023-02-28,rev_merchandise,1199.37
L14,2023-02-28,rev_gift_cards,2031.45
L14,2023-02-28,rev_catering,2847.14
L14,2023-02-28,rev_wholesale,1828.26
L14,2023-02-28,exp_coffee_beans,-14089.32
L14,2023-02-28,exp_dairy,-8546.59
L14,2023-02-28,exp_syrups,-3423.59
L14,2023-02-28,exp_food_ingredients,-6804.93
L14,2023-02-28,exp_packaging,-3501.94
L14,2023-02-28,exp_retail_cogs,-2457.19
L14,2023-02-28,exp_barista_wages,-23671.82
L14,2023-02-28,exp_shift_lead_wages,-7177.53
L14,2023-02-28,exp_store_manager_salary,-7895.28
L14,2023-02-28,exp_payroll_taxes,-3195.76
L14,2023-02-28,exp_employee_benefits,-3317.35
L14,2023-02-28,exp_overtime,-1695.14
L14,2023-02-28,exp_rent,-10149.13
L14,2023-02-28,exp_utilities,-2181.57
L14,2023-02-28,exp_property_insurance,-885.93
L14,2023-02-28,exp_cam,-1235.16
L14,2023-02-28,exp_property_tax,-1519.99
L14,2023-02-28,exp_marketing,-2209.37
L14,2023-02-28,exp_pos_software,-764.69
L14,2023-02-28,exp_equipment_maintenance,-1243.14
L14,2023-02-28,exp_cleaning,-1023.89
L14,2023-02-28,exp_cc_fees,-1761.28
L14,2023-02-28,exp_office_supplies,-465.45
L14,2023-02-28,exp_waste_removal,-605.83
L14,2023-02-28,exp_corporate_overhead,-3532.94
L14,2023-02-28,exp_training,-752.66
L14,2023-02-28,exp_general_liability_ins,-717.76
L14,2023-02-28,exp_bank_fees,-205.87
L14,2023-02-28,exp_depreciation,-2119.13
L14,2023-02-28,exp_professional_fees,-893.63
L14,2023-03-31,rev_drip_coffee,20606.88
L14,2023-03-31,rev_espresso_drinks,24431.35
L14,2023-03-31,rev_cold_brew,10818.22
L14,2023-03-31,rev_specialty_seasonal,9098.92
L14,2023-03-31,rev_tea,4042.21
L14,2023-03-31,rev_pastries,9516.19
L14,2023-03-31,rev_sandwiches,9233.89
L14,2023-03-31,rev_breakfast,5590.17
L14,2023-03-31,rev_snacks,3208.14
L14,2023-03-31,rev_whole_bean,4051.73
L14,2023-03-31,rev_brew_equipment,1646.06
L14,2023-03-31,rev_merchandise,1220.99
L14,2023-03-31,rev_gift_cards,2173.26
L14,2023-03-31,rev_catering,2414.75
L14,2023-03-31,rev_wholesale,2573.63
L14,2023-03-31,exp_coffee_beans,-13981.86
L14,2023-03-31,exp_dairy,-9856.95
L14,2023-03-31,exp_syrups,-3193.08
L14,2023-03-31,exp_food_ingredients,-7726.32
L14,2023-03-31,exp_packaging,-3737.73
L14,2023-03-31,exp_retail_cogs,-2598.56
L14,2023-03-31,exp_barista_wages,-24737.76
L14,2023-03-31,exp_shift_lead_wages,-7430.92
L14,2023-03-31,exp_store_manager_salary,-9220.4
L14,2023-03-31,exp_payroll_taxes,-4483.18
L14,2023-03-31,exp_employee_benefits,-2943.67
L14,2023-03-31,exp_overtime,-1479.38
L14,2023-03-31,exp_rent,-10455.18
L14,2023-03-31,exp_utilities,-2141.7
L14,2023-03-31,exp_property_insurance,-871.93
L14,2023-03-31,exp_cam,-1193.94
L14,2023-03-31,exp_property_tax,-1512.75
L14,2023-03-31,exp_marketing,-2096.89
L14,2023-03-31,exp_pos_software,-875.8
L14,2023-03-31,exp_equipment_maintenance,-1366.04
L14,2023-03-31,exp_cleaning,-976.09
L14,2023-03-31,exp_cc_fees,-2338.86
L14,2023-03-31,exp_office_supplies,-503.18
L14,2023-03-31,exp_waste_removal,-557.14
L14,2023-03-31,exp_corporate_overhead,-3131.54
L14,2023-03-31,exp_training,-737.04
L14,2023-03-31,exp_general_liability_ins,-687.74
L14,2023-03-31,exp_bank_fees,-309.1
L14,2023-03-31,exp_depreciation,-1512.26
L14,2023-03-31,exp_professional_fees,-849.18
L14,2023-04-30,rev_drip_coffee,17928.44
L14,2023-04-30,rev_espresso_drinks,29658.35
L14,2023-04-30,rev_cold_brew,14016.2
L14,2023-04-30,rev_specialty_seasonal,8196.22
L14,2023-04-30,rev_tea,4327.48
L14,2023-04-30,rev_pastries,10763.08
L14,2023-04-30,rev_sandwiches,9226.93
L14,2023-04-30,rev_breakfast,6174.15
L14,2023-04-30,rev_snacks,3549.72
L14,2023-04-30,rev_whole_bean,4525.54
L14,2023-04-30,rev_brew_equipment,1927.52
L14,2023-04-30,rev_merchandise,1394.14
L14,2023-04-30,rev_gift_cards,2204.28
L14,2023-04-30,rev_catering,2859.62
L14,2023-04-30,rev_wholesale,2301.51
L14,2023-04-30,exp_coffee_beans,-16216.65
L14,2023-04-30,exp_dairy,-9862.35
L14,2023-04-30,exp_syrups,-3551.56
L14,2023-04-30,exp_food_ingredients,-7299.99
L14,2023-04-30,exp_packaging,-3750.46
L14,2023-04-30,exp_retail_cogs,-2769.58
L14,2023-04-30,exp_barista_wages,-25690.57
L14,2023-04-30,exp_shift_lead_wages,-7659.16
L14,2023-04-30,exp_store_manager_salary,-9213.27
L14,2023-04-30,exp_payroll_taxes,-3767.9
L14,2023-04-30,exp_employee_benefits,-3107.75
L14,2023-04-30,exp_overtime,-1871.77
L14,2023-04-30,exp_rent,-10650.48
L14,2023-04-30,exp_utilities,-2172.64
L14,2023-04-30,exp_property_insurance,-863.65
L14,2023-04-30,exp_cam,-1210.72
L14,2023-04-30,exp_property_tax,-1531.76
L14,2023-04-30,exp_marketing,-2565.38
L14,2023-04-30,exp_pos_software,-824.4
L14,2023-04-30,exp_equipment_maintenance,-1152.34
L14,2023-04-30,exp_cleaning,-878.66
L14,2023-04-30,exp_cc_fees,-2231.68
L14,2023-04-30,exp_office_supplies,-472.24
L14,2023-04-30,exp_waste_removal,-585.52
L14,2023-04-30,exp_corporate_overhead,-3369.81
L14,2023-04-30,exp_training,-676.83
L14,2023-04-30,exp_general_liability_ins,-615.63
L14,2023-04-30,exp_bank_fees,-341.95
L14,2023-04-30,exp_depreciation,-1723.18
L14,2023-04-30,exp_professional_fees,-753.31
L14,2023-05-31,rev_drip_coffee,17880.96
L14,2023-05-31,rev_espresso_drinks,28961.65
L14,2023-05-31,rev_cold_brew,14954.31
L14,2023-05-31,rev_specialty_seasonal,8393.77
L14,2023-05-31,rev_tea,5395.73
L14,2023-05-31,rev_pastries,10779.84
L14,2023-05-31,rev_sandwiches,10661.9
L14,2023-05-31,rev_breakfast,5466.1
L14,2023-05-31,rev_snacks,3070.4
L14,2023-05-31,rev_whole_bean,4431.65
L14,2023-05-31,rev_brew_equipment,2063.62
L14,2023-05-31,rev_merchandise,1259.02
L14,2023-05-31,rev_gift_cards,2323.89
L14,2023-05-31,rev_catering,3269.29
L14,2023-05-31,rev_wholesale,2264.3
L14,2023-05-31,exp_coffee_beans,-17347.41
L14,2023-05-31,exp_dairy,-10090.12
L14,2023-05-31,exp_syrups,-3559.08
L14,2023-05-31,exp_food_ingredients,-8416.45
L14,2023-05-31,exp_packaging,-3926.73
L14,2023-05-31,exp_retail_cogs,-2588.96
L14,2023-05-31,exp_barista_wages,-25024.59
L14,2023-05-31,exp_shift_lead_wages,-7369.74
L14,2023-05-31,exp_store_manager_salary,-9595.98
L14,2023-05-31,exp_payroll_taxes,-4379.19
L14,2023-05-31,exp_employee_benefits,-2933.67
L14,2023-05-31,exp_overtime,-1838.4
L14,2023-05-31,exp_rent,-10617.34
L14,2023-05-31,exp_utilities,-2101.69
L14,2023-05-31,exp_property_insurance,-892.32
L14,2023-05-31,exp_cam,-1242.01
L14,2023-05-31,exp_property_tax,-1481.99
L14,2023-05-31,exp_marketing,-2244.67
L14,2023-05-31,exp_pos_software,-644.39
L14,2023-05-31,exp_equipment_maintenance,-1388.59
L14,2023-05-31,exp_cleaning,-1135.62
L14,2023-05-31,exp_cc_fees,-2630.68
L14,2023-05-31,exp_office_supplies,-450.6
L14,2023-05-31,exp_waste_removal,-493.62
L14,2023-05-31,exp_corporate_overhead,-3515.67
L14,2023-05-31,exp_training,-693.94
L14,2023-05-31,exp_general_liability_ins,-679.81
L14,2023-05-31,exp_bank_fees,-292.44
L14,2023-05-31,exp_depreciation,-1841.69
L14,2023-05-31,exp_professional_fees,-954.02
L14,2023-06-30,rev_drip_coffee,23822.08
L14,2023-06-30,rev_espresso_drinks,30461.35
L14,2023-06-30,rev_cold_brew,18549.07
L14,2023-06-30,rev_specialty_seasonal,7509.32
L14,2023-06-30,rev_tea,5004.52
L14,2023-06-30,rev_pastries,10498.88
L14,2023-06-30,rev_sandwiches,10795.8
L14,2023-06-30,rev_breakfast,6039.98
L14,2023-06-30,rev_snacks,3418.49
L14,2023-06-30,rev_whole_bean,4997.75
L14,2023-06-30,rev_brew_equipment,2186.73
L14,2023-06-30,rev_merchandise,1349.74
L14,2023-06-30,rev_gift_cards,2748.93
L14,2023-06-30,rev_catering,3527.12
L14,2023-06-30,rev_wholesale,2634.26
L14,2023-06-30,exp_coffee_beans,-18475.37
L14,2023-06-30,exp_dairy,-11484.9
L14,2023-06-30,exp_syrups,-3927.16
L14,2023-06-30,exp_food_ingredients,-8305.32
L14,2023-06-30,exp_packaging,-4489.2
L14,2023-06-30,exp_retail_cogs,-3262.2
L14,2023-06-30,exp_barista_wages,-28157.91
L14,2023-06-30,exp_shift_lead_wages,-8909.32
L14,2023-06-30,exp_store_manager_salary,-10850.61
L14,2023-06-30,exp_payroll_taxes,-4776.0
L14,2023-06-30,exp_employee_benefits,-3566.22
L14,2023-06-30,exp_overtime,-1972.05
L14,2023-06-30,exp_rent,-10157.04
L14,2023-06-30,exp_utilities,-2163.1
L14,2023-06-30,exp_property_insurance,-887.69
L14,2023-06-30,exp_cam,-1217.54
L14,2023-06-30,exp_property_tax,-1430.66
L14,2023-06-30,exp_marketing,-2363.23
L14,2023-06-30,exp_pos_software,-892.1
L14,2023-06-30,exp_equipment_maintenance,-1152.33
L14,2023-06-30,exp_cleaning,-961.83
L14,2023-06-30,exp_cc_fees,-2326.48
L14,2023-06-30,exp_office_supplies,-510.94
L14,2023-06-30,exp_waste_removal,-649.08
L14,2023-06-30,exp_corporate_overhead,-3121.38
L14,2023-06-30,exp_training,-715.77
L14,2023-06-30,exp_general_liability_ins,-662.74
L14,2023-06-30,exp_bank_fees,-302.28
L14,2023-06-30,exp_depreciation,-1922.78
L14,2023-06-30,exp_professional_fees,-988.32
L14,2023-07-31,rev_drip_coffee,18335.12
L14,2023-07-31,rev_espresso_drinks,33733.82
L14,2023-07-31,rev_cold_brew,21366.46
L14,2023-07-31,rev_specialty_seasonal,9455.87
L14,2023-07-31,rev_tea,4327.72
L14,2023-07-31,rev_pastries,11755.73
L14,2023-07-31,rev_sandwiches,10115.62
L14,2023-07-31,rev_breakfast,7228.49
L14,2023-07-31,rev_snacks,3682.44
L14,2023-07-31,rev_whole_bean,4511.96
L14,2023-07-31,rev_brew_equipment,1818.8
L14,2023-07-31,rev_merchandise,1465.05
L14,2023-07-31,rev_gift_cards,2625.53
L14,2023-07-31,rev_catering,3360.63
L14,2023-07-31,rev_wholesale,2933.03
L14,2023-07-31,exp_coffee_beans,-18992.46
L14,2023-07-31,exp_dairy,-11950.71
L14,2023-07-31,exp_syrups,-4190.0
L14,2023-07-31,exp_food_ingredients,-8293.91
L14,2023-07-31,exp_packaging,-4104.28
L14,2023-07-31,exp_retail_cogs,-3471.55
L14,2023-07-31,exp_barista_wages,-28176.25
L14,2023-07-31,exp_shift_lead_wages,-7648.55
L14,2023-07-31,exp_store_manager_salary,-8872.37
L14,2023-07-31,exp_payroll_taxes,-4445.74
L14,2023-07-31,exp_employee_benefits,-3303.5
L14,2023-07-31,exp_overtime,-1988.11
L14,2023-07-31,exp_rent,-10532.86
L14,2023-07-31,exp_utilities,-2158.72
L14,2023-07-31,exp_property_insurance,-898.36
L14,2023-07-31,exp_cam,-1261.12
L14,2023-07-31,exp_property_tax,-1472.57
L14,2023-07-31,exp_marketing,-2157.87
L14,2023-07-31,exp_pos_software,-870.61
L14,2023-07-31,exp_equipment_maintenance,-1493.55
L14,2023-07-31,exp_cleaning,-908.0
L14,2023-07-31,exp_cc_fees,-2419.86
L14,2023-07-31,exp_office_supplies,-421.09
L14,2023-07-31,exp_waste_removal,-555.35
L14,2023-07-31,exp_corporate_overhead,-2867.02
L14,2023-07-31,exp_training,-703.62
L14,2023-07-31,exp_general_liability_ins,-641.23
L14,2023-07-31,exp_bank_fees,-301.11
L14,2023-07-31,exp_depreciation,-2149.17
L14,2023-07-31,exp_professional_fees,-831.41
L14,2023-08-31,rev_drip_coffee,18109.8
L14,2023-08-31,rev_espresso_drinks,30718.16
L14,2023-08-31,rev_cold_brew,20141.5
L14,2023-08-31,rev_specialty_seasonal,9367.11
L14,2023-08-31,rev_tea,4991.49
L14,2023-08-31,rev_pastries,12644.61
L14,2023-08-31,rev_sandwiches,10370.77
L14,2023-08-31,rev_breakfast,6044.81
L14,2023-08-31,rev_snacks,3206.9
L14,2023-08-31,rev_whole_bean,3965.04
L14,2023-08-31,rev_brew_equipment,2136.36
L14,2023-08-31,rev_merchandise,1364.4
L14,2023-08-31,rev_gift_cards,2177.29
L14,2023-08-31,rev_catering,3259.37
L14,2023-08-31,rev_wholesale,2645.46
L14,2023-08-31,exp_coffee_beans,-17911.35
L14,2023-08-31,exp_dairy,-10421.58
L14,2023-08-31,exp_syrups,-3895.65
L14,2023-08-31,exp_food_ingredients,-8543.87
L14,2023-08-31,exp_packaging,-4095.53
L14,2023-08-31,exp_retail_cogs,-2884.58
L14,2023-08-31,exp_barista_wages,-25831.26
L14,2023-08-31,exp_shift_lead_wages,-8521.78
L14,2023-08-31,exp_store_manager_salary,-9675.39
L14,2023-08-31,exp_payroll_taxes,-4223.17
L14,2023-08-31,exp_employee_benefits,-3524.3
L14,2023-08-31,exp_overtime,-2139.16
L14,2023-08-31,exp_rent,-10646.23
L14,2023-08-31,exp_utilities,-2173.89
L14,2023-08-31,exp_property_insurance,-889.79
L14,2023-08-31,exp_cam,-1212.64
L14,2023-08-31,exp_property_tax,-1492.28
L14,2023-08-31,exp_marketing,-2314.0
L14,2023-08-31,exp_pos_software,-708.08
L14,2023-08-31,exp_equipment_maintenance,-1328.08
L14,2023-08-31,exp_cleaning,-978.95
L14,2023-08-31,exp_cc_fees,-2166.05
L14,2023-08-31,exp_office_supplies,-507.16
L14,2023-08-31,exp_waste_removal,-514.18
L14,2023-08-31,exp_corporate_overhead,-2669.32
L14,2023-08-31,exp_training,-653.86
L14,2023-08-31,exp_general_liability_ins,-548.81
L14,2023-08-31,exp_bank_fees,-293.44
L14,2023-08-31,exp_depreciation,-1687.49
L14,2023-08-31,exp_professional_fees,-950.23
L14,2023-09-30,rev_drip_coffee,21532.19
L14,2023-09-30,rev_espresso_drinks,26809.82
L14,2023-09-30,rev_cold_brew,12637.57
L14,2023-09-30,rev_specialty_seasonal,8913.26
L14,2023-09-30,rev_tea,5054.94
L14,2023-09-30,rev_pastries,8790.9
L14,2023-09-30,rev_sandwiches,9727.23
L14,2023-09-30,rev_breakfast,4658.81
L14,2023-09-30,rev_snacks,3031.81
L14,2023-09-30,rev_whole_bean,4647.83
L14,2023-09-30,rev_brew_equipment,2394.89
L14,2023-09-30,rev_merchandise,1217.1
L14,2023-09-30,rev_gift_cards,1985.8
L14,2023-09-30,rev_catering,2908.49
L14,2023-09-30,rev_wholesale,2494.74
L14,2023-09-30,exp_coffee_beans,-16569.49
L14,2023-09-30,exp_dairy,-9597.48
L14,2023-09-30,exp_syrups,-3465.05
L14,2023-09-30,exp_food_ingredients,-8171.46
L14,2023-09-30,exp_packaging,-3880.16
L14,2023-09-30,exp_retail_cogs,-2672.01
L14,2023-09-30,exp_barista_wages,-23990.24
L14,2023-09-30,exp_shift_lead_wages,-7559.17
L14,2023-09-30,exp_store_manager_salary,-8625.22
L14,2023-09-30,exp_payroll_taxes,-3938.61
L14,2023-09-30,exp_employee_benefits,-3450.43
L14,2023-09-30,exp_overtime,-1872.13
L14,2023-09-30,exp_rent,-10173.09
L14,2023-09-30,exp_utilities,-2206.96
L14,2023-09-30,exp_property_insurance,-885.89
L14,2023-09-30,exp_cam,-1182.83
L14,2023-09-30,exp_property_tax,-1475.94
L14,2023-09-30,exp_marketing,-2240.25
L14,2023-09-30,exp_pos_software,-894.75
L14,2023-09-30,exp_equipment_maintenance,-1236.34
L14,2023-09-30,exp_cleaning,-939.27
L14,2023-09-30,exp_cc_fees,-2188.02
L14,2023-09-30,exp_office_supplies,-391.54
L14,2023-09-30,exp_waste_removal,-632.06
L14,2023-09-30,exp_corporate_overhead,-3458.8
L14,2023-09-30,exp_training,-650.32
L14,2023-09-30,exp_general_liability_ins,-661.24
L14,2023-09-30,exp_bank_fees,-311.5
L14,2023-09-30,exp_depreciation,-1834.89
L14,2023-09-30,exp_professional_fees,-999.72
L14,2023-10-31,rev_drip_coffee,24173.76
L14,2023-10-31,rev_espresso_drinks,28098.14
L14,2023-10-31,rev_cold_brew,12628.81
L14,2023-10-31,rev_specialty_seasonal,7716.88
L14,2023-10-31,rev_tea,3781.78
L14,2023-10-31,rev_pastries,11298.22
L14,2023-10-31,rev_sandwiches,9062.6
L14,2023-10-31,rev_breakfast,5929.82
L14,2023-10-31,rev_snacks,3376.5
L14,2023-10-31,rev_whole_bean,3827.75
L14,2023-10-31,rev_brew_equipment,1751.39
L14,2023-10-31,rev_merchandise,1386.27
L14,2023-10-31,rev_gift_cards,2150.51
L14,2023-10-31,rev_catering,2816.54
L14,2023-10-31,rev_wholesale,2229.53
L14,2023-10-31,exp_coffee_beans,-16688.99
L14,2023-10-31,exp_dairy,-10609.29
L14,2023-10-31,exp_syrups,-3590.15
L14,2023-10-31,exp_food_ingredients,-7927.25
L14,2023-10-31,exp_packaging,-4141.3
L14,2023-10-31,exp_retail_cogs,-2931.66
L14,2023-10-31,exp_barista_wages,-25231.23
L14,2023-10-31,exp_shift_lead_wages,-8948.84
L14,2023-10-31,exp_store_manager_salary,-8945.27
L14,2023-10-31,exp_payroll_taxes,-4338.54
L14,2023-10-31,exp_employee_benefits,-3210.09
L14,2023-10-31,exp_overtime,-1980.4
L14,2023-10-31,exp_rent,-10490.45
L14,2023-10-31,exp_utilities,-2182.59
L14,2023-10-31,exp_property_insurance,-920.57
L14,2023-10-31,exp_cam,-1239.64
L14,2023-10-31,exp_property_tax,-1500.99
L14,2023-10-31,exp_marketing,-2244.48
L14,2023-10-31,exp_pos_software,-853.79
L14,2023-10-31,exp_equipment_maintenance,-1154.63
L14,2023-10-31,exp_cleaning,-1030.07
L14,2023-10-31,exp_cc_fees,-2422.43
L14,2023-10-31,exp_office_supplies,-451.3
L14,2023-10-31,exp_waste_removal,-646.36
L14,2023-10-31,exp_corporate_overhead,-3737.97
L14,2023-10-31,exp_training,-713.37
L14,2023-10-31,exp_general_liability_ins,-685.48
L14,2023-10-31,exp_bank_fees,-267.14
L14,2023-10-31,exp_depreciation,-1775.05
L14,2023-10-31,exp_professional_fees,-771.8
L14,2023-11-30,rev_drip_coffee,20356.76
L14,2023-11-30,rev_espresso_drinks,30399.29
L14,2023-11-30,rev_cold_brew,12405.57
L14,2023-11-30,rev_specialty_seasonal,13728.96
L14,2023-11-30,rev_tea,5369.08
L14,2023-11-30,rev_pastries,11087.27
L14,2023-11-30,rev_sandwiches,7899.03
L14,2023-11-30,rev_breakfast,5863.95
L14,2023-11-30,rev_snacks,2983.22
L14,2023-11-30,rev_whole_bean,4304.61
L14,2023-11-30,rev_brew_equipment,2281.07
L14,2023-11-30,rev_merchandise,1057.93
L14,2023-11-30,rev_gift_cards,2183.1
L14,2023-11-30,rev_catering,3424.64
L14,2023-11-30,rev_wholesale,2480.05
L14,2023-11-30,exp_coffee_beans,-17445.98
L14,2023-11-30,exp_dairy,-11737.46
L14,2023-11-30,exp_syrups,-3819.81
L14,2023-11-30,exp_food_ingredients,-8880.67
L14,2023-11-30,exp_packaging,-4245.99
L14,2023-11-30,exp_retail_cogs,-2983.57
L14,2023-11-30,exp_barista_wages,-27729.29
L14,2023-11-30,exp_shift_lead_wages,-8907.17
L14,2023-11-30,exp_store_manager_salary,-8505.81
L14,2023-11-30,exp_payroll_taxes,-4232.39
L14,2023-11-30,exp_employee_benefits,-3416.85
L14,2023-11-30,exp_overtime,-1907.14
L14,2023-11-30,exp_rent,-10749.69
L14,2023-11-30,exp_utilities,-2173.74
L14,2023-11-30,exp_property_insurance,-912.4
L14,2023-11-30,exp_cam,-1243.25
L14,2023-11-30,exp_property_tax,-1527.39
L14,2023-11-30,exp_marketing,-2141.21
L14,2023-11-30,exp_pos_software,-770.47
L14,2023-11-30,exp_equipment_maintenance,-1191.14
L14,2023-11-30,exp_cleaning,-1071.34
L14,2023-11-30,exp_cc_fees,-2014.51
L14,2023-11-30,exp_office_supplies,-416.46
L14,2023-11-30,exp_waste_removal,-492.03
L14,2023-11-30,exp_corporate_overhead,-4137.01
L14,2023-11-30,exp_training,-692.86
L14,2023-11-30,exp_general_liability_ins,-683.17
L14,2023-11-30,exp_bank_fees,-251.47
L14,2023-11-30,exp_depreciation,-1999.76
L14,2023-11-30,exp_professional_fees,-711.62
L14,2023-12-31,rev_drip_coffee,22037.9
L14,2023-12-31,rev_espresso_drinks,32602.98
L14,2023-12-31,rev_cold_brew,16443.22
L14,2023-12-31,rev_specialty_seasonal,13884.0
L14,2023-12-31,rev_tea,6290.18
L14,2023-12-31,rev_pastries,13036.98
L14,2023-12-31,rev_sandwiches,10750.43
L14,2023-12-31,rev_breakfast,7300.51
L14,2023-12-31,rev_snacks,3673.38
L14,2023-12-31,rev_whole_bean,4870.46
L14,2023-12-31,rev_brew_equipment,2474.06
L14,2023-12-31,rev_merchandise,1192.89
L14,2023-12-31,rev_gift_cards,2793.51
L14,2023-12-31,rev_catering,3420.86
L14,2023-12-31,rev_wholesale,2798.52
L14,2023-12-31,exp_coffee_beans,-22513.24
L14,2023-12-31,exp_dairy,-11716.21
L14,2023-12-31,exp_syrups,-4437.26
L14,2023-12-31,exp_food_ingredients,-9717.95
L14,2023-12-31,exp_packaging,-4770.26
L14,2023-12-31,exp_retail_cogs,-3301.42
L14,2023-12-31,exp_barista_wages,-27091.88
L14,2023-12-31,exp_shift_lead_wages,-9341.87
L14,2023-12-31,exp_store_manager_salary,-10694.58
L14,2023-12-31,exp_payroll_taxes,-4404.5
L14,2023-12-31,exp_employee_benefits,-3437.29
L14,2023-12-31,exp_overtime,-2022.18
L14,2023-12-31,exp_rent,-10749.78
L14,2023-12-31,exp_utilities,-2213.61
L14,2023-12-31,exp_property_insurance,-888.32
L14,2023-12-31,exp_cam,-1177.14
L14,2023-12-31,exp_property_tax,-1509.22
L14,2023-12-31,exp_marketing,-2750.11
L14,2023-12-31,exp_pos_software,-852.56
L14,2023-12-31,exp_equipment_maintenance,-1538.28
L14,2023-12-31,exp_cleaning,-821.17
L14,2023-12-31,exp_cc_fees,-2382.94
L14,2023-12-31,exp_office_supplies,-412.67
L14,2023-12-31,exp_waste_removal,-612.84
L14,2023-12-31,exp_corporate_overhead,-3442.76
L14,2023-12-31,exp_training,-829.46
L14,2023-12-31,exp_general_liability_ins,-681.21
L14,2023-12-31,exp_bank_fees,-272.38
L14,2023-12-31,exp_depreciation,-1735.11
L14,2023-12-31,exp_professional_fees,-843.41
L14,2024-01-31,rev_drip_coffee,17341.22
L14,2024-01-31,rev_espresso_drinks,29006.62
L14,2024-01-31,rev_cold_brew,13466.56
L14,2024-01-31,rev_specialty_seasonal,9867.49
L14,2024-01-31,rev_tea,4252.44
L14,2024-01-31,rev_pastries,9523.75
L14,2024-01-31,rev_sandwiches,8065.8
L14,2024-01-31,rev_breakfast,5291.49
L14,2024-01-31,rev_snacks,3203.01
L14,2024-01-31,rev_whole_bean,4141.14
L14,2024-01-31,rev_brew_equipment,1933.77
L14,2024-01-31,rev_merchandise,1057.7
L14,2024-01-31,rev_gift_cards,2000.85
L14,2024-01-31,rev_catering,2575.14
L14,2024-01-31,rev_wholesale,2287.4
L14,2024-01-31,exp_coffee_beans,-15760.67
L14,2024-01-31,exp_dairy,-9537.68
L14,2024-01-31,exp_syrups,-3412.47
L14,2024-01-31,exp_food_ingredients,-7496.67
L14,2024-01-31,exp_packaging,-3387.03
L14,2024-01-31,exp_retail_cogs,-2357.11
L14,2024-01-31,exp_barista_wages,-24469.02
L14,2024-01-31,exp_shift_lead_wages,-8021.42
L14,2024-01-31,exp_store_manager_salary,-8697.56
L14,2024-01-31,exp_payroll_taxes,-3546.87
L14,2024-01-31,exp_employee_benefits,-3548.3
L14,2024-01-31,exp_overtime,-1855.1
L14,2024-01-31,exp_rent,-10578.91
L14,2024-01-31,exp_utilities,-2112.11
L14,2024-01-31,exp_property_insurance,-878.85
L14,2024-01-31,exp_cam,-1233.19
L14,2024-01-31,exp_property_tax,-1501.77
L14,2024-01-31,exp_marketing,-2267.55
L14,2024-01-31,exp_pos_software,-833.24
L14,2024-01-31,exp_equipment_maintenance,-1204.96
L14,2024-01-31,exp_cleaning,-1103.61
L14,2024-01-31,exp_cc_fees,-2429.79
L14,2024-01-31,exp_office_supplies,-435.46
L14,2024-01-31,exp_waste_removal,-489.42
L14,2024-01-31,exp_corporate_overhead,-3334.07
L14,2024-01-31,exp_training,-668.22
L14,2024-01-31,exp_general_liability_ins,-621.65
L14,2024-01-31,exp_bank_fees,-251.62
L14,2024-01-31,exp_depreciation,-1640.17
L14,2024-01-31,exp_professional_fees,-879.12
L14,2024-02-29,rev_drip_coffee,17300.72
L14,2024-02-29,rev_espresso_drinks,30716.28
L14,2024-02-29,rev_cold_brew,12516.01
L14,2024-02-29,rev_specialty_seasonal,9950.61
L14,2024-02-29,rev_tea,3635.98
L14,2024-02-29,rev_pastries,9560.94
L14,2024-02-29,rev_sandwiches,8145.28
L14,2024-02-29,rev_breakfast,5531.1
L14,2024-02-29,rev_snacks,2867.35
L14,2024-02-29,rev_whole_bean,3180.04
L14,2024-02-29,rev_brew_equipment,1567.66
L14,2024-02-29,rev_merchandise,1037.99
L14,2024-02-29,rev_gift_cards,2019.68
L14,2024-02-29,rev_catering,2456.31
L14,2024-02-29,rev_wholesale,2221.36
L14,2024-02-29,exp_coffee_beans,-14147.85
L14,2024-02-29,exp_dairy,-8901.42
L14,2024-02-29,exp_syrups,-3188.94
L14,2024-02-29,exp_food_ingredients,-7603.79
L14,2024-02-29,exp_packaging,-3503.09
L14,2024-02-29,exp_retail_cogs,-2370.91
L14,2024-02-29,exp_barista_wages,-25564.14
L14,2024-02-29,exp_shift_lead_wages,-7196.33
L14,2024-02-29,exp_store_manager_salary,-9012.52
L14,2024-02-29,exp_payroll_taxes,-3718.92
L14,2024-02-29,exp_employee_benefits,-3135.4
L14,2024-02-29,exp_overtime,-1696.28
L14,2024-02-29,exp_rent,-10610.78
L14,2024-02-29,exp_utilities,-2197.4
L14,2024-02-29,exp_property_insurance,-869.87
L14,2024-02-29,exp_cam,-1203.07
L14,2024-02-29,exp_property_tax,-1497.42
L14,2024-02-29,exp_marketing,-2232.24
L14,2024-02-29,exp_pos_software,-710.81
L14,2024-02-29,exp_equipment_maintenance,-1329.41
L14,2024-02-29,exp_cleaning,-935.96
L14,2024-02-29,exp_cc_fees,-2201.47
L14,2024-02-29,exp_office_supplies,-483.51
L14,2024-02-29,exp_waste_removal,-590.79
L14,2024-02-29,exp_corporate_overhead,-3191.72
L14,2024-02-29,exp_training,-623.95
L14,2024-02-29,exp_general_liability_ins,-607.36
L14,2024-02-29,exp_bank_fees,-300.45
L14,2024-02-29,exp_depreciation,-1849.61
L14,2024-02-29,exp_professional_fees,-817.5
L14,2024-03-31,rev_drip_coffee,17886.81
L14,2024-03-31,rev_espresso_drinks,29005.54
L14,2024-03-31,rev_cold_brew,12669.69
L14,2024-03-31,rev_specialty_seasonal,8651.6
L14,2024-03-31,rev_tea,4789.76
L14,2024-03-31,rev_pastries,9752.5
L14,2024-03-31,rev_sandwiches,9771.47
L14,2024-03-31,rev_breakfast,5456.02
L14,2024-03-31,rev_snacks,3092.02
L14,2024-03-31,rev_whole_bean,3365.68
L14,2024-03-31,rev_brew_equipment,1699.51
L14,2024-03-31,rev_merchandise,1097.68
L14,2024-03-31,rev_gift_cards,2052.18
L14,2024-03-31,rev_catering,2922.05
L14,2024-03-31,rev_wholesale,2398.52
L14,2024-03-31,exp_coffee_beans,-16600.5
L14,2024-03-31,exp_dairy,-9277.52
L14,2024-03-31,exp_syrups,-3496.91
L14,2024-03-31,exp_food_ingredients,-8341.66
L14,2024-03-31,exp_packaging,-3669.87
L14,2024-03-31,exp_retail_cogs,-2579.93
L14,2024-03-31,exp_barista_wages,-23391.28
L14,2024-03-31,exp_shift_lead_wages,-7604.14
L14,2024-03-31,exp_store_manager_salary,-8672.41
L14,2024-03-31,exp_payroll_taxes,-3597.5
L14,2024-03-31,exp_employee_benefits,-2958.9
L14,2024-03-31,exp_overtime,-1966.15
L14,2024-03-31,exp_rent,-10813.1
L14,2024-03-31,exp_utilities,-2231.83
L14,2024-03-31,exp_property_insurance,-882.55
L14,2024-03-31,exp_cam,-1192.37
L14,2024-03-31,exp_property_tax,-1473.78
L14,2024-03-31,exp_marketing,-2070.11
L14,2024-03-31,exp_pos_software,-709.81
L14,2024-03-31,exp_equipment_maintenance,-1316.84
L14,2024-03-31,exp_cleaning,-997.15
L14,2024-03-31,exp_cc_fees,-2666.97
L14,2024-03-31,exp_office_supplies,-455.74
L14,2024-03-31,exp_waste_removal,-478.93
L14,2024-03-31,exp_corporate_overhead,-3204.4
L14,2024-03-31,exp_training,-683.0
L14,2024-03-31,exp_general_liability_ins,-616.92
L14,2024-03-31,exp_bank_fees,-293.6
L14,2024-03-31,exp_depreciation,-1603.11
L14,2024-03-31,exp_professional_fees,-876.36
L14,2024-04-30,rev_drip_coffee,21135.94
L14,2024-04-30,rev_espresso_drinks,32398.63
L14,2024-04-30,rev_cold_brew,13914.39
L14,2024-04-30,rev_specialty_seasonal,9306.51
L14,2024-04-30,rev_tea,4543.2
L14,2024-04-30,rev_pastries,10272.99
L14,2024-04-30,rev_sandwiches,10590.28
L14,2024-04-30,rev_breakfast,5057.01
L14,2024-04-30,rev_snacks,3083.73
L14,2024-04-30,rev_whole_bean,4682.57
L14,2024-04-30,rev_brew_equipment,1906.85
L14,2024-04-30,rev_merchandise,1218.4
L14,2024-04-30,rev_gift_cards,2169.64
L14,2024-04-30,rev_catering,3076.52
L14,2024-04-30,rev_wholesale,2710.46
L14,2024-04-30,exp_coffee_beans,-18024.2
L14,2024-04-30,exp_dairy,-10117.92
L14,2024-04-30,exp_syrups,-3752.3
L14,2024-04-30,exp_food_ingredients,-8189.86
L14,2024-04-30,exp_packaging,-4101.42
L14,2024-04-30,exp_retail_cogs,-2664.49
L14,2024-04-30,exp_barista_wages,-27674.18
L14,2024-04-30,exp_shift_lead_wages,-7874.49
L14,2024-04-30,exp_store_manager_salary,-7682.33
L14,2024-04-30,exp_payroll_taxes,-4534.43
L14,2024-04-30,exp_employee_benefits,-3331.78
L14,2024-04-30,exp_overtime,-1858.13
L14,2024-04-30,exp_rent,-10415.11
L14,2024-04-30,exp_utilities,-2181.64
L14,2024-04-30,exp_property_insurance,-862.96
L14,2024-04-30,exp_cam,-1202.44
L14,2024-04-30,exp_property_tax,-1470.37
L14,2024-04-30,exp_marketing,-2361.86
L14,2024-04-30,exp_pos_software,-794.84
L14,2024-04-30,exp_equipment_maintenance,-1393.57
L14,2024-04-30,exp_cleaning,-971.8
L14,2024-04-30,exp_cc_fees,-2317.87
L14,2024-04-30,exp_office_supplies,-487.62
L14,2024-04-30,exp_waste_removal,-549.02
L14,2024-04-30,exp_corporate_overhead,-2912.96
L14,2024-04-30,exp_training,-829.73
L14,2024-04-30,exp_general_liability_ins,-708.97
L14,2024-04-30,exp_bank_fees,-329.62
L14,2024-04-30,exp_depreciation,-2013.49
L14,2024-04-30,exp_professional_fees,-825.23
L14,2024-05-31,rev_drip_coffee,17131.13
L14,2024-05-31,rev_espresso_drinks,27545.05
L14,2024-05-31,rev_cold_brew,14982.08
L14,2024-05-31,rev_specialty_seasonal,8945.77
L14,2024-05-31,rev_tea,4779.88
L14,2024-05-31,rev_pastries,8848.55
L14,2024-05-31,rev_sandwiches,10026.94
L14,2024-05-31,rev_breakfast,5448.14
L14,2024-05-31,rev_snacks,3151.93
L14,2024-05-31,rev_whole_bean,4816.28
L14,2024-05-31,rev_brew_equipment,1868.91
L14,2024-05-31,rev_merchandise,1211.44
L14,2024-05-31,rev_gift_cards,2362.09
L14,2024-05-31,rev_catering,3423.71
L14,2024-05-31,rev_wholesale,2534.11
L14,2024-05-31,exp_coffee_beans,-19416.53
L14,2024-05-31,exp_dairy,-9938.9
L14,2024-05-31,exp_syrups,-3464.26
L14,2024-05-31,exp_food_ingredients,-7804.14
L14,2024-05-31,exp_packaging,-3788.01
L14,2024-05-31,exp_retail_cogs,-2999.0
L14,2024-05-31,exp_barista_wages,-24216.54
L14,2024-05-31,exp_shift_lead_wages,-7303.2
L14,2024-05-31,exp_store_manager_salary,-9658.85
L14,2024-05-31,exp_payroll_taxes,-4442.64
L14,2024-05-31,exp_employee_benefits,-3634.84
L14,2024-05-31,exp_overtime,-2056.47
L14,2024-05-31,exp_rent,-10349.24
L14,2024-05-31,exp_utilities,-2174.57
L14,2024-05-31,exp_property_insurance,-887.3
L14,2024-05-31,exp_cam,-1204.93
L14,2024-05-31,exp_property_tax,-1491.71
L14,2024-05-31,exp_marketing,-2128.45
L14,2024-05-31,exp_pos_software,-785.43
L14,2024-05-31,exp_equipment_maintenance,-1331.8
L14,2024-05-31,exp_cleaning,-1088.79
L14,2024-05-31,exp_cc_fees,-2487.01
L14,2024-05-31,exp_office_supplies,-489.93
L14,2024-05-31,exp_waste_removal,-558.59
L14,2024-05-31,exp_corporate_overhead,-3219.54
L14,2024-05-31,exp_training,-601.11
L14,2024-05-31,exp_general_liability_ins,-594.58
L14,2024-05-31,exp_bank_fees,-261.06
L14,2024-05-31,exp_depreciation,-1929.6
L14,2024-05-31,exp_professional_fees,-946.8
L14,2024-06-30,rev_drip_coffee,23825.27
L14,2024-06-30,rev_espresso_drinks,35668.46
L14,2024-06-30,rev_cold_brew,20647.5
L14,2024-06-30,rev_specialty_seasonal,8863.96
L14,2024-06-30,rev_tea,5254.66
L14,2024-06-30,rev_pastries,11109.0
L14,2024-06-30,rev_sandwiches,11270.12
L14,2024-06-30,rev_breakfast,6179.16
L14,2024-06-30,rev_snacks,3540.75
L14,2024-06-30,rev_whole_bean,5077.15
L14,2024-06-30,rev_brew_equipment,2043.57
L14,2024-06-30,rev_merchandise,1504.22
L14,2024-06-30,rev_gift_cards,2215.05
L14,2024-06-30,rev_catering,3497.43
L14,2024-06-30,rev_wholesale,2772.73
L14,2024-06-30,exp_coffee_beans,-20093.63
L14,2024-06-30,exp_dairy,-10547.3
L14,2024-06-30,exp_syrups,-3679.92
L14,2024-06-30,exp_food_ingredients,-9356.73
L14,2024-06-30,exp_packaging,-4318.3
L14,2024-06-30,exp_retail_cogs,-3131.71
L14,2024-06-30,exp_barista_wages,-25602.55
L14,2024-06-30,exp_shift_lead_wages,-8720.08
L14,2024-06-30,exp_store_manager_salary,-9961.46
L14,2024-06-30,exp_payroll_taxes,-4450.07
L14,2024-06-30,exp_employee_benefits,-3294.48
L14,2024-06-30,exp_overtime,-2085.57
L14,2024-06-30,exp_rent,-10333.61
L14,2024-06-30,exp_utilities,-2134.15
L14,2024-06-30,exp_property_insurance,-854.58
L14,2024-06-30,exp_cam,-1212.67
L14,2024-06-30,exp_property_tax,-1518.46
L14,2024-06-30,exp_marketing,-2488.11
L14,2024-06-30,exp_pos_software,-800.99
L14,2024-06-30,exp_equipment_maintenance,-1298.08
L14,2024-06-30,exp_cleaning,-955.95
L14,2024-06-30,exp_cc_fees,-2244.95
L14,2024-06-30,exp_office_supplies,-467.71
L14,2024-06-30,exp_waste_removal,-496.54
L14,2024-06-30,exp_corporate_overhead,-3278.51
L14,2024-06-30,exp_training,-579.49
L14,2024-06-30,exp_general_liability_ins,-686.14
L14,2024-06-30,exp_bank_fees,-252.54
L14,2024-06-30,exp_depreciation,-2039.6
L14,2024-06-30,exp_professional_fees,-653.53
L14,2024-07-31,rev_drip_coffee,26196.76
L14,2024-07-31,rev_espresso_drinks,29070.63
L14,2024-07-31,rev_cold_brew,19055.26
L14,2024-07-31,rev_specialty_seasonal,10114.48
L14,2024-07-31,rev_tea,5685.18
L14,2024-07-31,rev_pastries,11834.19
L14,2024-07-31,rev_sandwiches,11778.45
L14,2024-07-31,rev_breakfast,6116.06
L14,2024-07-31,rev_snacks,3547.3
L14,2024-07-31,rev_whole_bean,4819.72
L14,2024-07-31,rev_brew_equipment,2134.48
L14,2024-07-31,rev_merchandise,1212.05
L14,2024-07-31,rev_gift_cards,2544.17
L14,2024-07-31,rev_catering,3472.9
L14,2024-07-31,rev_wholesale,3115.22
L14,2024-07-31,exp_coffee_beans,-18538.4
L14,2024-07-31,exp_dairy,-11257.16
L14,2024-07-31,exp_syrups,-4337.88
L14,2024-07-31,exp_food_ingredients,-9395.88
L14,2024-07-31,exp_packaging,-4646.59
L14,2024-07-31,exp_retail_cogs,-3303.5
L14,2024-07-31,exp_barista_wages,-27800.56
L14,2024-07-31,exp_shift_lead_wages,-9308.01
L14,2024-07-31,exp_store_manager_salary,-9986.95
L14,2024-07-31,exp_payroll_taxes,-4182.28
L14,2024-07-31,exp_employee_benefits,-3734.05
L14,2024-07-31,exp_overtime,-1985.12
L14,2024-07-31,exp_rent,-10519.64
L14,2024-07-31,exp_utilities,-2178.64
L14,2024-07-31,exp_property_insurance,-864.14
L14,2024-07-31,exp_cam,-1204.06
L14,2024-07-31,exp_property_tax,-1500.96
L14,2024-07-31,exp_marketing,-2299.48
L14,2024-07-31,exp_pos_software,-919.59
L14,2024-07-31,exp_equipment_maintenance,-1157.43
L14,2024-07-31,exp_cleaning,-852.53
L14,2024-07-31,exp_cc_fees,-2655.3
L14,2024-07-31,exp_office_supplies,-389.24
L14,2024-07-31,exp_waste_removal,-552.69
L14,2024-07-31,exp_corporate_overhead,-3844.56
L14,2024-07-31,exp_training,-700.85
L14,2024-07-31,exp_general_liability_ins,-736.17
L14,2024-07-31,exp_bank_fees,-302.37
L14,2024-07-31,exp_depreciation,-1823.41
L14,2024-07-31,exp_professional_fees,-853.75
L14,2024-08-31,rev_drip_coffee,18351.13
L14,2024-08-31,rev_espresso_drinks,31186.54
L14,2024-08-31,rev_cold_brew,20536.8
L14,2024-08-31,rev_specialty_seasonal,9623.78
L14,2024-08-31,rev_tea,6203.68
L14,2024-08-31,rev_pastries,11842.57
L14,2024-08-31,rev_sandwiches,11045.56
L14,2024-08-31,rev_breakfast,6830.64
L14,2024-08-31,rev_snacks,3656.71
L14,2024-08-31,rev_whole_bean,4691.81
L14,2024-08-31,rev_brew_equipment,2119.71
L14,2024-08-31,rev_merchandise,1333.1
L14,2024-08-31,rev_gift_cards,2525.02
L14,2024-08-31,rev_catering,3307.07
L14,2024-08-31,rev_wholesale,2880.31
L14,2024-08-31,exp_coffee_beans,-17994.72
L14,2024-08-31,exp_dairy,-11205.01
L14,2024-08-31,exp_syrups,-4217.49
L14,2024-08-31,exp_food_ingredients,-8757.99
L14,2024-08-31,exp_packaging,-4724.36
L14,2024-08-31,exp_retail_cogs,-3115.1
L14,2024-08-31,exp_barista_wages,-26302.04
L14,2024-08-31,exp_shift_lead_wages,-8241.98
L14,2024-08-31,exp_store_manager_salary,-9507.0
L14,2024-08-31,exp_payroll_taxes,-3826.83
L14,2024-08-31,exp_employee_benefits,-3692.98
L14,2024-08-31,exp_overtime,-2268.13
L14,2024-08-31,exp_rent,-10644.13
L14,2024-08-31,exp_utilities,-2186.04
L14,2024-08-31,exp_property_insurance,-875.36
L14,2024-08-31,exp_cam,-1244.65
L14,2024-08-31,exp_property_tax,-1485.64
L14,2024-08-31,exp_marketing,-2497.97
L14,2024-08-31,exp_pos_software,-706.85
L14,2024-08-31,exp_equipment_maintenance,-1216.09
L14,2024-08-31,exp_cleaning,-980.91
L14,2024-08-31,exp_cc_fees,-2432.54
L14,2024-08-31,exp_office_supplies,-502.53
L14,2024-08-31,exp_waste_removal,-466.66
L14,2024-08-31,exp_corporate_overhead,-2764.56
L14,2024-08-31,exp_training,-743.91
L14,2024-08-31,exp_general_liability_ins,-600.34
L14,2024-08-31,exp_bank_fees,-309.24
L14,2024-08-31,exp_depreciation,-1527.26
L14,2024-08-31,exp_professional_fees,-856.54
L14,2024-09-30,rev_drip_coffee,20434.47
L14,2024-09-30,rev_espresso_drinks,30816.69
L14,2024-09-30,rev_cold_brew,12706.38
L14,2024-09-30,rev_specialty_seasonal,7382.95
L14,2024-09-30,rev_tea,4870.52
L14,2024-09-30,rev_pastries,11192.2
L14,2024-09-30,rev_sandwiches,10536.56
L14,2024-09-30,rev_breakfast,5627.7
L14,2024-09-30,rev_snacks,3451.92
L14,2024-09-30,rev_whole_bean,4550.99
L14,2024-09-30,rev_brew_equipment,2187.7
L14,2024-09-30,rev_merchandise,1266.19
L14,2024-09-30,rev_gift_cards,1948.12
L14,2024-09-30,rev_catering,3092.09
L14,2024-09-30,rev_wholesale,2561.66
L14,2024-09-30,exp_coffee_beans,-18027.93
L14,2024-09-30,exp_dairy,-9523.94
L14,2024-09-30,exp_syrups,-3572.51
L14,2024-09-30,exp_food_ingredients,-8569.79
L14,2024-09-30,exp_packaging,-3990.27
L14,2024-09-30,exp_retail_cogs,-2821.3
L14,2024-09-30,exp_barista_wages,-28223.19
L14,2024-09-30,exp_shift_lead_wages,-7350.13
L14,2024-09-30,exp_store_manager_salary,-9984.9
L14,2024-09-30,exp_payroll_taxes,-4423.0
L14,2024-09-30,exp_employee_benefits,-3320.69
L14,2024-09-30,exp_overtime,-1919.73
L14,2024-09-30,exp_rent,-10535.14
L14,2024-09-30,exp_utilities,-2170.5
L14,2024-09-30,exp_property_insurance,-868.12
L14,2024-09-30,exp_cam,-1206.06
L14,2024-09-30,exp_property_tax,-1476.25
L14,2024-09-30,exp_marketing,-2354.3
L14,2024-09-30,exp_pos_software,-811.98
L14,2024-09-30,exp_equipment_maintenance,-996.33
L14,2024-09-30,exp_cleaning,-955.39
L14,2024-09-30,exp_cc_fees,-2112.58
L14,2024-09-30,exp_office_supplies,-373.77
L14,2024-09-30,exp_waste_removal,-534.78
L14,2024-09-30,exp_corporate_overhead,-3120.37
L14,2024-09-30,exp_training,-792.49
L14,2024-09-30,exp_general_liability_ins,-613.8
L14,2024-09-30,exp_bank_fees,-302.8
L14,2024-09-30,exp_depreciation,-2077.04
L14,2024-09-30,exp_professional_fees,-810.72
L14,2024-10-31,rev_drip_coffee,20012.48
L14,2024-10-31,rev_espresso_drinks,33117.73
L14,2024-10-31,rev_cold_brew,13825.98
L14,2024-10-31,rev_specialty_seasonal,8846.53
L14,2024-10-31,rev_tea,4557.01
L14,2024-10-31,rev_pastries,11108.04
L14,2024-10-31,rev_sandwiches,9529.19
L14,2024-10-31,rev_breakfast,4847.74
L14,2024-10-31,rev_snacks,3095.95
L14,2024-10-31,rev_whole_bean,3888.32
L14,2024-10-31,rev_brew_equipment,1957.03
L14,2024-10-31,rev_merchandise,1155.44
L14,2024-10-31,rev_gift_cards,2301.49
L14,2024-10-31,rev_catering,3058.87
L14,2024-10-31,rev_wholesale,2244.8
L14,2024-10-31,exp_coffee_beans,-16803.79
L14,2024-10-31,exp_dairy,-10425.89
L14,2024-10-31,exp_syrups,-3762.2
L14,2024-10-31,exp_food_ingredients,-7688.92
L14,2024-10-31,exp_packaging,-3716.71
L14,2024-10-31,exp_retail_cogs,-3082.93
L14,2024-10-31,exp_barista_wages,-25045.4
L14,2024-10-31,exp_shift_lead_wages,-7814.45
L14,2024-10-31,exp_store_manager_salary,-8791.16
L14,2024-10-31,exp_payroll_taxes,-4177.06
L14,2024-10-31,exp_employee_benefits,-3673.53
L14,2024-10-31,exp_overtime,-1932.35
L14,2024-10-31,exp_rent,-10767.38
L14,2024-10-31,exp_utilities,-2163.88
L14,2024-10-31,exp_property_insurance,-860.54
L14,2024-10-31,exp_cam,-1199.86
L14,2024-10-31,exp_property_tax,-1453.57
L14,2024-10-31,exp_marketing,-2485.95
L14,2024-10-31,exp_pos_software,-940.58
L14,2024-10-31,exp_equipment_maintenance,-1304.74
L14,2024-10-31,exp_cleaning,-917.03
L14,2024-10-31,exp_cc_fees,-2054.11
L14,2024-10-31,exp_office_supplies,-475.89
L14,2024-10-31,exp_waste_removal,-485.56
L14,2024-10-31,exp_corporate_overhead,-2876.05
L14,2024-10-31,exp_training,-766.12
L14,2024-10-31,exp_general_liability_ins,-630.77
L14,2024-10-31,exp_bank_fees,-275.4
L14,2024-10-31,exp_depreciation,-1793.87
L14,2024-10-31,exp_professional_fees,-927.84
L14,2024-11-30,rev_drip_coffee,21983.18
L14,2024-11-30,rev_espresso_drinks,29553.77
L14,2024-11-30,rev_cold_brew,13833.98
L14,2024-11-30,rev_specialty_seasonal,13241.51
L14,2024-11-30,rev_tea,5210.32
L14,2024-11-30,rev_pastries,11339.35
L14,2024-11-30,rev_sandwiches,10221.44
L14,2024-11-30,rev_breakfast,6157.42
L14,2024-11-30,rev_snacks,3431.45
L14,2024-11-30,rev_whole_bean,4348.86
L14,2024-11-30,rev_brew_equipment,2280.3
L14,2024-11-30,rev_merchandise,1294.68
L14,2024-11-30,rev_gift_cards,2418.78
L14,2024-11-30,rev_catering,2749.22
L14,2024-11-30,rev_wholesale,2646.92
L14,2024-11-30,exp_coffee_beans,-17583.35
L14,2024-11-30,exp_dairy,-10386.5
L14,2024-11-30,exp_syrups,-4307.98
L14,2024-11-30,exp_food_ingredients,-8804.93
L14,2024-11-30,exp_packaging,-4507.44
L14,2024-11-30,exp_retail_cogs,-3163.37
L14,2024-11-30,exp_barista_wages,-27666.48
L14,2024-11-30,exp_shift_lead_wages,-8005.35
L14,2024-11-30,exp_store_manager_salary,-10514.62
L14,2024-11-30,exp_payroll_taxes,-4517.49
L14,2024-11-30,exp_employee_benefits,-3480.95
L14,2024-11-30,exp_overtime,-2015.54
L14,2024-11-30,exp_rent,-10513.99
L14,2024-11-30,exp_utilities,-2164.89
L14,2024-11-30,exp_property_insurance,-877.8
L14,2024-11-30,exp_cam,-1225.76
L14,2024-11-30,exp_property_tax,-1538.55
L14,2024-11-30,exp_marketing,-2139.74
L14,2024-11-30,exp_pos_software,-933.75
L14,2024-11-30,exp_equipment_maintenance,-1236.78
L14,2024-11-30,exp_cleaning,-1066.28
L14,2024-11-30,exp_cc_fees,-2155.85
L14,2024-11-30,exp_office_supplies,-478.53
L14,2024-11-30,exp_waste_removal,-545.37
L14,2024-11-30,exp_corporate_overhead,-2682.55
L14,2024-11-30,exp_training,-825.08
L14,2024-11-30,exp_general_liability_ins,-587.62
L14,2024-11-30,exp_bank_fees,-286.23
L14,2024-11-30,exp_depreciation,-1632.68
L14,2024-11-30,exp_professional_fees,-749.39
L14,2024-12-31,rev_drip_coffee,24106.53
L14,2024-12-31,rev_espresso_drinks,33809.53
L14,2024-12-31,rev_cold_brew,15015.42
L14,2024-12-31,rev_specialty_seasonal,15152.11
L14,2024-12-31,rev_tea,5065.49
L14,2024-12-31,rev_pastries,12974.7
L14,2024-12-31,rev_sandwiches,11543.8
L14,2024-12-31,rev_breakfast,5554.82
L14,2024-12-31,rev_snacks,3724.84
L14,2024-12-31,rev_whole_bean,5436.06
L14,2024-12-31,rev_brew_equipment,2164.99
L14,2024-12-31,rev_merchandise,1583.49
L14,2024-12-31,rev_gift_cards,2797.98
L14,2024-12-31,rev_catering,3415.76
L14,2024-12-31,rev_wholesale,3039.43
L14,2024-12-31,exp_coffee_beans,-21885.23
L14,2024-12-31,exp_dairy,-11796.18
L14,2024-12-31,exp_syrups,-4296.06
L14,2024-12-31,exp_food_ingredients,-10388.73
L14,2024-12-31,exp_packaging,-4591.91
L14,2024-12-31,exp_retail_cogs,-3505.56
L14,2024-12-31,exp_barista_wages,-26176.89
L14,2024-12-31,exp_shift_lead_wages,-8596.37
L14,2024-12-31,exp_store_manager_salary,-10549.92
L14,2024-12-31,exp_payroll_taxes,-3941.33
L14,2024-12-31,exp_employee_benefits,-3600.82
L14,2024-12-31,exp_overtime,-2180.52
L14,2024-12-31,exp_rent,-10590.45
L14,2024-12-31,exp_utilities,-2140.04
L14,2024-12-31,exp_property_insurance,-859.16
L14,2024-12-31,exp_cam,-1231.77
L14,2024-12-31,exp_property_tax,-1477.22
L14,2024-12-31,exp_marketing,-2565.64
L14,2024-12-31,exp_pos_software,-869.88
L14,2024-12-31,exp_equipment_maintenance,-1226.61
L14,2024-12-31,exp_cleaning,-1047.63
L14,2024-12-31,exp_cc_fees,-2097.68
L14,2024-12-31,exp_office_supplies,-514.27
L14,2024-12-31,exp_waste_removal,-627.4
L14,2024-12-31,exp_corporate_overhead,-3584.6
L14,2024-12-31,exp_training,-690.16
L14,2024-12-31,exp_general_liability_ins,-814.04
L14,2024-12-31,exp_bank_fees,-288.16
L14,2024-12-31,exp_depreciation,-1868.71
L14,2024-12-31,exp_professional_fees,-863.14
L14,2025-01-31,rev_drip_coffee,16846.96
L14,2025-01-31,rev_espresso_drinks,29602.44
L14,2025-01-31,rev_cold_brew,11944.37
L14,2025-01-31,rev_specialty_seasonal,12327.75
L14,2025-01-31,rev_tea,4745.69
L14,2025-01-31,rev_pastries,10176.05
L14,2025-01-31,rev_sandwiches,8325.51
L14,2025-01-31,rev_breakfast,5094.05
L14,2025-01-31,rev_snacks,2308.62
L14,2025-01-31,rev_whole_bean,3922.75
L14,2025-01-31,rev_brew_equipment,1903.06
L14,2025-01-31,rev_merchandise,1127.73
L14,2025-01-31,rev_gift_cards,1947.21
L14,2025-01-31,rev_catering,2743.13
L14,2025-01-31,rev_wholesale,2522.69
L14,2025-01-31,exp_coffee_beans,-15840.26
L14,2025-01-31,exp_dairy,-10188.94
L14,2025-01-31,exp_syrups,-3186.67
L14,2025-01-31,exp_food_ingredients,-7504.41
L14,2025-01-31,exp_packaging,-3547.0
L14,2025-01-31,exp_retail_cogs,-2858.3
L14,2025-01-31,exp_barista_wages,-24279.92
L14,2025-01-31,exp_shift_lead_wages,-8400.72
L14,2025-01-31,exp_store_manager_salary,-8595.53
L14,2025-01-31,exp_payroll_taxes,-4315.1
L14,2025-01-31,exp_employee_benefits,-3215.26
L14,2025-01-31,exp_overtime,-1915.96
L14,2025-01-31,exp_rent,-10285.64
L14,2025-01-31,exp_utilities,-2177.7
L14,2025-01-31,exp_property_insurance,-859.78
L14,2025-01-31,exp_cam,-1222.73
L14,2025-01-31,exp_property_tax,-1441.66
L14,2025-01-31,exp_marketing,-2410.07
L14,2025-01-31,exp_pos_software,-929.83
L14,2025-01-31,exp_equipment_maintenance,-1354.37
L14,2025-01-31,exp_cleaning,-829.4
L14,2025-01-31,exp_cc_fees,-1806.83
L14,2025-01-31,exp_office_supplies,-482.4
L14,2025-01-31,exp_waste_removal,-641.8
L14,2025-01-31,exp_corporate_overhead,-2931.25
L14,2025-01-31,exp_training,-850.27
L14,2025-01-31,exp_general_liability_ins,-648.37
L14,2025-01-31,exp_bank_fees,-228.25
L14,2025-01-31,exp_depreciation,-1539.9
L14,2025-01-31,exp_professional_fees,-931.66
L14,2025-02-28,rev_drip_coffee,18297.04
L14,2025-02-28,rev_espresso_drinks,29337.28
L14,2025-02-28,rev_cold_brew,11066.26
L14,2025-02-28,rev_specialty_seasonal,11334.22
L14,2025-02-28,rev_tea,4248.62
L14,2025-02-28,rev_pastries,9383.19
L14,2025-02-28,rev_sandwiches,8353.77
L14,2025-02-28,rev_breakfast,4971.99
L14,2025-02-28,rev_snacks,2912.65
L14,2025-02-28,rev_whole_bean,3965.37
L14,2025-02-28,rev_brew_equipment,1783.82
L14,2025-02-28,rev_merchandise,1232.47
L14,2025-02-28,rev_gift_cards,1806.23
L14,2025-02-28,rev_catering,2349.4
L14,2025-02-28,rev_wholesale,2430.95
L14,2025-02-28,exp_coffee_beans,-14797.8
L14,2025-02-28,exp_dairy,-8942.75
L14,2025-02-28,exp_syrups,-3109.22
L14,2025-02-28,exp_food_ingredients,-7028.88
L14,2025-02-28,exp_packaging,-3286.52
L14,2025-02-28,exp_retail_cogs,-2460.04
L14,2025-02-28,exp_barista_wages,-24673.37
L14,2025-02-28,exp_shift_lead_wages,-7363.19
L14,2025-02-28,exp_store_manager_salary,-8981.56
L14,2025-02-28,exp_payroll_taxes,-3791.6
L14,2025-02-28,exp_employee_benefits,-3327.38
L14,2025-02-28,exp_overtime,-1748.64
L14,2025-02-28,exp_rent,-10098.22
L14,2025-02-28,exp_utilities,-2176.33
L14,2025-02-28,exp_property_insurance,-892.05
L14,2025-02-28,exp_cam,-1202.87
L14,2025-02-28,exp_property_tax,-1522.47
L14,2025-02-28,exp_marketing,-2225.99
L14,2025-02-28,exp_pos_software,-894.23
L14,2025-02-28,exp_equipment_maintenance,-1508.1
L14,2025-02-28,exp_cleaning,-949.63
L14,2025-02-28,exp_cc_fees,-2179.7
L14,2025-02-28,exp_office_supplies,-454.7
L14,2025-02-28,exp_waste_removal,-644.41
L14,2025-02-28,exp_corporate_overhead,-3374.61
L14,2025-02-28,exp_training,-853.56
L14,2025-02-28,exp_general_liability_ins,-666.91
L14,2025-02-28,exp_bank_fees,-265.29
L14,2025-02-28,exp_depreciation,-1718.25
L14,2025-02-28,exp_professional_fees,-870.38
L14,2025-03-31,rev_drip_coffee,16357.24
L14,2025-03-31,rev_espresso_drinks,27237.68
L14,2025-03-31,rev_cold_brew,12734.37
L14,2025-03-31,rev_specialty_seasonal,8519.6
L14,2025-03-31,rev_tea,5296.22
L14,2025-03-31,rev_pastries,10291.75
L14,2025-03-31,rev_sandwiches,7872.11
L14,2025-03-31,rev_breakfast,5123.73
L14,2025-03-31,rev_snacks,3166.08
L14,2025-03-31,rev_whole_bean,4210.72
L14,2025-03-31,rev_brew_equipment,2132.87
L14,2025-03-31,rev_merchandise,1306.64
L14,2025-03-31,rev_gift_cards,2317.74
L14,2025-03-31,rev_catering,2914.66
L14,2025-03-31,rev_wholesale,2640.27
L14,2025-03-31,exp_coffee_beans,-16014.8
L14,2025-03-31,exp_dairy,-10317.26
L14,2025-03-31,exp_syrups,-3413.62
L14,2025-03-31,exp_food_ingredients,-7268.87
L14,2025-03-31,exp_packaging,-3940.5
L14,2025-03-31,exp_retail_cogs,-2924.58
L14,2025-03-31,exp_barista_wages,-24100.22
L14,2025-03-31,exp_shift_lead_wages,-8379.36
L14,2025-03-31,exp_store_manager_salary,-8167.17
L14,2025-03-31,exp_payroll_taxes,-3773.13
L14,2025-03-31,exp_employee_benefits,-3254.39
L14,2025-03-31,exp_overtime,-1834.43
L14,2025-03-31,exp_rent,-10402.16
L14,2025-03-31,exp_utilities,-2168.41
L14,2025-03-31,exp_property_insurance,-869.28
L14,2025-03-31,exp_cam,-1207.75
L14,2025-03-31,exp_property_tax,-1495.09
L14,2025-03-31,exp_marketing,-2270.55
L14,2025-03-31,exp_pos_software,-829.13
L14,2025-03-31,exp_equipment_maintenance,-1201.17
L14,2025-03-31,exp_cleaning,-832.08
L14,2025-03-31,exp_cc_fees,-2400.53
L14,2025-03-31,exp_office_supplies,-538.04
L14,2025-03-31,exp_waste_removal,-613.17
L14,2025-03-31,exp_corporate_overhead,-3351.55
L14,2025-03-31,exp_training,-657.76
L14,2025-03-31,exp_general_liability_ins,-630.17
L14,2025-03-31,exp_bank_fees,-313.85
L14,2025-03-31,exp_depreciation,-1408.41
L14,2025-03-31,exp_professional_fees,-833.63
L14,2025-04-30,rev_drip_coffee,21787.36
L14,2025-04-30,rev_espresso_drinks,27089.75
L14,2025-04-30,rev_cold_brew,14379.51
L14,2025-04-30,rev_specialty_seasonal,9064.58
L14,2025-04-30,rev_tea,4263.95
L14,2025-04-30,rev_pastries,10861.17
L14,2025-04-30,rev_sandwiches,9308.95
L14,2025-04-30,rev_breakfast,6012.53
L14,2025-04-30,rev_snacks,3439.13
L14,2025-04-30,rev_whole_bean,4540.02
L14,2025-04-30,rev_brew_equipment,1998.46
L14,2025-04-30,rev_merchandise,1306.82
L14,2025-04-30,rev_gift_cards,2057.12
L14,2025-04-30,rev_catering,3114.62
L14,2025-04-30,rev_wholesale,2391.83
L14,2025-04-30,exp_coffee_beans,-18558.51
L14,2025-04-30,exp_dairy,-10712.64
L14,2025-04-30,exp_syrups,-3768.74
L14,2025-04-30,exp_food_ingredients,-8955.34
L14,2025-04-30,exp_packaging,-3961.94
L14,2025-04-30,exp_retail_cogs,-2798.45
L14,2025-04-30,exp_barista_wages,-24846.26
L14,2025-04-30,exp_shift_lead_wages,-7115.69
L14,2025-04-30,exp_store_manager_salary,-8466.63
L14,2025-04-30,exp_payroll_taxes,-4332.92
L14,2025-04-30,exp_employee_benefits,-3091.51
L14,2025-04-30,exp_overtime,-1803.62
L14,2025-04-30,exp_rent,-10521.38
L14,2025-04-30,exp_utilities,-2144.8
L14,2025-04-30,exp_property_insurance,-894.13
L14,2025-04-30,exp_cam,-1217.95
L14,2025-04-30,exp_property_tax,-1463.07
L14,2025-04-30,exp_marketing,-2669.35
L14,2025-04-30,exp_pos_software,-899.09
L14,2025-04-30,exp_equipment_maintenance,-1102.88
L14,2025-04-30,exp_cleaning,-970.02
L14,2025-04-30,exp_cc_fees,-2070.74
L14,2025-04-30,exp_office_supplies,-425.49
L14,2025-04-30,exp_waste_removal,-657.78
L14,2025-04-30,exp_corporate_overhead,-3284.26
L14,2025-04-30,exp_training,-687.57
L14,2025-04-30,exp_general_liability_ins,-654.3
L14,2025-04-30,exp_bank_fees,-308.66
L14,2025-04-30,exp_depreciation,-1696.7
L14,2025-04-30,exp_professional_fees,-819.13
L14,2025-05-31,rev_drip_coffee,22742.86
L14,2025-05-31,rev_espresso_drinks,27497.64
L14,2025-05-31,rev_cold_brew,15761.37
L14,2025-05-31,rev_specialty_seasonal,8052.72
L14,2025-05-31,rev_tea,4967.02
L14,2025-05-31,rev_pastries,9876.83
L14,2025-05-31,rev_sandwiches,9413.44
L14,2025-05-31,rev_breakfast,6744.05
L14,2025-05-31,rev_snacks,3713.82
L14,2025-05-31,rev_whole_bean,5045.07
L14,2025-05-31,rev_brew_equipment,1844.43
L14,2025-05-31,rev_merchandise,1228.4
L14,2025-05-31,rev_gift_cards,2449.13
L14,2025-05-31,rev_catering,3466.02
L14,2025-05-31,rev_wholesale,2510.77
L14,2025-05-31,exp_coffee_beans,-17994.28
L14,2025-05-31,exp_dairy,-10261.43
L14,2025-05-31,exp_syrups,-4144.29
L14,2025-05-31,exp_food_ingredients,-8455.39
L14,2025-05-31,exp_packaging,-4236.45
L14,2025-05-31,exp_retail_cogs,-3033.94
L14,2025-05-31,exp_barista_wages,-27795.98
L14,2025-05-31,exp_shift_lead_wages,-7622.02
L14,2025-05-31,exp_store_manager_salary,-10239.55
L14,2025-05-31,exp_payroll_taxes,-3960.37
L14,2025-05-31,exp_employee_benefits,-3706.9
L14,2025-05-31,exp_overtime,-1776.0
L14,2025-05-31,exp_rent,-10520.78
L14,2025-05-31,exp_utilities,-2232.94
L14,2025-05-31,exp_property_insurance,-890.82
L14,2025-05-31,exp_cam,-1226.73
L14,2025-05-31,exp_property_tax,-1455.63
L14,2025-05-31,exp_marketing,-2254.19
L14,2025-05-31,exp_pos_software,-950.68
L14,2025-05-31,exp_equipment_maintenance,-1344.71
L14,2025-05-31,exp_cleaning,-1030.38
L14,2025-05-31,exp_cc_fees,-2246.67
L14,2025-05-31,exp_office_supplies,-446.61
L14,2025-05-31,exp_waste_removal,-596.66
L14,2025-05-31,exp_corporate_overhead,-3328.08
L14,2025-05-31,exp_training,-690.91
L14,2025-05-31,exp_general_liability_ins,-557.05
L14,2025-05-31,exp_bank_fees,-310.92
L14,2025-05-31,exp_depreciation,-1905.01
L14,2025-05-31,exp_professional_fees,-812.61
L14,2025-06-30,rev_drip_coffee,25222.61
L14,2025-06-30,rev_espresso_drinks,34031.29
L14,2025-06-30,rev_cold_brew,21472.66
L14,2025-06-30,rev_specialty_seasonal,10551.98
L14,2025-06-30,rev_tea,5693.53
L14,2025-06-30,rev_pastries,12364.27
L14,2025-06-30,rev_sandwiches,10802.31
L14,2025-06-30,rev_breakfast,7551.31
L14,2025-06-30,rev_snacks,3441.31
L14,2025-06-30,rev_whole_bean,5221.62
L14,2025-06-30,rev_brew_equipment,2210.42
L14,2025-06-30,rev_merchandise,1482.62
L14,2025-06-30,rev_gift_cards,2794.21
L14,2025-06-30,rev_catering,3409.81
L14,2025-06-30,rev_wholesale,2998.92
L14,2025-06-30,exp_coffee_beans,-20028.5
L14,2025-06-30,exp_dairy,-11229.8
L14,2025-06-30,exp_syrups,-4338.91
L14,2025-06-30,exp_food_ingredients,-9567.0
L14,2025-06-30,exp_packaging,-4413.79
L14,2025-06-30,exp_retail_cogs,-3400.56
L14,2025-06-30,exp_barista_wages,-25673.54
L14,2025-06-30,exp_shift_lead_wages,-8365.54
L14,2025-06-30,exp_store_manager_salary,-9663.83
L14,2025-06-30,exp_payroll_taxes,-4647.02
L14,2025-06-30,exp_employee_benefits,-3488.1
L14,2025-06-30,exp_overtime,-2145.66
L14,2025-06-30,exp_rent,-10668.17
L14,2025-06-30,exp_utilities,-2146.4
L14,2025-06-30,exp_property_insurance,-910.72
L14,2025-06-30,exp_cam,-1198.35
L14,2025-06-30,exp_property_tax,-1444.91
L14,2025-06-30,exp_marketing,-2641.25
L14,2025-06-30,exp_pos_software,-657.89
L14,2025-06-30,exp_equipment_maintenance,-1475.62
L14,2025-06-30,exp_cleaning,-955.78
L14,2025-06-30,exp_cc_fees,-1911.96
L14,2025-06-30,exp_office_supplies,-415.97
L14,2025-06-30,exp_waste_removal,-463.62
L14,2025-06-30,exp_corporate_overhead,-3368.15
L14,2025-06-30,exp_training,-609.59
L14,2025-06-30,exp_general_liability_ins,-681.36
L14,2025-06-30,exp_bank_fees,-275.19
L14,2025-06-30,exp_depreciation,-1737.98
L14,2025-06-30,exp_professional_fees,-909.11
L14,2025-07-31,rev_drip_coffee,24846.06
L14,2025-07-31,rev_espresso_drinks,37416.05
L14,2025-07-31,rev_cold_brew,20498.02
L14,2025-07-31,rev_specialty_seasonal,10094.95
L14,2025-07-31,rev_tea,5267.13
L14,2025-07-31,rev_pastries,12565.78
L14,2025-07-31,rev_sandwiches,10560.38
L14,2025-07-31,rev_breakfast,6464.62
L14,2025-07-31,rev_snacks,3628.02
L14,2025-07-31,rev_whole_bean,5178.28
L14,2025-07-31,rev_brew_equipment,2285.49
L14,2025-07-31,rev_merchandise,1528.4
L14,2025-07-31,rev_gift_cards,2589.02
L14,2025-07-31,rev_catering,3424.11
L14,2025-07-31,rev_wholesale,2982.75
L14,2025-07-31,exp_coffee_beans,-19364.77
L14,2025-07-31,exp_dairy,-12251.58
L14,2025-07-31,exp_syrups,-4131.64
L14,2025-07-31,exp_food_ingredients,-9582.94
L14,2025-07-31,exp_packaging,-4683.63
L14,2025-07-31,exp_retail_cogs,-3574.03
L14,2025-07-31,exp_barista_wages,-28058.71
L14,2025-07-31,exp_shift_lead_wages,-8544.36
L14,2025-07-31,exp_store_manager_salary,-9651.18
L14,2025-07-31,exp_payroll_taxes,-4731.22
L14,2025-07-31,exp_employee_benefits,-3586.74
L14,2025-07-31,exp_overtime,-1892.66
L14,2025-07-31,exp_rent,-10501.69
L14,2025-07-31,exp_utilities,-2170.91
L14,2025-07-31,exp_property_insurance,-864.19
L14,2025-07-31,exp_cam,-1213.6
L14,2025-07-31,exp_property_tax,-1484.68
L14,2025-07-31,exp_marketing,-2419.36
L14,2025-07-31,exp_pos_software,-941.48
L14,2025-07-31,exp_equipment_maintenance,-1115.65
L14,2025-07-31,exp_cleaning,-1138.58
L14,2025-07-31,exp_cc_fees,-2222.89
L14,2025-07-31,exp_office_supplies,-486.22
L14,2025-07-31,exp_waste_removal,-561.26
L14,2025-07-31,exp_corporate_overhead,-2684.03
L14,2025-07-31,exp_training,-628.59
L14,2025-07-31,exp_general_liability_ins,-614.77
L14,2025-07-31,exp_bank_fees,-312.05
L14,2025-07-31,exp_depreciation,-1572.12
L14,2025-07-31,exp_professional_fees,-791.03
L14,2025-08-31,rev_drip_coffee,22935.2
L14,2025-08-31,rev_espresso_drinks,34024.31
L14,2025-08-31,rev_cold_brew,21385.52
L14,2025-08-31,rev_specialty_seasonal,8917.18
L14,2025-08-31,rev_tea,4629.35
L14,2025-08-31,rev_pastries,12376.4
L14,2025-08-31,rev_sandwiches,12006.93
L14,2025-08-31,rev_breakfast,6223.9
L14,2025-08-31,rev_snacks,3261.83
L14,2025-08-31,rev_whole_bean,4673.13
L14,2025-08-31,rev_brew_equipment,2254.51
L14,2025-08-31,rev_merchandise,1378.83
L14,2025-08-31,rev_gift_cards,2779.03
L14,2025-08-31,rev_catering,3688.68
L14,2025-08-31,rev_wholesale,2851.51
L14,2025-08-31,exp_coffee_beans,-17516.12
L14,2025-08-31,exp_dairy,-11000.23
L14,2025-08-31,exp_syrups,-3899.37
L14,2025-08-31,exp_food_ingredients,-8734.79
L14,2025-08-31,exp_packaging,-4473.53
L14,2025-08-31,exp_retail_cogs,-3198.64
L14,2025-08-31,exp_barista_wages,-24061.97
L14,2025-08-31,exp_shift_lead_wages,-8695.96
L14,2025-08-31,exp_store_manager_salary,-9828.65
L14,2025-08-31,exp_payroll_taxes,-4496.14
L14,2025-08-31,exp_employee_benefits,-3714.09
L14,2025-08-31,exp_overtime,-1938.06
L14,2025-08-31,exp_rent,-10808.27
L14,2025-08-31,exp_utilities,-2156.5
L14,2025-08-31,exp_property_insurance,-905.15
L14,2025-08-31,exp_cam,-1194.73
L14,2025-08-31,exp_property_tax,-1529.58
L14,2025-08-31,exp_marketing,-2213.02
L14,2025-08-31,exp_pos_software,-1051.61
L14,2025-08-31,exp_equipment_maintenance,-1161.84
L14,2025-08-31,exp_cleaning,-1046.12
L14,2025-08-31,exp_cc_fees,-2149.39
L14,2025-08-31,exp_office_supplies,-492.42
L14,2025-08-31,exp_waste_removal,-551.93
L14,2025-08-31,exp_corporate_overhead,-2889.96
L14,2025-08-31,exp_training,-506.28
L14,2025-08-31,exp_general_liability_ins,-811.48
L14,2025-08-31,exp_bank_fees,-285.92
L14,2025-08-31,exp_depreciation,-1287.61
L14,2025-08-31,exp_professional_fees,-891.23
L14,2025-09-30,rev_drip_coffee,22148.33
L14,2025-09-30,rev_espresso_drinks,28660.76
L14,2025-09-30,rev_cold_brew,13382.66
L14,2025-09-30,rev_specialty_seasonal,8960.94
L14,2025-09-30,rev_tea,5395.4
L14,2025-09-30,rev_pastries,11089.82
L14,2025-09-30,rev_sandwiches,11157.75
L14,2025-09-30,rev_breakfast,6472.33
L14,2025-09-30,rev_snacks,3268.57
L14,2025-09-30,rev_whole_bean,3923.76
L14,2025-09-30,rev_brew_equipment,1989.9
L14,2025-09-30,rev_merchandise,1357.72
L14,2025-09-30,rev_gift_cards,2327.28
L14,2025-09-30,rev_catering,3346.38
L14,2025-09-30,rev_wholesale,2785.68
L14,2025-09-30,exp_coffee_beans,-18479.03
L14,2025-09-30,exp_dairy,-10420.48
L14,2025-09-30,exp_syrups,-3814.28
L14,2025-09-30,exp_food_ingredients,-9354.04
L14,2025-09-30,exp_packaging,-3802.88
L14,2025-09-30,exp_retail_cogs,-3006.49
L14,2025-09-30,exp_barista_wages,-28477.9
L14,2025-09-30,exp_shift_lead_wages,-7396.33
L14,2025-09-30,exp_store_manager_salary,-9984.35
L14,2025-09-30,exp_payroll_taxes,-4509.59
L14,2025-09-30,exp_employee_benefits,-3108.01
L14,2025-09-30,exp_overtime,-2031.97
L14,2025-09-30,exp_rent,-10485.62
L14,2025-09-30,exp_utilities,-2160.02
L14,2025-09-30,exp_property_insurance,-872.86
L14,2025-09-30,exp_cam,-1248.42
L14,2025-09-30,exp_property_tax,-1483.47
L14,2025-09-30,exp_marketing,-2320.24
L14,2025-09-30,exp_pos_software,-800.61
L14,2025-09-30,exp_equipment_maintenance,-1240.28
L14,2025-09-30,exp_cleaning,-844.01
L14,2025-09-30,exp_cc_fees,-2124.92
L14,2025-09-30,exp_office_supplies,-464.97
L14,2025-09-30,exp_waste_removal,-576.58
L14,2025-09-30,exp_corporate_overhead,-3634.53
L14,2025-09-30,exp_training,-719.79
L14,2025-09-30,exp_general_liability_ins,-618.01
L14,2025-09-30,exp_bank_fees,-255.15
L14,2025-09-30,exp_depreciation,-1878.46
L14,2025-09-30,exp_professional_fees,-854.9
L14,2025-10-31,rev_drip_coffee,20439.97
L14,2025-10-31,rev_espresso_drinks,30429.71
L14,2025-10-31,rev_cold_brew,14486.33
L14,2025-10-31,rev_specialty_seasonal,8989.08
L14,2025-10-31,rev_tea,4759.54
L14,2025-10-31,rev_pastries,10094.62
L14,2025-10-31,rev_sandwiches,9312.6
L14,2025-10-31,rev_breakfast,6213.7
L14,2025-10-31,rev_snacks,3153.61
L14,2025-10-31,rev_whole_bean,3925.84
L14,2025-10-31,rev_brew_equipment,2171.24
L14,2025-10-31,rev_merchandise,1181.01
L14,2025-10-31,rev_gift_cards,2277.17
L14,2025-10-31,rev_catering,3244.98
L14,2025-10-31,rev_wholesale,2555.27
L14,2025-10-31,exp_coffee_beans,-15461.52
L14,2025-10-31,exp_dairy,-10561.01
L14,2025-10-31,exp_syrups,-3886.48
L14,2025-10-31,exp_food_ingredients,-8573.04
L14,2025-10-31,exp_packaging,-3600.59
L14,2025-10-31,exp_retail_cogs,-3183.48
L14,2025-10-31,exp_barista_wages,-23365.44
L14,2025-10-31,exp_shift_lead_wages,-7363.12
L14,2025-10-31,exp_store_manager_salary,-9755.64
L14,2025-10-31,exp_payroll_taxes,-4290.75
L14,2025-10-31,exp_employee_benefits,-3390.2
L14,2025-10-31,exp_overtime,-1862.09
L14,2025-10-31,exp_rent,-10823.45
L14,2025-10-31,exp_utilities,-2160.93
L14,2025-10-31,exp_property_insurance,-851.06
L14,2025-10-31,exp_cam,-1246.46
L14,2025-10-31,exp_property_tax,-1493.33
L14,2025-10-31,exp_marketing,-2704.24
L14,2025-10-31,exp_pos_software,-886.0
L14,2025-10-31,exp_equipment_maintenance,-1591.16
L14,2025-10-31,exp_cleaning,-916.82
L14,2025-10-31,exp_cc_fees,-2233.8
L14,2025-10-31,exp_office_supplies,-492.64
L14,2025-10-31,exp_waste_removal,-537.34
L14,2025-10-31,exp_corporate_overhead,-3504.32
L14,2025-10-31,exp_training,-495.69
L14,2025-10-31,exp_general_liability_ins,-644.07
L14,2025-10-31,exp_bank_fees,-280.92
L14,2025-10-31,exp_depreciation,-1799.32
L14,2025-10-31,exp_professional_fees,-789.19
L14,2025-11-30,rev_drip_coffee,23836.18
L14,2025-11-30,rev_espresso_drinks,30889.09
L14,2025-11-30,rev_cold_brew,15261.76
L14,2025-11-30,rev_specialty_seasonal,13738.59
L14,2025-11-30,rev_tea,5420.01
L14,2025-11-30,rev_pastries,12982.55
L14,2025-11-30,rev_sandwiches,10741.15
L14,2025-11-30,rev_breakfast,6707.34
L14,2025-11-30,rev_snacks,3566.22
L14,2025-11-30,rev_whole_bean,4559.22
L14,2025-11-30,rev_brew_equipment,2121.57
L14,2025-11-30,rev_merchandise,1348.2
L14,2025-11-30,rev_gift_cards,2563.89
L14,2025-11-30,rev_catering,3400.85
L14,2025-11-30,rev_wholesale,2583.67
L14,2025-11-30,exp_coffee_beans,-18848.59
L14,2025-11-30,exp_dairy,-10333.91
L14,2025-11-30,exp_syrups,-3900.0
L14,2025-11-30,exp_food_ingredients,-8909.12
L14,2025-11-30,exp_packaging,-4744.08
L14,2025-11-30,exp_retail_cogs,-3317.15
L14,2025-11-30,exp_barista_wages,-24833.26
L14,2025-11-30,exp_shift_lead_wages,-8310.3
L14,2025-11-30,exp_store_manager_salary,-9846.91
L14,2025-11-30,exp_payroll_taxes,-4296.56
L14,2025-11-30,exp_employee_benefits,-3483.76
L14,2025-11-30,exp_overtime,-1968.13
L14,2025-11-30,exp_rent,-10937.7
L14,2025-11-30,exp_utilities,-2144.63
L14,2025-11-30,exp_property_insurance,-884.56
L14,2025-11-30,exp_cam,-1154.95
L14,2025-11-30,exp_property_tax,-1511.3
L14,2025-11-30,exp_marketing,-2721.08
L14,2025-11-30,exp_pos_software,-749.86
L14,2025-11-30,exp_equipment_maintenance,-1218.33
L14,2025-11-30,exp_cleaning,-988.87
L14,2025-11-30,exp_cc_fees,-2234.55
L14,2025-11-30,exp_office_supplies,-480.99
L14,2025-11-30,exp_waste_removal,-538.26
L14,2025-11-30,exp_corporate_overhead,-3848.38
L14,2025-11-30,exp_training,-655.78
L14,2025-11-30,exp_general_liability_ins,-823.42
L14,2025-11-30,exp_bank_fees,-319.1
L14,2025-11-30,exp_depreciation,-1976.56
L14,2025-11-30,exp_professional_fees,-775.05
L14,2025-12-31,rev_drip_coffee,26933.2
L14,2025-12-31,rev_espresso_drinks,38117.35
L14,2025-12-31,rev_cold_brew,14090.98
L14,2025-12-31,rev_specialty_seasonal,13816.69
L14,2025-12-31,rev_tea,6055.38
L14,2025-12-31,rev_pastries,13018.74
L14,2025-12-31,rev_sandwiches,11453.42
L14,2025-12-31,rev_breakfast,7711.73
L14,2025-12-31,rev_snacks,3700.79
L14,2025-12-31,rev_whole_bean,5172.03
L14,2025-12-31,rev_brew_equipment,2298.56
L14,2025-12-31,rev_merchandise,1621.91
L14,2025-12-31,rev_gift_cards,2389.25
L14,2025-12-31,rev_catering,3657.55
L14,2025-12-31,rev_wholesale,2687.08
L14,2025-12-31,exp_coffee_beans,-21194.06
L14,2025-12-31,exp_dairy,-13094.57
L14,2025-12-31,exp_syrups,-4611.32
L14,2025-12-31,exp_food_ingredients,-9697.24
L14,2025-12-31,exp_packaging,-5045.71
L14,2025-12-31,exp_retail_cogs,-3477.97
L14,2025-12-31,exp_barista_wages,-30703.51
L14,2025-12-31,exp_shift_lead_wages,-8734.43
L14,2025-12-31,exp_store_manager_salary,-8561.22
L14,2025-12-31,exp_payroll_taxes,-4921.76
L14,2025-12-31,exp_employee_benefits,-3668.82
L14,2025-12-31,exp_overtime,-2120.39
L14,2025-12-31,exp_rent,-10613.66
L14,2025-12-31,exp_utilities,-2101.01
L14,2025-12-31,exp_property_insurance,-879.88
L14,2025-12-31,exp_cam,-1229.48
L14,2025-12-31,exp_property_tax,-1497.63
L14,2025-12-31,exp_marketing,-2287.24
L14,2025-12-31,exp_pos_software,-921.15
L14,2025-12-31,exp_equipment_maintenance,-1155.98
L14,2025-12-31,exp_cleaning,-886.97
L14,2025-12-31,exp_cc_fees,-2199.88
L14,2025-12-31,exp_office_supplies,-473.14
L14,2025-12-31,exp_waste_removal,-536.19
L14,2025-12-31,exp_corporate_overhead,-3642.49
L14,2025-12-31,exp_training,-723.61
L14,2025-12-31,exp_general_liability_ins,-653.7
L14,2025-12-31,exp_bank_fees,-291.23
L14,2025-12-31,exp_depreciation,-1958.45
L14,2025-12-31,exp_professional_fees,-885.88
L15,2023-01-31,rev_drip_coffee,15177.16
L15,2023-01-31,rev_espresso_drinks,20412.03
L15,2023-01-31,rev_cold_brew,9952.22
L15,2023-01-31,rev_specialty_seasonal,8374.33
L15,2023-01-31,rev_tea,2795.09
L15,2023-01-31,rev_pastries,5983.14
L15,2023-01-31,rev_sandwiches,6141.32
L15,2023-01-31,rev_breakfast,4110.77
L15,2023-01-31,rev_snacks,2444.33
L15,2023-01-31,rev_whole_bean,3056.73
L15,2023-01-31,rev_brew_equipment,1234.43
L15,2023-01-31,rev_merchandise,812.15
L15,2023-01-31,rev_gift_cards,1708.15
L15,2023-01-31,rev_catering,1896.01
L15,2023-01-31,rev_wholesale,2024.4
L15,2023-01-31,exp_coffee_beans,-10364.33
L15,2023-01-31,exp_dairy,-6155.35
L15,2023-01-31,exp_syrups,-1994.15
L15,2023-01-31,exp_food_ingredients,-4353.14
L15,2023-01-31,exp_packaging,-2201.42
L15,2023-01-31,exp_retail_cogs,-1615.1
L15,2023-01-31,exp_barista_wages,-15970.21
L15,2023-01-31,exp_shift_lead_wages,-4813.5
L15,2023-01-31,exp_store_manager_salary,-5996.76
L15,2023-01-31,exp_payroll_taxes,-2608.07
L15,2023-01-31,exp_employee_benefits,-2373.33
L15,2023-01-31,exp_overtime,-1215.53
L15,2023-01-31,exp_rent,-8360.08
L15,2023-01-31,exp_utilities,-1745.27
L15,2023-01-31,exp_property_insurance,-713.14
L15,2023-01-31,exp_cam,-966.8
L15,2023-01-31,exp_property_tax,-1185.78
L15,2023-01-31,exp_marketing,-1729.74
L15,2023-01-31,exp_pos_software,-731.11
L15,2023-01-31,exp_equipment_maintenance,-1144.68
L15,2023-01-31,exp_cleaning,-608.77
L15,2023-01-31,exp_cc_fees,-2076.28
L15,2023-01-31,exp_office_supplies,-338.23
L15,2023-01-31,exp_waste_removal,-464.68
L15,2023-01-31,exp_corporate_overhead,-2587.34
L15,2023-01-31,exp_training,-552.92
L15,2023-01-31,exp_general_liability_ins,-502.88
L15,2023-01-31,exp_bank_fees,-202.35
L15,2023-01-31,exp_depreciation,-1519.83
L15,2023-01-31,exp_professional_fees,-665.06
L15,2023-02-28,rev_drip_coffee,12220.23
L15,2023-02-28,rev_espresso_drinks,18132.26
L15,2023-02-28,rev_cold_brew,8271.72
L15,2023-02-28,rev_specialty_seasonal,8107.91
L15,2023-02-28,rev_tea,3324.93
L15,2023-02-28,rev_pastries,6747.53
L15,2023-02-28,rev_sandwiches,7002.46
L15,2023-02-28,rev_breakfast,3822.88
L15,2023-02-28,rev_snacks,2115.06
L15,2023-02-28,rev_whole_bean,2922.22
L15,2023-02-28,rev_brew_equipment,1465.04
L15,2023-02-28,rev_merchandise,754.3
L15,2023-02-28,rev_gift_cards,1705.81
L15,2023-02-28,rev_catering,2230.14
L15,2023-02-28,rev_wholesale,1691.56
L15,2023-02-28,exp_coffee_beans,-9812.98
L15,2023-02-28,exp_dairy,-5350.44
L15,2023-02-28,exp_syrups,-1940.74
L15,2023-02-28,exp_food_ingredients,-4213.13
L15,2023-02-28,exp_packaging,-2217.02
L15,2023-02-28,exp_retail_cogs,-1457.17
L15,2023-02-28,exp_barista_wages,-16405.68
L15,2023-02-28,exp_shift_lead_wages,-5311.53
L15,2023-02-28,exp_store_manager_salary,-6420.88
L15,2023-02-28,exp_payroll_taxes,-2574.59
L15,2023-02-28,exp_employee_benefits,-2286.08
L15,2023-02-28,exp_overtime,-1176.21
L15,2023-02-28,exp_rent,-7985.27
L15,2023-02-28,exp_utilities,-1686.01
L15,2023-02-28,exp_property_insurance,-706.95
L15,2023-02-28,exp_cam,-962.55
L15,2023-02-28,exp_property_tax,-1164.14
L15,2023-02-28,exp_marketing,-1936.25
L15,2023-02-28,exp_pos_software,-664.74
L15,2023-02-28,exp_equipment_maintenance,-1079.47
L15,2023-02-28,exp_cleaning,-628.14
L15,2023-02-28,exp_cc_fees,-1747.04
L15,2023-02-28,exp_office_supplies,-368.24
L15,2023-02-28,exp_waste_removal,-378.72
L15,2023-02-28,exp_corporate_overhead,-2213.35
L15,2023-02-28,exp_training,-535.99
L15,2023-02-28,exp_general_liability_ins,-513.92
L15,2023-02-28,exp_bank_fees,-224.92
L15,2023-02-28,exp_depreciation,-1363.83
L15,2023-02-28,exp_professional_fees,-643.75
L15,2023-03-31,rev_drip_coffee,14270.07
L15,2023-03-31,rev_espresso_drinks,21851.38
L15,2023-03-31,rev_cold_brew,10951.12
L15,2023-03-31,rev_specialty_seasonal,5181.65
L15,2023-03-31,rev_tea,3627.54
L15,2023-03-31,rev_pastries,7654.98
L15,2023-03-31,rev_sandwiches,7307.19
L15,2023-03-31,rev_breakfast,4561.9
L15,2023-03-31,rev_snacks,2196.22
L15,2023-03-31,rev_whole_bean,3388.44
L15,2023-03-31,rev_brew_equipment,1280.04
L15,2023-03-31,rev_merchandise,923.98
L15,2023-03-31,rev_gift_cards,1594.49
L15,2023-03-31,rev_catering,2244.07
L15,2023-03-31,rev_wholesale,1684.55
L15,2023-03-31,exp_coffee_beans,-10220.41
L15,2023-03-31,exp_dairy,-6336.33
L15,2023-03-31,exp_syrups,-1965.24
L15,2023-03-31,exp_food_ingredients,-4719.14
L15,2023-03-31,exp_packaging,-2380.75
L15,2023-03-31,exp_retail_cogs,-1606.55
L15,2023-03-31,exp_barista_wages,-18415.68
L15,2023-03-31,exp_shift_lead_wages,-5144.07
L15,2023-03-31,exp_store_manager_salary,-6206.43
L15,2023-03-31,exp_payroll_taxes,-2634.79
L15,2023-03-31,exp_employee_benefits,-2280.13
L15,2023-03-31,exp_overtime,-1293.35
L15,2023-03-31,exp_rent,-8450.24
L15,2023-03-31,exp_utilities,-1689.84
L15,2023-03-31,exp_property_insurance,-685.86
L15,2023-03-31,exp_cam,-971.69
L15,2023-03-31,exp_property_tax,-1209.62
L15,2023-03-31,exp_marketing,-2046.69
L15,2023-03-31,exp_pos_software,-785.78
L15,2023-03-31,exp_equipment_maintenance,-1072.71
L15,2023-03-31,exp_cleaning,-787.72
L15,2023-03-31,exp_cc_fees,-1885.01
L15,2023-03-31,exp_office_supplies,-417.85
L15,2023-03-31,exp_waste_removal,-492.88
L15,2023-03-31,exp_corporate_overhead,-2288.89
L15,2023-03-31,exp_training,-600.81
L15,2023-03-31,exp_general_liability_ins,-527.11
L15,2023-03-31,exp_bank_fees,-220.29
L15,2023-03-31,exp_depreciation,-1188.13
L15,2023-03-31,exp_professional_fees,-579.2
L15,2023-04-30,rev_drip_coffee,15059.24
L15,2023-04-30,rev_espresso_drinks,19832.79
L15,2023-04-30,rev_cold_brew,10195.34
L15,2023-04-30,rev_specialty_seasonal,7011.54
L15,2023-04-30,rev_tea,3468.14
L15,2023-04-30,rev_pastries,8184.46
L15,2023-04-30,rev_sandwiches,6749.53
L15,2023-04-30,rev_breakfast,4490.85
L15,2023-04-30,rev_snacks,2560.47
L15,2023-04-30,rev_whole_bean,2938.75
L15,2023-04-30,rev_brew_equipment,1407.58
L15,2023-04-30,rev_merchandise,865.18
L15,2023-04-30,rev_gift_cards,1781.34
L15,2023-04-30,rev_catering,2384.35
L15,2023-04-30,rev_wholesale,1917.91
L15,2023-04-30,exp_coffee_beans,-10460.81
L15,2023-04-30,exp_dairy,-6279.43
L15,2023-04-30,exp_syrups,-2211.61
L15,2023-04-30,exp_food_ingredients,-4798.92
L15,2023-04-30,exp_packaging,-2326.84
L15,2023-04-30,exp_retail_cogs,-1711.51
L15,2023-04-30,exp_barista_wages,-17234.33
L15,2023-04-30,exp_shift_lead_wages,-6074.82
L15,2023-04-30,exp_store_manager_salary,-6251.98
L15,2023-04-30,exp_payroll_taxes,-2918.54
L15,2023-04-30,exp_employee_benefits,-2381.79
L15,2023-04-30,exp_overtime,-1435.27
L15,2023-04-30,exp_rent,-8208.75
L15,2023-04-30,exp_utilities,-1757.47
L15,2023-04-30,exp_property_insurance,-693.29
L15,2023-04-30,exp_cam,-1010.95
L15,2023-04-30,exp_property_tax,-1185.27
L15,2023-04-30,exp_marketing,-1688.93
L15,2023-04-30,exp_pos_software,-650.17
L15,2023-04-30,exp_equipment_maintenance,-1152.07
L15,2023-04-30,exp_cleaning,-754.94
L15,2023-04-30,exp_cc_fees,-1754.58
L15,2023-04-30,exp_office_supplies,-389.87
L15,2023-04-30,exp_waste_removal,-423.47
L15,2023-04-30,exp_corporate_overhead,-2513.32
L15,2023-04-30,exp_training,-503.73
L15,2023-04-30,exp_general_liability_ins,-602.26
L15,2023-04-30,exp_bank_fees,-197.18
L15,2023-04-30,exp_depreciation,-1468.65
L15,2023-04-30,exp_professional_fees,-717.5
L15,2023-05-31,rev_drip_coffee,16269.3
L15,2023-05-31,rev_espresso_drinks,21222.09
L15,2023-05-31,rev_cold_brew,10128.29
L15,2023-05-31,rev_specialty_seasonal,7255.24
L15,2023-05-31,rev_tea,3580.77
L15,2023-05-31,rev_pastries,7121.63
L15,2023-05-31,rev_sandwiches,7990.35
L15,2023-05-31,rev_breakfast,4283.87
L15,2023-05-31,rev_snacks,2713.93
L15,2023-05-31,rev_whole_bean,3425.9
L15,2023-05-31,rev_brew_equipment,1541.12
L15,2023-05-31,rev_merchandise,1015.15
L15,2023-05-31,rev_gift_cards,1633.51
L15,2023-05-31,rev_catering,2307.96
L15,2023-05-31,rev_wholesale,1979.8
L15,2023-05-31,exp_coffee_beans,-10422.24
L15,2023-05-31,exp_dairy,-6720.25
L15,2023-05-31,exp_syrups,-2247.96
L15,2023-05-31,exp_food_ingredients,-4792.44
L15,2023-05-31,exp_packaging,-2452.84
L15,2023-05-31,exp_retail_cogs,-1811.53
L15,2023-05-31,exp_barista_wages,-17362.13
L15,2023-05-31,exp_shift_lead_wages,-5665.26
L15,2023-05-31,exp_store_manager_salary,-6774.27
L15,2023-05-31,exp_payroll_taxes,-3358.66
L15,2023-05-31,exp_employee_benefits,-2534.79
L15,2023-05-31,exp_overtime,-1221.88
L15,2023-05-31,exp_rent,-8284.01
L15,2023-05-31,exp_utilities,-1702.49
L15,2023-05-31,exp_property_insurance,-703.34
L15,2023-05-31,exp_cam,-944.81
L15,2023-05-31,exp_property_tax,-1164.23
L15,2023-05-31,exp_marketing,-1685.95
L15,2023-05-31,exp_pos_software,-623.31
L15,2023-05-31,exp_equipment_maintenance,-958.86
L15,2023-05-31,exp_cleaning,-725.39
L15,2023-05-31,exp_cc_fees,-1555.67
L15,2023-05-31,exp_office_supplies,-399.44
L15,2023-05-31,exp_waste_removal,-459.31
L15,2023-05-31,exp_corporate_overhead,-2195.45
L15,2023-05-31,exp_training,-557.72
L15,2023-05-31,exp_general_liability_ins,-433.11
L15,2023-05-31,exp_bank_fees,-254.8
L15,2023-05-31,exp_depreciation,-1677.28
L15,2023-05-31,exp_professional_fees,-680.83
L15,2023-06-30,rev_drip_coffee,16187.86
L15,2023-06-30,rev_espresso_drinks,23823.66
L15,2023-06-30,rev_cold_brew,15275.88
L15,2023-06-30,rev_specialty_seasonal,7364.92
L15,2023-06-30,rev_tea,4520.27
L15,2023-06-30,rev_pastries,9801.91
L15,2023-06-30,rev_sandwiches,8909.29
L15,2023-06-30,rev_breakfast,4979.37
L15,2023-06-30,rev_snacks,2501.38
L15,2023-06-30,rev_whole_bean,3485.39
L15,2023-06-30,rev_brew_equipment,1685.53
L15,2023-06-30,rev_merchandise,974.7
L15,2023-06-30,rev_gift_cards,1963.63
L15,2023-06-30,rev_catering,2805.66
L15,2023-06-30,rev_wholesale,2250.72
L15,2023-06-30,exp_coffee_beans,-12089.6
L15,2023-06-30,exp_dairy,-6275.39
L15,2023-06-30,exp_syrups,-2597.6
L15,2023-06-30,exp_food_ingredients,-5079.44
L15,2023-06-30,exp_packaging,-2671.04
L15,2023-06-30,exp_retail_cogs,-1982.03
L15,2023-06-30,exp_barista_wages,-18805.27
L15,2023-06-30,exp_shift_lead_wages,-5271.45
L15,2023-06-30,exp_store_manager_salary,-6312.46
L15,2023-06-30,exp_payroll_taxes,-3081.54
L15,2023-06-30,exp_employee_benefits,-2521.79
L15,2023-06-30,exp_overtime,-1305.28
L15,2023-06-30,exp_rent,-8409.64
L15,2023-06-30,exp_utilities,-1659.74
L15,2023-06-30,exp_property_insurance,-704.03
L15,2023-06-30,exp_cam,-945.76
L15,2023-06-30,exp_property_tax,-1178.63
L15,2023-06-30,exp_marketing,-1908.74
L15,2023-06-30,exp_pos_software,-740.23
L15,2023-06-30,exp_equipment_maintenance,-1040.88
L15,2023-06-30,exp_cleaning,-703.97
L15,2023-06-30,exp_cc_fees,-1828.57
L15,2023-06-30,exp_office_supplies,-441.64
L15,2023-06-30,exp_waste_removal,-471.06
L15,2023-06-30,exp_corporate_overhead,-2552.23
L15,2023-06-30,exp_training,-509.9
L15,2023-06-30,exp_general_liability_ins,-481.83
L15,2023-06-30,exp_bank_fees,-239.93
L15,2023-06-30,exp_depreciation,-1316.25
L15,2023-06-30,exp_professional_fees,-684.83
L15,2023-07-31,rev_drip_coffee,19889.81
L15,2023-07-31,rev_espresso_drinks,26145.52
L15,2023-07-31,rev_cold_brew,14870.75
L15,2023-07-31,rev_specialty_seasonal,8956.29
L15,2023-07-31,rev_tea,4772.51
L15,2023-07-31,rev_pastries,9724.57
L15,2023-07-31,rev_sandwiches,9354.89
L15,2023-07-31,rev_breakfast,4936.19
L15,2023-07-31,rev_snacks,2993.5
L15,2023-07-31,rev_whole_bean,3684.47
L15,2023-07-31,rev_brew_equipment,1535.56
L15,2023-07-31,rev_merchandise,1336.78
L15,2023-07-31,rev_gift_cards,1746.87
L15,2023-07-31,rev_catering,2770.92
L15,2023-07-31,rev_wholesale,2265.05
L15,2023-07-31,exp_coffee_beans,-12419.98
L15,2023-07-31,exp_dairy,-7074.76
L15,2023-07-31,exp_syrups,-2490.57
L15,2023-07-31,exp_food_ingredients,-5698.15
L15,2023-07-31,exp_packaging,-2830.0
L15,2023-07-31,exp_retail_cogs,-1973.89
L15,2023-07-31,exp_barista_wages,-18576.77
L15,2023-07-31,exp_shift_lead_wages,-5326.33
L15,2023-07-31,exp_store_manager_salary,-7674.71
L15,2023-07-31,exp_payroll_taxes,-3168.19
L15,2023-07-31,exp_employee_benefits,-2510.31
L15,2023-07-31,exp_overtime,-1363.62
L15,2023-07-31,exp_rent,-8176.64
L15,2023-07-31,exp_utilities,-1741.05
L15,2023-07-31,exp_property_insurance,-693.12
L15,2023-07-31,exp_cam,-974.74
L15,2023-07-31,exp_property_tax,-1144.91
L15,2023-07-31,exp_marketing,-2223.42
L15,2023-07-31,exp_pos_software,-723.03
L15,2023-07-31,exp_equipment_maintenance,-1008.03
L15,2023-07-31,exp_cleaning,-783.85
L15,2023-07-31,exp_cc_fees,-1895.9
L15,2023-07-31,exp_office_supplies,-315.09
L15,2023-07-31,exp_waste_removal,-512.19
L15,2023-07-31,exp_corporate_overhead,-2691.5
L15,2023-07-31,exp_training,-517.11
L15,2023-07-31,exp_general_liability_ins,-457.18
L15,2023-07-31,exp_bank_fees,-246.82
L15,2023-07-31,exp_depreciation,-1474.67
L15,2023-07-31,exp_professional_fees,-717.69
L15,2023-08-31,rev_drip_coffee,17099.06
L15,2023-08-31,rev_espresso_drinks,22729.1
L15,2023-08-31,rev_cold_brew,16201.67
L15,2023-08-31,rev_specialty_seasonal,7180.47
L15,2023-08-31,rev_tea,3993.96
L15,2023-08-31,rev_pastries,10643.83
L15,2023-08-31,rev_sandwiches,8683.98
L15,2023-08-31,rev_breakfast,5182.32
L15,2023-08-31,rev_snacks,3295.54
L15,2023-08-31,rev_whole_bean,3760.11
L15,2023-08-31,rev_brew_equipment,1663.21
L15,2023-08-31,rev_merchandise,1001.52
L15,2023-08-31,rev_gift_cards,1814.61
L15,2023-08-31,rev_catering,2164.85
L15,2023-08-31,rev_wholesale,2252.06
L15,2023-08-31,exp_coffee_beans,-10847.56
L15,2023-08-31,exp_dairy,-7104.47
L15,2023-08-31,exp_syrups,-2386.62
L15,2023-08-31,exp_food_ingredients,-5447.6
L15,2023-08-31,exp_packaging,-2637.93
L15,2023-08-31,exp_retail_cogs,-2019.1
L15,2023-08-31,exp_barista_wages,-19570.53
L15,2023-08-31,exp_shift_lead_wages,-5648.9
L15,2023-08-31,exp_store_manager_salary,-6336.77
L15,2023-08-31,exp_payroll_taxes,-3169.02
L15,2023-08-31,exp_employee_benefits,-2283.35
L15,2023-08-31,exp_overtime,-1256.52
L15,2023-08-31,exp_rent,-8427.29
L15,2023-08-31,exp_utilities,-1753.33
L15,2023-08-31,exp_property_insurance,-689.71
L15,2023-08-31,exp_cam,-970.57
L15,2023-08-31,exp_property_tax,-1166.95
L15,2023-08-31,exp_marketing,-2064.59
L15,2023-08-31,exp_pos_software,-735.88
L15,2023-08-31,exp_equipment_maintenance,-989.56
L15,2023-08-31,exp_cleaning,-671.88
L15,2023-08-31,exp_cc_fees,-1507.92
L15,2023-08-31,exp_office_supplies,-397.39
L15,2023-08-31,exp_waste_removal,-388.75
L15,2023-08-31,exp_corporate_overhead,-2662.94
L15,2023-08-31,exp_training,-599.52
L15,2023-08-31,exp_general_liability_ins,-487.74
L15,2023-08-31,exp_bank_fees,-220.92
L15,2023-08-31,exp_depreciation,-1588.45
L15,2023-08-31,exp_professional_fees,-629.31
L15,2023-09-30,rev_drip_coffee,14670.28
L15,2023-09-30,rev_espresso_drinks,22484.58
L15,2023-09-30,rev_cold_brew,11786.53
L15,2023-09-30,rev_specialty_seasonal,7636.91
L15,2023-09-30,rev_tea,3680.61
L15,2023-09-30,rev_pastries,7820.34
L15,2023-09-30,rev_sandwiches,8169.9
L15,2023-09-30,rev_breakfast,3876.3
L15,2023-09-30,rev_snacks,2559.37
L15,2023-09-30,rev_whole_bean,3370.7
L15,2023-09-30,rev_brew_equipment,1685.73
L15,2023-09-30,rev_merchandise,1091.64
L15,2023-09-30,rev_gift_cards,1614.21
L15,2023-09-30,rev_catering,2432.74
L15,2023-09-30,rev_wholesale,1874.42
L15,2023-09-30,exp_coffee_beans,-10581.41
L15,2023-09-30,exp_dairy,-6497.85
L15,2023-09-30,exp_syrups,-2180.68
L15,2023-09-30,exp_food_ingredients,-5067.94
L15,2023-09-30,exp_packaging,-2568.6
L15,2023-09-30,exp_retail_cogs,-1883.55
L15,2023-09-30,exp_barista_wages,-17900.29
L15,2023-09-30,exp_shift_lead_wages,-5495.4
L15,2023-09-30,exp_store_manager_salary,-6029.99
L15,2023-09-30,exp_payroll_taxes,-3170.96
L15,2023-09-30,exp_employee_benefits,-2408.2
L15,2023-09-30,exp_overtime,-1347.29
L15,2023-09-30,exp_rent,-8358.32
L15,2023-09-30,exp_utilities,-1723.96
L15,2023-09-30,exp_property_insurance,-706.08
L15,2023-09-30,exp_cam,-980.03
L15,2023-09-30,exp_property_tax,-1214.65
L15,2023-09-30,exp_marketing,-1972.3
L15,2023-09-30,exp_pos_software,-779.6
L15,2023-09-30,exp_equipment_maintenance,-1123.76
L15,2023-09-30,exp_cleaning,-744.33
L15,2023-09-30,exp_cc_fees,-1470.79
L15,2023-09-30,exp_office_supplies,-366.83
L15,2023-09-30,exp_waste_removal,-506.96
L15,2023-09-30,exp_corporate_overhead,-2368.38
L15,2023-09-30,exp_training,-560.86
L15,2023-09-30,exp_general_liability_ins,-521.97
L15,2023-09-30,exp_bank_fees,-245.81
L15,2023-09-30,exp_depreciation,-1388.17
L15,2023-09-30,exp_professional_fees,-625.12
L15,2023-10-31,rev_drip_coffee,16218.84
L15,2023-10-31,rev_espresso_drinks,21128.94
L15,2023-10-31,rev_cold_brew,8944.22
L15,2023-10-31,rev_specialty_seasonal,7609.01
L15,2023-10-31,rev_tea,3906.92
L15,2023-10-31,rev_pastries,9355.15
L15,2023-10-31,rev_sandwiches,7897.45
L15,2023-10-31,rev_breakfast,4624.74
L15,2023-10-31,rev_snacks,2533.18
L15,2023-10-31,rev_whole_bean,3266.9
L15,2023-10-31,rev_brew_equipment,1559.02
L15,2023-10-31,rev_merchandise,920.17
L15,2023-10-31,rev_gift_cards,1565.21
L15,2023-10-31,rev_catering,2290.92
L15,2023-10-31,rev_wholesale,2124.52
L15,2023-10-31,exp_coffee_beans,-9879.58
L15,2023-10-31,exp_dairy,-5803.8
L15,2023-10-31,exp_syrups,-2238.62
L15,2023-10-31,exp_food_ingredients,-4818.73
L15,2023-10-31,exp_packaging,-2461.55
L15,2023-10-31,exp_retail_cogs,-1801.54
L15,2023-10-31,exp_barista_wages,-17915.54
L15,2023-10-31,exp_shift_lead_wages,-5201.28
L15,2023-10-31,exp_store_manager_salary,-6891.98
L15,2023-10-31,exp_payroll_taxes,-2996.42
L15,2023-10-31,exp_employee_benefits,-2320.75
L15,2023-10-31,exp_overtime,-1322.29
L15,2023-10-31,exp_rent,-8406.54
L15,2023-10-31,exp_utilities,-1700.94
L15,2023-10-31,exp_property_insurance,-672.66
L15,2023-10-31,exp_cam,-977.23
L15,2023-10-31,exp_property_tax,-1192.99
L15,2023-10-31,exp_marketing,-1482.48
L15,2023-10-31,exp_pos_software,-697.12
L15,2023-10-31,exp_equipment_maintenance,-1194.78
L15,2023-10-31,exp_cleaning,-664.39
L15,2023-10-31,exp_cc_fees,-1752.17
L15,2023-10-31,exp_office_supplies,-357.1
L15,2023-10-31,exp_waste_removal,-511.43
L15,2023-10-31,exp_corporate_overhead,-2855.22
L15,2023-10-31,exp_training,-507.41
L15,2023-10-31,exp_general_liability_ins,-531.05
L15,2023-10-31,exp_bank_fees,-276.38
L15,2023-10-31,exp_depreciation,-1353.96
L15,2023-10-31,exp_professional_fees,-683.88
L15,2023-11-30,rev_drip_coffee,17440.63
L15,2023-11-30,rev_espresso_drinks,23078.05
L15,2023-11-30,rev_cold_brew,12919.42
L15,2023-11-30,rev_specialty_seasonal,9993.76
L15,2023-11-30,rev_tea,3491.65
L15,2023-11-30,rev_pastries,8411.81
L15,2023-11-30,rev_sandwiches,8388.31
L15,2023-11-30,rev_breakfast,4434.43
L15,2023-11-30,rev_snacks,2721.52
L15,2023-11-30,rev_whole_bean,3742.74
L15,2023-11-30,rev_brew_equipment,1461.04
L15,2023-11-30,rev_merchandise,992.91
L15,2023-11-30,rev_gift_cards,1900.15
L15,2023-11-30,rev_catering,2684.58
L15,2023-11-30,rev_wholesale,1989.98
L15,2023-11-30,exp_coffee_beans,-11456.9
L15,2023-11-30,exp_dairy,-6579.3
L15,2023-11-30,exp_syrups,-2433.74
L15,2023-11-30,exp_food_ingredients,-5452.55
L15,2023-11-30,exp_packaging,-2547.0
L15,2023-11-30,exp_retail_cogs,-1898.25
L15,2023-11-30,exp_barista_wages,-17636.04
L15,2023-11-30,exp_shift_lead_wages,-5762.14
L15,2023-11-30,exp_store_manager_salary,-6826.04
L15,2023-11-30,exp_payroll_taxes,-3399.15
L15,2023-11-30,exp_employee_benefits,-2355.04
L15,2023-11-30,exp_overtime,-1361.81
L15,2023-11-30,exp_rent,-8236.11
L15,2023-11-30,exp_utilities,-1676.26
L15,2023-11-30,exp_property_insurance,-689.0
L15,2023-11-30,exp_cam,-975.59
L15,2023-11-30,exp_property_tax,-1194.09
L15,2023-11-30,exp_marketing,-1982.5
L15,2023-11-30,exp_pos_software,-643.63
L15,2023-11-30,exp_equipment_maintenance,-966.13
L15,2023-11-30,exp_cleaning,-680.18
L15,2023-11-30,exp_cc_fees,-1666.81
L15,2023-11-30,exp_office_supplies,-316.61
L15,2023-11-30,exp_waste_removal,-498.16
L15,2023-11-30,exp_corporate_overhead,-3039.1
L15,2023-11-30,exp_training,-448.59
L15,2023-11-30,exp_general_liability_ins,-528.34
L15,2023-11-30,exp_bank_fees,-230.78
L15,2023-11-30,exp_depreciation,-1474.33
L15,2023-11-30,exp_professional_fees,-644.06
L15,2023-12-31,rev_drip_coffee,20472.05
L15,2023-12-31,rev_espresso_drinks,28307.24
L15,2023-12-31,rev_cold_brew,13848.16
L15,2023-12-31,rev_specialty_seasonal,11040.65
L15,2023-12-31,rev_tea,3946.35
L15,2023-12-31,rev_pastries,10263.91
L15,2023-12-31,rev_sandwiches,8311.51
L15,2023-12-31,rev_breakfast,5802.38
L15,2023-12-31,rev_snacks,2491.06
L15,2023-12-31,rev_whole_bean,3894.18
L15,2023-12-31,rev_brew_equipment,1737.12
L15,2023-12-31,rev_merchandise,1143.36
L15,2023-12-31,rev_gift_cards,2131.79
L15,2023-12-31,rev_catering,2962.25
L15,2023-12-31,rev_wholesale,2469.42
L15,2023-12-31,exp_coffee_beans,-13329.45
L15,2023-12-31,exp_dairy,-7474.55
L15,2023-12-31,exp_syrups,-2932.37
L15,2023-12-31,exp_food_ingredients,-6419.81
L15,2023-12-31,exp_packaging,-2886.18
L15,2023-12-31,exp_retail_cogs,-2079.89
L15,2023-12-31,exp_barista_wages,-18838.71
L15,2023-12-31,exp_shift_lead_wages,-6091.46
L15,2023-12-31,exp_store_manager_salary,-6644.98
L15,2023-12-31,exp_payroll_taxes,-3013.4
L15,2023-12-31,exp_employee_benefits,-2222.69
L15,2023-12-31,exp_overtime,-1425.04
L15,2023-12-31,exp_rent,-8521.81
L15,2023-12-31,exp_utilities,-1706.41
L15,2023-12-31,exp_property_insurance,-694.01
L15,2023-12-31,exp_cam,-968.14
L15,2023-12-31,exp_property_tax,-1153.15
L15,2023-12-31,exp_marketing,-1930.44
L15,2023-12-31,exp_pos_software,-722.3
L15,2023-12-31,exp_equipment_maintenance,-1047.43
L15,2023-12-31,exp_cleaning,-822.08
L15,2023-12-31,exp_cc_fees,-1988.24
L15,2023-12-31,exp_office_supplies,-387.82
L15,2023-12-31,exp_waste_removal,-407.31
L15,2023-12-31,exp_corporate_overhead,-2479.07
L15,2023-12-31,exp_training,-663.72
L15,2023-12-31,exp_general_liability_ins,-529.62
L15,2023-12-31,exp_bank_fees,-228.71
L15,2023-12-31,exp_depreciation,-1319.98
L15,2023-12-31,exp_professional_fees,-678.38
L15,2024-01-31,rev_drip_coffee,15129.44
L15,2024-01-31,rev_espresso_drinks,20748.53
L15,2024-01-31,rev_cold_brew,9269.32
L15,2024-01-31,rev_specialty_seasonal,8667.84
L15,2024-01-31,rev_tea,3675.22
L15,2024-01-31,rev_pastries,7900.76
L15,2024-01-31,rev_sandwiches,7100.2
L15,2024-01-31,rev_breakfast,4188.81
L15,2024-01-31,rev_snacks,2054.95
L15,2024-01-31,rev_whole_bean,3125.9
L15,2024-01-31,rev_brew_equipment,1499.64
L15,2024-01-31,rev_merchandise,869.63
L15,2024-01-31,rev_gift_cards,1702.43
L15,2024-01-31,rev_catering,2265.78
L15,2024-01-31,rev_wholesale,1893.95
L15,2024-01-31,exp_coffee_beans,-9737.13
L15,2024-01-31,exp_dairy,-5953.47
L15,2024-01-31,exp_syrups,-1858.93
L15,2024-01-31,exp_food_ingredients,-4547.01
L15,2024-01-31,exp_packaging,-2296.0
L15,2024-01-31,exp_retail_cogs,-1607.0
L15,2024-01-31,exp_barista_wages,-17906.74
L15,2024-01-31,exp_shift_lead_wages,-5161.69
L15,2024-01-31,exp_store_manager_salary,-5965.3
L15,2024-01-31,exp_payroll_taxes,-2493.0
L15,2024-01-31,exp_employee_benefits,-2196.63
L15,2024-01-31,exp_overtime,-1315.69
L15,2024-01-31,exp_rent,-8471.12
L15,2024-01-31,exp_utilities,-1663.72
L15,2024-01-31,exp_property_insurance,-711.69
L15,2024-01-31,exp_cam,-944.02
L15,2024-01-31,exp_property_tax,-1173.88
L15,2024-01-31,exp_marketing,-1816.04
L15,2024-01-31,exp_pos_software,-690.92
L15,2024-01-31,exp_equipment_maintenance,-1025.83
L15,2024-01-31,exp_cleaning,-799.6
L15,2024-01-31,exp_cc_fees,-2090.55
L15,2024-01-31,exp_office_supplies,-378.19
L15,2024-01-31,exp_waste_removal,-413.31
L15,2024-01-31,exp_corporate_overhead,-2685.8
L15,2024-01-31,exp_training,-664.48
L15,2024-01-31,exp_general_liability_ins,-547.19
L15,2024-01-31,exp_bank_fees,-245.89
L15,2024-01-31,exp_depreciation,-1214.03
L15,2024-01-31,exp_professional_fees,-711.13
L15,2024-02-29,rev_drip_coffee,13691.39
L15,2024-02-29,rev_espresso_drinks,19160.85
L15,2024-02-29,rev_cold_brew,9439.36
L15,2024-02-29,rev_specialty_seasonal,8750.05
L15,2024-02-29,rev_tea,3116.86
L15,2024-02-29,rev_pastries,7443.98
L15,2024-02-29,rev_sandwiches,6565.56
L15,2024-02-29,rev_breakfast,4178.5
L15,2024-02-29,rev_snacks,2259.73
L15,2024-02-29,rev_whole_bean,3081.22
L15,2024-02-29,rev_brew_equipment,1456.74
L15,2024-02-29,rev_merchandise,906.99
L15,2024-02-29,rev_gift_cards,1543.13
L15,2024-02-29,rev_catering,1768.42
L15,2024-02-29,rev_wholesale,1808.24
L15,2024-02-29,exp_coffee_beans,-9063.56
L15,2024-02-29,exp_dairy,-5550.04
L15,2024-02-29,exp_syrups,-1997.63
L15,2024-02-29,exp_food_ingredients,-4734.45
L15,2024-02-29,exp_packaging,-2367.37
L15,2024-02-29,exp_retail_cogs,-1477.03
L15,2024-02-29,exp_barista_wages,-15322.01
L15,2024-02-29,exp_shift_lead_wages,-5259.91
L15,2024-02-29,exp_store_manager_salary,-6195.49
L15,2024-02-29,exp_payroll_taxes,-2540.07
L15,2024-02-29,exp_employee_benefits,-2208.83
L15,2024-02-29,exp_overtime,-1308.75
L15,2024-02-29,exp_rent,-8138.83
L15,2024-02-29,exp_utilities,-1677.57
L15,2024-02-29,exp_property_insurance,-686.39
L15,2024-02-29,exp_cam,-958.7
L15,2024-02-29,exp_property_tax,-1193.07
L15,2024-02-29,exp_marketing,-1862.7
L15,2024-02-29,exp_pos_software,-666.92
L15,2024-02-29,exp_equipment_maintenance,-1244.54
L15,2024-02-29,exp_cleaning,-677.22
L15,2024-02-29,exp_cc_fees,-1649.84
L15,2024-02-29,exp_office_supplies,-388.38
L15,2024-02-29,exp_waste_removal,-481.94
L15,2024-02-29,exp_corporate_overhead,-2673.92
L15,2024-02-29,exp_training,-656.9
L15,2024-02-29,exp_general_liability_ins,-529.79
L15,2024-02-29,exp_bank_fees,-180.26
L15,2024-02-29,exp_depreciation,-1458.18
L15,2024-02-29,exp_professional_fees,-645.55
L15,2024-03-31,rev_drip_coffee,16776.46
L15,2024-03-31,rev_espresso_drinks,23563.35
L15,2024-03-31,rev_cold_brew,8910.18
L15,2024-03-31,rev_specialty_seasonal,7156.08
L15,2024-03-31,rev_tea,3807.86
L15,2024-03-31,rev_pastries,7711.26
L15,2024-03-31,rev_sandwiches,7142.48
L15,2024-03-31,rev_breakfast,4746.55
L15,2024-03-31,rev_snacks,2017.98
L15,2024-03-31,rev_whole_bean,3344.27
L15,2024-03-31,rev_brew_equipment,1585.92
L15,2024-03-31,rev_merchandise,930.86
L15,2024-03-31,rev_gift_cards,1753.07
L15,2024-03-31,rev_catering,2310.6
L15,2024-03-31,rev_wholesale,1757.41
L15,2024-03-31,exp_coffee_beans,-9837.27
L15,2024-03-31,exp_dairy,-6231.66
L15,2024-03-31,exp_syrups,-2049.96
L15,2024-03-31,exp_food_ingredients,-4426.42
L15,2024-03-31,exp_packaging,-2354.45
L15,2024-03-31,exp_retail_cogs,-1628.64
L15,2024-03-31,exp_barista_wages,-15980.34
L15,2024-03-31,exp_shift_lead_wages,-5363.12
L15,2024-03-31,exp_store_manager_salary,-6611.97
L15,2024-03-31,exp_payroll_taxes,-2836.97
L15,2024-03-31,exp_employee_benefits,-2142.21
L15,2024-03-31,exp_overtime,-1345.59
L15,2024-03-31,exp_rent,-8516.87
L15,2024-03-31,exp_utilities,-1787.37
L15,2024-03-31,exp_property_insurance,-715.4
L15,2024-03-31,exp_cam,-943.42
L15,2024-03-31,exp_property_tax,-1196.93
L15,2024-03-31,exp_marketing,-1974.96
L15,2024-03-31,exp_pos_software,-586.84
L15,2024-03-31,exp_equipment_maintenance,-1045.11
L15,2024-03-31,exp_cleaning,-892.51
L15,2024-03-31,exp_cc_fees,-1976.19
L15,2024-03-31,exp_office_supplies,-326.86
L15,2024-03-31,exp_waste_removal,-439.2
L15,2024-03-31,exp_corporate_overhead,-2693.66
L15,2024-03-31,exp_training,-460.04
L15,2024-03-31,exp_general_liability_ins,-426.43
L15,2024-03-31,exp_bank_fees,-228.12
L15,2024-03-31,exp_depreciation,-1468.39
L15,2024-03-31,exp_professional_fees,-558.75
L15,2024-04-30,rev_drip_coffee,16392.78
L15,2024-04-30,rev_espresso_drinks,25028.89
L15,2024-04-30,rev_cold_brew,10558.07
L15,2024-04-30,rev_specialty_seasonal,6830.85
L15,2024-04-30,rev_tea,3898.53
L15,2024-04-30,rev_pastries,8626.12
L15,2024-04-30,rev_sandwiches,6555.91
L15,2024-04-30,rev_breakfast,4170.13
L15,2024-04-30,rev_snacks,2442.09
L15,2024-04-30,rev_whole_bean,3165.07
L15,2024-04-30,rev_brew_equipment,1715.26
L15,2024-04-30,rev_merchandise,1036.94
L15,2024-04-30,rev_gift_cards,1598.65
L15,2024-04-30,rev_catering,2370.94
L15,2024-04-30,rev_wholesale,2152.19
L15,2024-04-30,exp_coffee_beans,-10442.86
L15,2024-04-30,exp_dairy,-6603.88
L15,2024-04-30,exp_syrups,-2382.82
L15,2024-04-30,exp_food_ingredients,-5350.58
L15,2024-04-30,exp_packaging,-2485.51
L15,2024-04-30,exp_retail_cogs,-1869.55
L15,2024-04-30,exp_barista_wages,-17083.59
L15,2024-04-30,exp_shift_lead_wages,-6285.24
L15,2024-04-30,exp_store_manager_salary,-6567.61
L15,2024-04-30,exp_payroll_taxes,-3101.85
L15,2024-04-30,exp_employee_benefits,-2293.14
L15,2024-04-30,exp_overtime,-1379.6
L15,2024-04-30,exp_rent,-8434.82
L15,2024-04-30,exp_utilities,-1679.82
L15,2024-04-30,exp_property_insurance,-682.01
L15,2024-04-30,exp_cam,-958.85
L15,2024-04-30,exp_property_tax,-1202.75
L15,2024-04-30,exp_marketing,-1572.91
L15,2024-04-30,exp_pos_software,-639.18
L15,2024-04-30,exp_equipment_maintenance,-1149.39
L15,2024-04-30,exp_cleaning,-656.57
L15,2024-04-30,exp_cc_fees,-1986.43
L15,2024-04-30,exp_office_supplies,-322.7
L15,2024-04-30,exp_waste_removal,-398.4
L15,2024-04-30,exp_corporate_overhead,-2529.62
L15,2024-04-30,exp_training,-660.49
L15,2024-04-30,exp_general_liability_ins,-480.62
L15,2024-04-30,exp_bank_fees,-185.72
L15,2024-04-30,exp_depreciation,-1241.71
L15,2024-04-30,exp_professional_fees,-748.45
L15,2024-05-31,rev_drip_coffee,14884.95
L15,2024-05-31,rev_espresso_drinks,26475.7
L15,2024-05-31,rev_cold_brew,11346.02
L15,2024-05-31,rev_specialty_seasonal,7119.81
L15,2024-05-31,rev_tea,4007.62
L15,2024-05-31,rev_pastries,8189.45
L15,2024-05-31,rev_sandwiches,8031.79
L15,2024-05-31,rev_breakfast,4269.9
L15,2024-05-31,rev_snacks,2933.81
L15,2024-05-31,rev_whole_bean,3275.8
L15,2024-05-31,rev_brew_equipment,1668.45
L15,2024-05-31,rev_merchandise,950.42
L15,2024-05-31,rev_gift_cards,1763.55
L15,2024-05-31,rev_catering,2457.17
L15,2024-05-31,rev_wholesale,2566.67
L15,2024-05-31,exp_coffee_beans,-11322.95
L15,2024-05-31,exp_dairy,-6377.69
L15,2024-05-31,exp_syrups,-2288.11
L15,2024-05-31,exp_food_ingredients,-4897.63
L15,2024-05-31,exp_packaging,-2565.4
L15,2024-05-31,exp_retail_cogs,-2018.46
L15,2024-05-31,exp_barista_wages,-18417.2
L15,2024-05-31,exp_shift_lead_wages,-5902.25
L15,2024-05-31,exp_store_manager_salary,-6265.31
L15,2024-05-31,exp_payroll_taxes,-2934.54
L15,2024-05-31,exp_employee_benefits,-2428.83
L15,2024-05-31,exp_overtime,-1311.46
L15,2024-05-31,exp_rent,-8410.88
L15,2024-05-31,exp_utilities,-1732.68
L15,2024-05-31,exp_property_insurance,-702.89
L15,2024-05-31,exp_cam,-959.87
L15,2024-05-31,exp_property_tax,-1202.41
L15,2024-05-31,exp_marketing,-1875.96
L15,2024-05-31,exp_pos_software,-640.12
L15,2024-05-31,exp_equipment_maintenance,-1162.77
L15,2024-05-31,exp_cleaning,-665.94
L15,2024-05-31,exp_cc_fees,-1464.51
L15,2024-05-31,exp_office_supplies,-332.15
L15,2024-05-31,exp_waste_removal,-455.59
L15,2024-05-31,exp_corporate_overhead,-2896.97
L15,2024-05-31,exp_training,-519.53
L15,2024-05-31,exp_general_liability_ins,-606.67
L15,2024-05-31,exp_bank_fees,-225.26
L15,2024-05-31,exp_depreciation,-1427.49
L15,2024-05-31,exp_professional_fees,-626.46
L15,2024-06-30,rev_drip_coffee,20587.07
L15,2024-06-30,rev_espresso_drinks,25479.69
L15,2024-06-30,rev_cold_brew,14516.23
L15,2024-06-30,rev_specialty_seasonal,9111.16
L15,2024-06-30,rev_tea,4306.99
L15,2024-06-30,rev_pastries,9929.9
L15,2024-06-30,rev_sandwiches,9613.71
L15,2024-06-30,rev_breakfast,5282.66
L15,2024-06-30,rev_snacks,3044.89
L15,2024-06-30,rev_whole_bean,3823.61
L15,2024-06-30,rev_brew_equipment,1820.24
L15,2024-06-30,rev_merchandise,1102.26
L15,2024-06-30,rev_gift_cards,1961.76
L15,2024-06-30,rev_catering,2727.66
L15,2024-06-30,rev_wholesale,2140.38
L15,2024-06-30,exp_coffee_beans,-12391.35
L15,2024-06-30,exp_dairy,-7272.28
L15,2024-06-30,exp_syrups,-2598.34
L15,2024-06-30,exp_food_ingredients,-5829.8
L15,2024-06-30,exp_packaging,-3034.78
L15,2024-06-30,exp_retail_cogs,-2074.35
L15,2024-06-30,exp_barista_wages,-18405.25
L15,2024-06-30,exp_shift_lead_wages,-5936.95
L15,2024-06-30,exp_store_manager_salary,-7421.32
L15,2024-06-30,exp_payroll_taxes,-2892.04
L15,2024-06-30,exp_employee_benefits,-2776.43
L15,2024-06-30,exp_overtime,-1349.68
L15,2024-06-30,exp_rent,-8494.36
L15,2024-06-30,exp_utilities,-1711.84
L15,2024-06-30,exp_property_insurance,-694.64
L15,2024-06-30,exp_cam,-937.7
L15,2024-06-30,exp_property_tax,-1198.09
L15,2024-06-30,exp_marketing,-1677.48
L15,2024-06-30,exp_pos_software,-567.56
L15,2024-06-30,exp_equipment_maintenance,-1134.13
L15,2024-06-30,exp_cleaning,-882.84
L15,2024-06-30,exp_cc_fees,-1647.33
L15,2024-06-30,exp_office_supplies,-400.2
L15,2024-06-30,exp_waste_removal,-473.54
L15,2024-06-30,exp_corporate_overhead,-2543.93
L15,2024-06-30,exp_training,-630.58
L15,2024-06-30,exp_general_liability_ins,-505.08
L15,2024-06-30,exp_bank_fees,-236.28
L15,2024-06-30,exp_depreciation,-1263.11
L15,2024-06-30,exp_professional_fees,-601.73
L15,2024-07-31,rev_drip_coffee,19994.2
L15,2024-07-31,rev_espresso_drinks,27648.26
L15,2024-07-31,rev_cold_brew,16492.63
L15,2024-07-31,rev_specialty_seasonal,9011.32
L15,2024-07-31,rev_tea,4938.08
L15,2024-07-31,rev_pastries,9920.14
L15,2024-07-31,rev_sandwiches,7687.53
L15,2024-07-31,rev_breakfast,5123.86
L15,2024-07-31,rev_snacks,2707.08
L15,2024-07-31,rev_whole_bean,3937.03
L15,2024-07-31,rev_brew_equipment,1633.14
L15,2024-07-31,rev_merchandise,1026.28
L15,2024-07-31,rev_gift_cards,1652.37
L15,2024-07-31,rev_catering,2811.27
L15,2024-07-31,rev_wholesale,1852.35
L15,2024-07-31,exp_coffee_beans,-12211.57
L15,2024-07-31,exp_dairy,-7537.21
L15,2024-07-31,exp_syrups,-2470.46
L15,2024-07-31,exp_food_ingredients,-5485.83
L15,2024-07-31,exp_packaging,-2823.17
L15,2024-07-31,exp_retail_cogs,-1939.59
L15,2024-07-31,exp_barista_wages,-19097.6
L15,2024-07-31,exp_shift_lead_wages,-5494.44
L15,2024-07-31,exp_store_manager_salary,-6889.81
L15,2024-07-31,exp_payroll_taxes,-3043.42
L15,2024-07-31,exp_employee_benefits,-2508.59
L15,2024-07-31,exp_overtime,-1575.21
L15,2024-07-31,exp_rent,-8377.47
L15,2024-07-31,exp_utilities,-1728.88
L15,2024-07-31,exp_property_insurance,-686.65
L15,2024-07-31,exp_cam,-967.08
L15,2024-07-31,exp_property_tax,-1170.27
L15,2024-07-31,exp_marketing,-1931.28
L15,2024-07-31,exp_pos_software,-706.29
L15,2024-07-31,exp_equipment_maintenance,-965.43
L15,2024-07-31,exp_cleaning,-719.02
L15,2024-07-31,exp_cc_fees,-1679.25
L15,2024-07-31,exp_office_supplies,-345.32
L15,2024-07-31,exp_waste_removal,-446.2
L15,2024-07-31,exp_corporate_overhead,-2473.97
L15,2024-07-31,exp_training,-639.6
L15,2024-07-31,exp_general_liability_ins,-651.06
L15,2024-07-31,exp_bank_fees,-211.89
L15,2024-07-31,exp_depreciation,-1486.63
L15,2024-07-31,exp_professional_fees,-755.71
L15,2024-08-31,rev_drip_coffee,17117.41
L15,2024-08-31,rev_espresso_drinks,23314.26
L15,2024-08-31,rev_cold_brew,18176.35
L15,2024-08-31,rev_specialty_seasonal,7888.65
L15,2024-08-31,rev_tea,4205.48
L15,2024-08-31,rev_pastries,10230.5
L15,2024-08-31,rev_sandwiches,8835.28
L15,2024-08-31,rev_breakfast,4926.27
L15,2024-08-31,rev_snacks,2557.41
L15,2024-08-31,rev_whole_bean,3591.51
L15,2024-08-31,rev_brew_equipment,1851.37
L15,2024-08-31,rev_merchandise,1144.77
L15,2024-08-31,rev_gift_cards,1901.03
L15,2024-08-31,rev_catering,3028.55
L15,2024-08-31,rev_wholesale,2143.77
L15,2024-08-31,exp_coffee_beans,-12456.84
L15,2024-08-31,exp_dairy,-7044.25
L15,2024-08-31,exp_syrups,-2688.5
L15,2024-08-31,exp_food_ingredients,-5757.17
L15,2024-08-31,exp_packaging,-2715.87
L15,2024-08-31,exp_retail_cogs,-1918.14
L15,2024-08-31,exp_barista_wages,-18453.17
L15,2024-08-31,exp_shift_lead_wages,-5478.79
L15,2024-08-31,exp_store_manager_salary,-6224.21
L15,2024-08-31,exp_payroll_taxes,-3095.7
L15,2024-08-31,exp_employee_benefits,-2376.32
L15,2024-08-31,exp_overtime,-1357.67
L15,2024-08-31,exp_rent,-8329.3
L15,2024-08-31,exp_utilities,-1713.4
L15,2024-08-31,exp_property_insurance,-695.45
L15,2024-08-31,exp_cam,-996.26
L15,2024-08-31,exp_property_tax,-1192.32
L15,2024-08-31,exp_marketing,-2331.44
L15,2024-08-31,exp_pos_software,-634.13
L15,2024-08-31,exp_equipment_maintenance,-1095.92
L15,2024-08-31,exp_cleaning,-720.12
L15,2024-08-31,exp_cc_fees,-1666.06
L15,2024-08-31,exp_office_supplies,-441.76
L15,2024-08-31,exp_waste_removal,-404.91
L15,2024-08-31,exp_corporate_overhead,-1994.44
L15,2024-08-31,exp_training,-516.89
L15,2024-08-31,exp_general_liability_ins,-410.36
L15,2024-08-31,exp_bank_fees,-203.28
L15,2024-08-31,exp_depreciation,-1320.17
L15,2024-08-31,exp_professional_fees,-687.06
L15,2024-09-30,rev_drip_coffee,13558.17
L15,2024-09-30,rev_espresso_drinks,25734.26
L15,2024-09-30,rev_cold_brew,9315.88
L15,2024-09-30,rev_specialty_seasonal,6863.42
L15,2024-09-30,rev_tea,3704.06
L15,2024-09-30,rev_pastries,9061.34
L15,2024-09-30,rev_sandwiches,7934.23
L15,2024-09-30,rev_breakfast,5020.98
L15,2024-09-30,rev_snacks,2498.01
L15,2024-09-30,rev_whole_bean,3338.24
L15,2024-09-30,rev_brew_equipment,1617.51
L15,2024-09-30,rev_merchandise,1089.47
L15,2024-09-30,rev_gift_cards,1907.61
L15,2024-09-30,rev_catering,2523.9
L15,2024-09-30,rev_wholesale,2050.65
L15,2024-09-30,exp_coffee_beans,-10987.41
L15,2024-09-30,exp_dairy,-6593.28
L15,2024-09-30,exp_syrups,-2504.56
L15,2024-09-30,exp_food_ingredients,-5082.36
L15,2024-09-30,exp_packaging,-2466.76
L15,2024-09-30,exp_retail_cogs,-1755.1
L15,2024-09-30,exp_barista_wages,-18218.92
L15,2024-09-30,exp_shift_lead_wages,-4818.31
L15,2024-09-30,exp_store_manager_salary,-6482.32
L15,2024-09-30,exp_payroll_taxes,-3084.41
L15,2024-09-30,exp_employee_benefits,-2291.51
L15,2024-09-30,exp_overtime,-1367.27
L15,2024-09-30,exp_rent,-8696.13
L15,2024-09-30,exp_utilities,-1722.97
L15,2024-09-30,exp_property_insurance,-664.2
L15,2024-09-30,exp_cam,-935.64
L15,2024-09-30,exp_property_tax,-1170.83
L15,2024-09-30,exp_marketing,-1770.78
L15,2024-09-30,exp_pos_software,-670.11
L15,2024-09-30,exp_equipment_maintenance,-986.33
L15,2024-09-30,exp_cleaning,-836.15
L15,2024-09-30,exp_cc_fees,-1572.47
L15,2024-09-30,exp_office_supplies,-356.17
L15,2024-09-30,exp_waste_removal,-448.13
L15,2024-09-30,exp_corporate_overhead,-2655.01
L15,2024-09-30,exp_training,-564.44
L15,2024-09-30,exp_general_liability_ins,-389.67
L15,2024-09-30,exp_bank_fees,-226.52
L15,2024-09-30,exp_depreciation,-1422.4
L15,2024-09-30,exp_professional_fees,-743.81
L15,2024-10-31,rev_drip_coffee,16818.88
L15,2024-10-31,rev_espresso_drinks,23470.24
L15,2024-10-31,rev_cold_brew,11014.95
L15,2024-10-31,rev_specialty_seasonal,7533.84
L15,2024-10-31,rev_tea,4071.19
L15,2024-10-31,rev_pastries,8516.98
L15,2024-10-31,rev_sandwiches,8864.43
L15,2024-10-31,rev_breakfast,4269.73
L15,2024-10-31,rev_snacks,2282.79
L15,2024-10-31,rev_whole_bean,3396.21
L15,2024-10-31,rev_brew_equipment,1489.2
L15,2024-10-31,rev_merchandise,792.22
L15,2024-10-31,rev_gift_cards,1662.84
L15,2024-10-31,rev_catering,2478.61
L15,2024-10-31,rev_wholesale,1964.54
L15,2024-10-31,exp_coffee_beans,-10372.59
L15,2024-10-31,exp_dairy,-6347.58
L15,2024-10-31,exp_syrups,-2242.4
L15,2024-10-31,exp_food_ingredients,-5224.22
L15,2024-10-31,exp_packaging,-2384.28
L15,2024-10-31,exp_retail_cogs,-1836.37
L15,2024-10-31,exp_barista_wages,-16482.11
L15,2024-10-31,exp_shift_lead_wages,-5304.26
L15,2024-10-31,exp_store_manager_salary,-7134.01
L15,2024-10-31,exp_payroll_taxes,-2723.87
L15,2024-10-31,exp_employee_benefits,-2251.4
L15,2024-10-31,exp_overtime,-1238.75
L15,2024-10-31,exp_rent,-8206.07
L15,2024-10-31,exp_utilities,-1716.35
L15,2024-10-31,exp_property_insurance,-705.17
L15,2024-10-31,exp_cam,-962.42
L15,2024-10-31,exp_property_tax,-1169.09
L15,2024-10-31,exp_marketing,-1686.26
L15,2024-10-31,exp_pos_software,-615.02
L15,2024-10-31,exp_equipment_maintenance,-859.15
L15,2024-10-31,exp_cleaning,-803.99
L15,2024-10-31,exp_cc_fees,-1907.38
L15,2024-10-31,exp_office_supplies,-362.25
L15,2024-10-31,exp_waste_removal,-457.96
L15,2024-10-31,exp_corporate_overhead,-2792.39
L15,2024-10-31,exp_training,-561.9
L15,2024-10-31,exp_general_liability_ins,-585.04
L15,2024-10-31,exp_bank_fees,-201.65
L15,2024-10-31,exp_depreciation,-1393.82
L15,2024-10-31,exp_professional_fees,-652.62
L15,2024-11-30,rev_drip_coffee,18060.35
L15,2024-11-30,rev_espresso_drinks,22015.48
L15,2024-11-30,rev_cold_brew,12949.74
L15,2024-11-30,rev_specialty_seasonal,11124.63
L15,2024-11-30,rev_tea,4590.15
L15,2024-11-30,rev_pastries,8970.89
L15,2024-11-30,rev_sandwiches,7811.4
L15,2024-11-30,rev_breakfast,5110.55
L15,2024-11-30,rev_snacks,2948.27
L15,2024-11-30,rev_whole_bean,3461.28
L15,2024-11-30,rev_brew_equipment,1392.97
L15,2024-11-30,rev_merchandise,910.09
L15,2024-11-30,rev_gift_cards,1934.38
L15,2024-11-30,rev_catering,2926.3
L15,2024-11-30,rev_wholesale,1909.77
L15,2024-11-30,exp_coffee_beans,-11496.16
L15,2024-11-30,exp_dairy,-6721.72
L15,2024-11-30,exp_syrups,-2638.12
L15,2024-11-30,exp_food_ingredients,-6062.59
L15,2024-11-30,exp_packaging,-2716.81
L15,2024-11-30,exp_retail_cogs,-1985.57
L15,2024-11-30,exp_barista_wages,-19259.06
L15,2024-11-30,exp_shift_lead_wages,-5240.32
L15,2024-11-30,exp_store_manager_salary,-7000.57
L15,2024-11-30,exp_payroll_taxes,-2827.69
L15,2024-11-30,exp_employee_benefits,-2407.69
L15,2024-11-30,exp_overtime,-1485.19
L15,2024-11-30,exp_rent,-8357.63
L15,2024-11-30,exp_utilities,-1749.36
L15,2024-11-30,exp_property_insurance,-713.41
L15,2024-11-30,exp_cam,-928.95
L15,2024-11-30,exp_property_tax,-1125.48
L15,2024-11-30,exp_marketing,-2149.34
L15,2024-11-30,exp_pos_software,-743.0
L15,2024-11-30,exp_equipment_maintenance,-1042.35
L15,2024-11-30,exp_cleaning,-778.2
L15,2024-11-30,exp_cc_fees,-1922.74
L15,2024-11-30,exp_office_supplies,-395.52
L15,2024-11-30,exp_waste_removal,-425.26
L15,2024-11-30,exp_corporate_overhead,-2812.83
L15,2024-11-30,exp_training,-537.0
L15,2024-11-30,exp_general_liability_ins,-525.99
L15,2024-11-30,exp_bank_fees,-229.14
L15,2024-11-30,exp_depreciation,-1320.06
L15,2024-11-30,exp_professional_fees,-633.78
L15,2024-12-31,rev_drip_coffee,22863.97
L15,2024-12-31,rev_espresso_drinks,26088.0
L15,2024-12-31,rev_cold_brew,13497.8
L15,2024-12-31,rev_specialty_seasonal,12584.05
L15,2024-12-31,rev_tea,4528.57
L15,2024-12-31,rev_pastries,10712.93
L15,2024-12-31,rev_sandwiches,9473.3
L15,2024-12-31,rev_breakfast,5102.86
L15,2024-12-31,rev_snacks,3208.92
L15,2024-12-31,rev_whole_bean,3966.27
L15,2024-12-31,rev_brew_equipment,2133.63
L15,2024-12-31,rev_merchandise,1245.29
L15,2024-12-31,rev_gift_cards,2020.49
L15,2024-12-31,rev_catering,3023.6
L15,2024-12-31,rev_wholesale,2229.76
L15,2024-12-31,exp_coffee_beans,-13335.39
L15,2024-12-31,exp_dairy,-7640.48
L15,2024-12-31,exp_syrups,-2606.59
L15,2024-12-31,exp_food_ingredients,-5895.25
L15,2024-12-31,exp_packaging,-3371.09
L15,2024-12-31,exp_retail_cogs,-2156.39
L15,2024-12-31,exp_barista_wages,-18966.62
L15,2024-12-31,exp_shift_lead_wages,-5819.31
L15,2024-12-31,exp_store_manager_salary,-7349.64
L15,2024-12-31,exp_payroll_taxes,-3081.34
L15,2024-12-31,exp_employee_benefits,-2417.95
L15,2024-12-31,exp_overtime,-1475.93
L15,2024-12-31,exp_rent,-8337.45
L15,2024-12-31,exp_utilities,-1697.34
L15,2024-12-31,exp_property_insurance,-682.95
L15,2024-12-31,exp_cam,-955.26
L15,2024-12-31,exp_property_tax,-1165.68
L15,2024-12-31,exp_marketing,-1808.42
L15,2024-12-31,exp_pos_software,-681.59
L15,2024-12-31,exp_equipment_maintenance,-1242.52
L15,2024-12-31,exp_cleaning,-848.56
L15,2024-12-31,exp_cc_fees,-2107.87
L15,2024-12-31,exp_office_supplies,-343.07
L15,2024-12-31,exp_waste_removal,-512.05
L15,2024-12-31,exp_corporate_overhead,-2625.77
L15,2024-12-31,exp_training,-611.14
L15,2024-12-31,exp_general_liability_ins,-536.99
L15,2024-12-31,exp_bank_fees,-216.94
L15,2024-12-31,exp_depreciation,-1548.08
L15,2024-12-31,exp_professional_fees,-717.85
L15,2025-01-31,rev_drip_coffee,12584.88
L15,2025-01-31,rev_espresso_drinks,21018.57
L15,2025-01-31,rev_cold_brew,10598.48
L15,2025-01-31,rev_specialty_seasonal,9289.9
L15,2025-01-31,rev_tea,3566.23
L15,2025-01-31,rev_pastries,7221.16
L15,2025-01-31,rev_sandwiches,7118.34
L15,2025-01-31,rev_breakfast,4112.84
L15,2025-01-31,rev_snacks,2287.28
L15,2025-01-31,rev_whole_bean,2963.56
L15,2025-01-31,rev_brew_equipment,1518.88
L15,2025-01-31,rev_merchandise,934.98
L15,2025-01-31,rev_gift_cards,1649.12
L15,2025-01-31,rev_catering,2588.91
L15,2025-01-31,rev_wholesale,1888.63
L15,2025-01-31,exp_coffee_beans,-10546.49
L15,2025-01-31,exp_dairy,-5919.49
L15,2025-01-31,exp_syrups,-2018.46
L15,2025-01-31,exp_food_ingredients,-4403.95
L15,2025-01-31,exp_packaging,-2298.44
L15,2025-01-31,exp_retail_cogs,-1406.13
L15,2025-01-31,exp_barista_wages,-17262.95
L15,2025-01-31,exp_shift_lead_wages,-5367.27
L15,2025-01-31,exp_store_manager_salary,-6153.71
L15,2025-01-31,exp_payroll_taxes,-2779.56
L15,2025-01-31,exp_employee_benefits,-2088.06
L15,2025-01-31,exp_overtime,-1397.27
L15,2025-01-31,exp_rent,-8287.84
L15,2025-01-31,exp_utilities,-1678.34
L15,2025-01-31,exp_property_insurance,-702.92
L15,2025-01-31,exp_cam,-964.92
L15,2025-01-31,exp_property_tax,-1168.3
L15,2025-01-31,exp_marketing,-1836.21
L15,2025-01-31,exp_pos_software,-662.88
L15,2025-01-31,exp_equipment_maintenance,-1153.04
L15,2025-01-31,exp_cleaning,-783.99
L15,2025-01-31,exp_cc_fees,-1759.03
L15,2025-01-31,exp_office_supplies,-394.72
L15,2025-01-31,exp_waste_removal,-439.81
L15,2025-01-31,exp_corporate_overhead,-2670.52
L15,2025-01-31,exp_training,-564.68
L15,2025-01-31,exp_general_liability_ins,-543.77
L15,2025-01-31,exp_bank_fees,-214.67
L15,2025-01-31,exp_depreciation,-1279.63
L15,2025-01-31,exp_professional_fees,-746.73
L15,2025-02-28,rev_drip_coffee,16058.2
L15,2025-02-28,rev_espresso_drinks,18944.42
L15,2025-02-28,rev_cold_brew,9825.83
L15,2025-02-28,rev_specialty_seasonal,8567.13
L15,2025-02-28,rev_tea,3598.26
L15,2025-02-28,rev_pastries,7660.51
L15,2025-02-28,rev_sandwiches,8635.92
L15,2025-02-28,rev_breakfast,3954.95
L15,2025-02-28,rev_snacks,2553.05
L15,2025-02-28,rev_whole_bean,3464.93
L15,2025-02-28,rev_brew_equipment,1442.91
L15,2025-02-28,rev_merchandise,892.25
L15,2025-02-28,rev_gift_cards,1593.53
L15,2025-02-28,rev_catering,2176.38
L15,2025-02-28,rev_wholesale,1940.54
L15,2025-02-28,exp_coffee_beans,-9303.73
L15,2025-02-28,exp_dairy,-5664.06
L15,2025-02-28,exp_syrups,-1980.74
L15,2025-02-28,exp_food_ingredients,-4154.43
L15,2025-02-28,exp_packaging,-2315.93
L15,2025-02-28,exp_retail_cogs,-1670.41
L15,2025-02-28,exp_barista_wages,-16174.57
L15,2025-02-28,exp_shift_lead_wages,-5536.9
L15,2025-02-28,exp_store_manager_salary,-5585.88
L15,2025-02-28,exp_payroll_taxes,-2770.9
L15,2025-02-28,exp_employee_benefits,-2217.9
L15,2025-02-28,exp_overtime,-1283.77
L15,2025-02-28,exp_rent,-8357.9
L15,2025-02-28,exp_utilities,-1708.98
L15,2025-02-28,exp_property_insurance,-689.95
L15,2025-02-28,exp_cam,-960.69
L15,2025-02-28,exp_property_tax,-1208.82
L15,2025-02-28,exp_marketing,-1814.13
L15,2025-02-28,exp_pos_software,-812.84
L15,2025-02-28,exp_equipment_maintenance,-951.72
L15,2025-02-28,exp_cleaning,-766.81
L15,2025-02-28,exp_cc_fees,-1865.93
L15,2025-02-28,exp_office_supplies,-353.11
L15,2025-02-28,exp_waste_removal,-499.23
L15,2025-02-28,exp_corporate_overhead,-2707.4
L15,2025-02-28,exp_training,-544.88
L15,2025-02-28,exp_general_liability_ins,-583.9
L15,2025-02-28,exp_bank_fees,-201.84
L15,2025-02-28,exp_depreciation,-1362.51
L15,2025-02-28,exp_professional_fees,-723.16
L15,2025-03-31,rev_drip_coffee,16464.8
L15,2025-03-31,rev_espresso_drinks,22987.15
L15,2025-03-31,rev_cold_brew,10351.02
L15,2025-03-31,rev_specialty_seasonal,6482.84
L15,2025-03-31,rev_tea,3956.47
L15,2025-03-31,rev_pastries,8265.81
L15,2025-03-31,rev_sandwiches,6849.11
L15,2025-03-31,rev_breakfast,4049.58
L15,2025-03-31,rev_snacks,2751.45
L15,2025-03-31,rev_whole_bean,3117.75
L15,2025-03-31,rev_brew_equipment,1526.51
L15,2025-03-31,rev_merchandise,1064.17
L15,2025-03-31,rev_gift_cards,1781.38
L15,2025-03-31,rev_catering,2205.3
L15,2025-03-31,rev_wholesale,1764.68
L15,2025-03-31,exp_coffee_beans,-11483.9
L15,2025-03-31,exp_dairy,-5843.33
L15,2025-03-31,exp_syrups,-2108.9
L15,2025-03-31,exp_food_ingredients,-4999.98
L15,2025-03-31,exp_packaging,-2370.97
L15,2025-03-31,exp_retail_cogs,-1761.41
L15,2025-03-31,exp_barista_wages,-15879.0
L15,2025-03-31,exp_shift_lead_wages,-5331.89
L15,2025-03-31,exp_store_manager_salary,-6651.81
L15,2025-03-31,exp_payroll_taxes,-2982.43
L15,2025-03-31,exp_employee_benefits,-2234.82
L15,2025-03-31,exp_overtime,-1241.39
L15,2025-03-31,exp_rent,-8379.79
L15,2025-03-31,exp_utilities,-1666.69
L15,2025-03-31,exp_property_insurance,-713.2
L15,2025-03-31,exp_cam,-965.81
L15,2025-03-31,exp_property_tax,-1160.34
L15,2025-03-31,exp_marketing,-1722.52
L15,2025-03-31,exp_pos_software,-621.26
L15,2025-03-31,exp_equipment_maintenance,-857.54
L15,2025-03-31,exp_cleaning,-785.88
L15,2025-03-31,exp_cc_fees,-1623.39
L15,2025-03-31,exp_office_supplies,-378.25
L15,2025-03-31,exp_waste_removal,-462.18
L15,2025-03-31,exp_corporate_overhead,-2815.43
L15,2025-03-31,exp_training,-570.28
L15,2025-03-31,exp_general_liability_ins,-571.26
L15,2025-03-31,exp_bank_fees,-255.79
L15,2025-03-31,exp_depreciation,-1481.47
L15,2025-03-31,exp_professional_fees,-706.45
L15,2025-04-30,rev_drip_coffee,15560.72
L15,2025-04-30,rev_espresso_drinks,21724.49
L15,2025-04-30,rev_cold_brew,12136.85
L15,2025-04-30,rev_specialty_seasonal,7301.61
L15,2025-04-30,rev_tea,4028.88
L15,2025-04-30,rev_pastries,8133.26
L15,2025-04-30,rev_sandwiches,8757.29
L15,2025-04-30,rev_breakfast,4521.09
L15,2025-04-30,rev_snacks,2417.75
L15,2025-04-30,rev_whole_bean,3322.26
L15,2025-04-30,rev_brew_equipment,1770.21
L15,2025-04-30,rev_merchandise,921.07
L15,2025-04-30,rev_gift_cards,1689.2
L15,2025-04-30,rev_catering,3044.16
L15,2025-04-30,rev_wholesale,2174.06
L15,2025-04-30,exp_coffee_beans,-10649.57
L15,2025-04-30,exp_dairy,-6137.81
L15,2025-04-30,exp_syrups,-2092.11
L15,2025-04-30,exp_food_ingredients,-5191.99
L15,2025-04-30,exp_packaging,-2615.22
L15,2025-04-30,exp_retail_cogs,-1939.28
L15,2025-04-30,exp_barista_wages,-15812.34
L15,2025-04-30,exp_shift_lead_wages,-5092.58
L15,2025-04-30,exp_store_manager_salary,-6501.75
L15,2025-04-30,exp_payroll_taxes,-3426.65
L15,2025-04-30,exp_employee_benefits,-2497.12
L15,2025-04-30,exp_overtime,-1385.21
L15,2025-04-30,exp_rent,-8139.71
L15,2025-04-30,exp_utilities,-1639.04
L15,2025-04-30,exp_property_insurance,-695.88
L15,2025-04-30,exp_cam,-960.87
L15,2025-04-30,exp_property_tax,-1170.43
L15,2025-04-30,exp_marketing,-1852.31
L15,2025-04-30,exp_pos_software,-613.62
L15,2025-04-30,exp_equipment_maintenance,-916.92
L15,2025-04-30,exp_cleaning,-852.88
L15,2025-04-30,exp_cc_fees,-1608.62
L15,2025-04-30,exp_office_supplies,-353.67
L15,2025-04-30,exp_waste_removal,-436.89
L15,2025-04-30,exp_corporate_overhead,-2748.75
L15,2025-04-30,exp_training,-508.89
L15,2025-04-30,exp_general_liability_ins,-563.71
L15,2025-04-30,exp_bank_fees,-211.63
L15,2025-04-30,exp_depreciation,-1420.79
L15,2025-04-30,exp_professional_fees,-797.14
L15,2025-05-31,rev_drip_coffee,15775.43
L15,2025-05-31,rev_espresso_drinks,26196.01
L15,2025-05-31,rev_cold_brew,12487.14
L15,2025-05-31,rev_specialty_seasonal,7493.63
L15,2025-05-31,rev_tea,3972.29
L15,2025-05-31,rev_pastries,10487.82
L15,2025-05-31,rev_sandwiches,8128.91
L15,2025-05-31,rev_breakfast,4914.53
L15,2025-05-31,rev_snacks,2639.61
L15,2025-05-31,rev_whole_bean,3700.36
L15,2025-05-31,rev_brew_equipment,1778.53
L15,2025-05-31,rev_merchandise,1038.09
L15,2025-05-31,rev_gift_cards,1568.74
L15,2025-05-31,rev_catering,2701.31
L15,2025-05-31,rev_wholesale,1939.8
L15,2025-05-31,exp_coffee_beans,-12038.07
L15,2025-05-31,exp_dairy,-6812.65
L15,2025-05-31,exp_syrups,-2510.24
L15,2025-05-31,exp_food_ingredients,-5167.99
L15,2025-05-31,exp_packaging,-2578.63
L15,2025-05-31,exp_retail_cogs,-1860.35
L15,2025-05-31,exp_barista_wages,-16642.2
L15,2025-05-31,exp_shift_lead_wages,-6042.79
L15,2025-05-31,exp_store_manager_salary,-6051.57
L15,2025-05-31,exp_payroll_taxes,-3203.83
L15,2025-05-31,exp_employee_benefits,-2489.69
L15,2025-05-31,exp_overtime,-1370.8
L15,2025-05-31,exp_rent,-8401.72
L15,2025-05-31,exp_utilities,-1722.49
L15,2025-05-31,exp_property_insurance,-689.77
L15,2025-05-31,exp_cam,-968.52
L15,2025-05-31,exp_property_tax,-1193.94
L15,2025-05-31,exp_marketing,-1743.66
L15,2025-05-31,exp_pos_software,-686.21
L15,2025-05-31,exp_equipment_maintenance,-749.37
L15,2025-05-31,exp_cleaning,-604.34
L15,2025-05-31,exp_cc_fees,-1864.75
L15,2025-05-31,exp_office_supplies,-348.52
L15,2025-05-31,exp_waste_removal,-401.17
L15,2025-05-31,exp_corporate_overhead,-2553.81
L15,2025-05-31,exp_training,-534.25
L15,2025-05-31,exp_general_liability_ins,-462.72
L15,2025-05-31,exp_bank_fees,-187.83
L15,2025-05-31,exp_depreciation,-1159.94
L15,2025-05-31,exp_professional_fees,-735.23
L15,2025-06-30,rev_drip_coffee,17624.97
L15,2025-06-30,rev_espresso_drinks,28467.92
L15,2025-06-30,rev_cold_brew,16067.75
L15,2025-06-30,rev_specialty_seasonal,8021.33
L15,2025-06-30,rev_tea,4234.41
L15,2025-06-30,rev_pastries,9595.08
L15,2025-06-30,rev_sandwiches,8745.06
L15,2025-06-30,rev_breakfast,4974.04
L15,2025-06-30,rev_snacks,2608.85
L15,2025-06-30,rev_whole_bean,4138.94
L15,2025-06-30,rev_brew_equipment,1985.78
L15,2025-06-30,rev_merchandise,1282.52
L15,2025-06-30,rev_gift_cards,1923.77
L15,2025-06-30,rev_catering,2605.35
L15,2025-06-30,rev_wholesale,2164.05
L15,2025-06-30,exp_coffee_beans,-12272.48
L15,2025-06-30,exp_dairy,-7248.24
L15,2025-06-30,exp_syrups,-2429.43
L15,2025-06-30,exp_food_ingredients,-5358.77
L15,2025-06-30,exp_packaging,-2833.23
L15,2025-06-30,exp_retail_cogs,-1662.35
L15,2025-06-30,exp_barista_wages,-18750.89
L15,2025-06-30,exp_shift_lead_wages,-5518.85
L15,2025-06-30,exp_store_manager_salary,-7249.22
L15,2025-06-30,exp_payroll_taxes,-3299.47
L15,2025-06-30,exp_employee_benefits,-2668.51
L15,2025-06-30,exp_overtime,-1402.99
L15,2025-06-30,exp_rent,-8154.69
L15,2025-06-30,exp_utilities,-1683.73
L15,2025-06-30,exp_property_insurance,-699.34
L15,2025-06-30,exp_cam,-931.09
L15,2025-06-30,exp_property_tax,-1209.53
L15,2025-06-30,exp_marketing,-1861.9
L15,2025-06-30,exp_pos_software,-696.42
L15,2025-06-30,exp_equipment_maintenance,-835.23
L15,2025-06-30,exp_cleaning,-679.49
L15,2025-06-30,exp_cc_fees,-1428.73
L15,2025-06-30,exp_office_supplies,-400.86
L15,2025-06-30,exp_waste_removal,-431.57
L15,2025-06-30,exp_corporate_overhead,-2714.1
L15,2025-06-30,exp_training,-559.8
L15,2025-06-30,exp_general_liability_ins,-537.54
L15,2025-06-30,exp_bank_fees,-217.07
L15,2025-06-30,exp_depreciation,-1414.78
L15,2025-06-30,exp_professional_fees,-678.37
L15,2025-07-31,rev_drip_coffee,19337.95
L15,2025-07-31,rev_espresso_drinks,28064.17
L15,2025-07-31,rev_cold_brew,20933.36
L15,2025-07-31,rev_specialty_seasonal,9086.16
L15,2025-07-31,rev_tea,3766.93
L15,2025-07-31,rev_pastries,9704.79
L15,2025-07-31,rev_sandwiches,8623.55
L15,2025-07-31,rev_breakfast,5838.49
L15,2025-07-31,rev_snacks,2895.94
L15,2025-07-31,rev_whole_bean,4153.11
L15,2025-07-31,rev_brew_equipment,1470.32
L15,2025-07-31,rev_merchandise,1021.79
L15,2025-07-31,rev_gift_cards,2412.72
L15,2025-07-31,rev_catering,2853.24
L15,2025-07-31,rev_wholesale,2139.4
L15,2025-07-31,exp_coffee_beans,-12867.36
L15,2025-07-31,exp_dairy,-7069.07
L15,2025-07-31,exp_syrups,-2588.31
L15,2025-07-31,exp_food_ingredients,-5510.37
L15,2025-07-31,exp_packaging,-2787.44
L15,2025-07-31,exp_retail_cogs,-2029.62
L15,2025-07-31,exp_barista_wages,-20406.87
L15,2025-07-31,exp_shift_lead_wages,-6095.08
L15,2025-07-31,exp_store_manager_salary,-7288.06
L15,2025-07-31,exp_payroll_taxes,-3141.65
L15,2025-07-31,exp_employee_benefits,-2666.89
L15,2025-07-31,exp_overtime,-1376.12
L15,2025-07-31,exp_rent,-8221.85
L15,2025-07-31,exp_utilities,-1725.57
L15,2025-07-31,exp_property_insurance,-691.46
L15,2025-07-31,exp_cam,-962.52
L15,2025-07-31,exp_property_tax,-1172.87
L15,2025-07-31,exp_marketing,-2166.93
L15,2025-07-31,exp_pos_software,-749.84
L15,2025-07-31,exp_equipment_maintenance,-952.64
L15,2025-07-31,exp_cleaning,-617.05
L15,2025-07-31,exp_cc_fees,-1639.52
L15,2025-07-31,exp_office_supplies,-331.09
L15,2025-07-31,exp_waste_removal,-475.08
L15,2025-07-31,exp_corporate_overhead,-2803.75
L15,2025-07-31,exp_training,-498.92
L15,2025-07-31,exp_general_liability_ins,-474.74
L15,2025-07-31,exp_bank_fees,-191.42
L15,2025-07-31,exp_depreciation,-1463.58
L15,2025-07-31,exp_professional_fees,-681.57
L15,2025-08-31,rev_drip_coffee,19046.82
L15,2025-08-31,rev_espresso_drinks,26978.94
L15,2025-08-31,rev_cold_brew,17144.6
L15,2025-08-31,rev_specialty_seasonal,6715.54
L15,2025-08-31,rev_tea,3990.45
L15,2025-08-31,rev_pastries,10103.19
L15,2025-08-31,rev_sandwiches,8158.12
L15,2025-08-31,rev_breakfast,4406.25
L15,2025-08-31,rev_snacks,3025.51
L15,2025-08-31,rev_whole_bean,3653.39
L15,2025-08-31,rev_brew_equipment,1876.85
L15,2025-08-31,rev_merchandise,1110.38
L15,2025-08-31,rev_gift_cards,1933.07
L15,2025-08-31,rev_catering,3014.7
L15,2025-08-31,rev_wholesale,1992.26
L15,2025-08-31,exp_coffee_beans,-13032.26
L15,2025-08-31,exp_dairy,-6909.36
L15,2025-08-31,exp_syrups,-2531.74
L15,2025-08-31,exp_food_ingredients,-5732.42
L15,2025-08-31,exp_packaging,-2716.43
L15,2025-08-31,exp_retail_cogs,-1907.1
L15,2025-08-31,exp_barista_wages,-18279.15
L15,2025-08-31,exp_shift_lead_wages,-5444.58
L15,2025-08-31,exp_store_manager_salary,-7670.16
L15,2025-08-31,exp_payroll_taxes,-2987.42
L15,2025-08-31,exp_employee_benefits,-2657.41
L15,2025-08-31,exp_overtime,-1507.3
L15,2025-08-31,exp_rent,-8404.69
L15,2025-08-31,exp_utilities,-1706.97
L15,2025-08-31,exp_property_insurance,-698.04
L15,2025-08-31,exp_cam,-973.8
L15,2025-08-31,exp_property_tax,-1179.1
L15,2025-08-31,exp_marketing,-1623.88
L15,2025-08-31,exp_pos_software,-542.65
L15,2025-08-31,exp_equipment_maintenance,-1169.63
L15,2025-08-31,exp_cleaning,-551.54
L15,2025-08-31,exp_cc_fees,-1799.64
L15,2025-08-31,exp_office_supplies,-355.17
L15,2025-08-31,exp_waste_removal,-445.65
L15,2025-08-31,exp_corporate_overhead,-2274.74
L15,2025-08-31,exp_training,-575.78
L15,2025-08-31,exp_general_liability_ins,-524.06
L15,2025-08-31,exp_bank_fees,-286.68
L15,2025-08-31,exp_depreciation,-1462.95
L15,2025-08-31,exp_professional_fees,-776.95
L15,2025-09-30,rev_drip_coffee,14621.04
L15,2025-09-30,rev_espresso_drinks,26023.44
L15,2025-09-30,rev_cold_brew,11431.23
L15,2025-09-30,rev_specialty_seasonal,7256.7
L15,2025-09-30,rev_tea,3983.79
L15,2025-09-30,rev_pastries,9896.04
L15,2025-09-30,rev_sandwiches,8066.75
L15,2025-09-30,rev_breakfast,4402.75
L15,2025-09-30,rev_snacks,2505.29
L15,2025-09-30,rev_whole_bean,3783.88
L15,2025-09-30,rev_brew_equipment,1661.41
L15,2025-09-30,rev_merchandise,904.89
L15,2025-09-30,rev_gift_cards,1908.61
L15,2025-09-30,rev_catering,2302.32
L15,2025-09-30,rev_wholesale,2134.59
L15,2025-09-30,exp_coffee_beans,-10821.69
L15,2025-09-30,exp_dairy,-6525.29
L15,2025-09-30,exp_syrups,-2265.27
L15,2025-09-30,exp_food_ingredients,-5670.49
L15,2025-09-30,exp_packaging,-2625.55
L15,2025-09-30,exp_retail_cogs,-1954.38
L15,2025-09-30,exp_barista_wages,-21139.14
L15,2025-09-30,exp_shift_lead_wages,-5601.22
L15,2025-09-30,exp_store_manager_salary,-7207.26
L15,2025-09-30,exp_payroll_taxes,-2839.37
L15,2025-09-30,exp_employee_benefits,-2574.03
L15,2025-09-30,exp_overtime,-1301.61
L15,2025-09-30,exp_rent,-8341.05
L15,2025-09-30,exp_utilities,-1729.99
L15,2025-09-30,exp_property_insurance,-705.0
L15,2025-09-30,exp_cam,-938.28
L15,2025-09-30,exp_property_tax,-1156.33
L15,2025-09-30,exp_marketing,-2043.31
L15,2025-09-30,exp_pos_software,-638.86
L15,2025-09-30,exp_equipment_maintenance,-874.26
L15,2025-09-30,exp_cleaning,-743.52
L15,2025-09-30,exp_cc_fees,-1744.1
L15,2025-09-30,exp_office_supplies,-370.15
L15,2025-09-30,exp_waste_removal,-461.81
L15,2025-09-30,exp_corporate_overhead,-2686.98
L15,2025-09-30,exp_training,-513.54
L15,2025-09-30,exp_general_liability_ins,-492.39
L15,2025-09-30,exp_bank_fees,-245.49
L15,2025-09-30,exp_depreciation,-1365.73
L15,2025-09-30,exp_professional_fees,-657.6
L15,2025-10-31,rev_drip_coffee,14327.07
L15,2025-10-31,rev_espresso_drinks,23534.07
L15,2025-10-31,rev_cold_brew,11311.88
L15,2025-10-31,rev_specialty_seasonal,5863.53
L15,2025-10-31,rev_tea,3492.05
L15,2025-10-31,rev_pastries,7565.73
L15,2025-10-31,rev_sandwiches,8239.21
L15,2025-10-31,rev_breakfast,3900.76
L15,2025-10-31,rev_snacks,2567.21
L15,2025-10-31,rev_whole_bean,3682.04
L15,2025-10-31,rev_brew_equipment,1596.18
L15,2025-10-31,rev_merchandise,975.34
L15,2025-10-31,rev_gift_cards,1847.01
L15,2025-10-31,rev_catering,2676.15
L15,2025-10-31,rev_wholesale,2004.44
L15,2025-10-31,exp_coffee_beans,-9817.22
L15,2025-10-31,exp_dairy,-6861.03
L15,2025-10-31,exp_syrups,-2328.74
L15,2025-10-31,exp_food_ingredients,-5158.35
L15,2025-10-31,exp_packaging,-2273.51
L15,2025-10-31,exp_retail_cogs,-1775.52
L15,2025-10-31,exp_barista_wages,-16902.53
L15,2025-10-31,exp_shift_lead_wages,-5128.79
L15,2025-10-31,exp_store_manager_salary,-6495.11
L15,2025-10-31,exp_payroll_taxes,-2841.23
L15,2025-10-31,exp_employee_benefits,-2304.21
L15,2025-10-31,exp_overtime,-1415.04
L15,2025-10-31,exp_rent,-8386.77
L15,2025-10-31,exp_utilities,-1694.65
L15,2025-10-31,exp_property_insurance,-686.69
L15,2025-10-31,exp_cam,-954.02
L15,2025-10-31,exp_property_tax,-1170.91
L15,2025-10-31,exp_marketing,-2038.03
L15,2025-10-31,exp_pos_software,-594.1
L15,2025-10-31,exp_equipment_maintenance,-1164.49
L15,2025-10-31,exp_cleaning,-792.62
L15,2025-10-31,exp_cc_fees,-1281.83
L15,2025-10-31,exp_office_supplies,-366.82
L15,2025-10-31,exp_waste_removal,-484.25
L15,2025-10-31,exp_corporate_overhead,-2667.22
L15,2025-10-31,exp_training,-533.34
L15,2025-10-31,exp_general_liability_ins,-510.35
L15,2025-10-31,exp_bank_fees,-228.66
L15,2025-10-31,exp_depreciation,-1555.32
L15,2025-10-31,exp_professional_fees,-587.76
L15,2025-11-30,rev_drip_coffee,16738.67
L15,2025-11-30,rev_espresso_drinks,28814.71
L15,2025-11-30,rev_cold_brew,11919.79
L15,2025-11-30,rev_specialty_seasonal,12238.88
L15,2025-11-30,rev_tea,5109.71
L15,2025-11-30,rev_pastries,8856.7
L15,2025-11-30,rev_sandwiches,7568.7
L15,2025-11-30,rev_breakfast,4868.09
L15,2025-11-30,rev_snacks,3035.45
L15,2025-11-30,rev_whole_bean,4133.35
L15,2025-11-30,rev_brew_equipment,2007.04
L15,2025-11-30,rev_merchandise,1088.58
L15,2025-11-30,rev_gift_cards,2016.76
L15,2025-11-30,rev_catering,2516.87
L15,2025-11-30,rev_wholesale,1745.65
L15,2025-11-30,exp_coffee_beans,-11915.47
L15,2025-11-30,exp_dairy,-6603.5
L15,2025-11-30,exp_syrups,-2545.01
L15,2025-11-30,exp_food_ingredients,-5055.32
L15,2025-11-30,exp_packaging,-2624.5
L15,2025-11-30,exp_retail_cogs,-1972.65
L15,2025-11-30,exp_barista_wages,-18936.93
L15,2025-11-30,exp_shift_lead_wages,-5728.15
L15,2025-11-30,exp_store_manager_salary,-7561.45
L15,2025-11-30,exp_payroll_taxes,-3335.14
L15,2025-11-30,exp_employee_benefits,-2360.84
L15,2025-11-30,exp_overtime,-1542.67
L15,2025-11-30,exp_rent,-8638.2
L15,2025-11-30,exp_utilities,-1707.37
L15,2025-11-30,exp_property_insurance,-695.98
L15,2025-11-30,exp_cam,-961.81
L15,2025-11-30,exp_property_tax,-1161.56
L15,2025-11-30,exp_marketing,-1820.5
L15,2025-11-30,exp_pos_software,-750.76
L15,2025-11-30,exp_equipment_maintenance,-1060.72
L15,2025-11-30,exp_cleaning,-707.33
L15,2025-11-30,exp_cc_fees,-1601.66
L15,2025-11-30,exp_office_supplies,-336.14
L15,2025-11-30,exp_waste_removal,-431.41
L15,2025-11-30,exp_corporate_overhead,-2801.87
L15,2025-11-30,exp_training,-508.43
L15,2025-11-30,exp_general_liability_ins,-559.79
L15,2025-11-30,exp_bank_fees,-229.07
L15,2025-11-30,exp_depreciation,-1464.8
L15,2025-11-30,exp_professional_fees,-754.88
L15,2025-12-31,rev_drip_coffee,21210.87
L15,2025-12-31,rev_espresso_drinks,25544.11
L15,2025-12-31,rev_cold_brew,12264.92
L15,2025-12-31,rev_specialty_seasonal,12093.35
L15,2025-12-31,rev_tea,4791.91
L15,2025-12-31,rev_pastries,11551.69
L15,2025-12-31,rev_sandwiches,9504.72
L15,2025-12-31,rev_breakfast,6384.26
L15,2025-12-31,rev_snacks,2973.65
L15,2025-12-31,rev_whole_bean,4065.43
L15,2025-12-31,rev_brew_equipment,1871.59
L15,2025-12-31,rev_merchandise,1152.69
L15,2025-12-31,rev_gift_cards,2395.95
L15,2025-12-31,rev_catering,2346.76
L15,2025-12-31,rev_wholesale,2367.28
L15,2025-12-31,exp_coffee_beans,-14261.09
L15,2025-12-31,exp_dairy,-7792.55
L15,2025-12-31,exp_syrups,-2934.74
L15,2025-12-31,exp_food_ingredients,-6996.29
L15,2025-12-31,exp_packaging,-3090.88
L15,2025-12-31,exp_retail_cogs,-2327.46
L15,2025-12-31,exp_barista_wages,-22581.37
L15,2025-12-31,exp_shift_lead_wages,-6262.98
L15,2025-12-31,exp_store_manager_salary,-7217.81
L15,2025-12-31,exp_payroll_taxes,-3420.63
L15,2025-12-31,exp_employee_benefits,-2807.12
L15,2025-12-31,exp_overtime,-1494.17
L15,2025-12-31,exp_rent,-8263.38
L15,2025-12-31,exp_utilities,-1770.41
L15,2025-12-31,exp_property_insurance,-691.58
L15,2025-12-31,exp_cam,-985.77
L15,2025-12-31,exp_property_tax,-1182.92
L15,2025-12-31,exp_marketing,-2277.36
L15,2025-12-31,exp_pos_software,-606.94
L15,2025-12-31,exp_equipment_maintenance,-929.79
L15,2025-12-31,exp_cleaning,-812.82
L15,2025-12-31,exp_cc_fees,-1565.59
L15,2025-12-31,exp_office_supplies,-367.96
L15,2025-12-31,exp_waste_removal,-506.51
L15,2025-12-31,exp_corporate_overhead,-2109.18
L15,2025-12-31,exp_training,-578.64
L15,2025-12-31,exp_general_liability_ins,-575.71
L15,2025-12-31,exp_bank_fees,-224.07
L15,2025-12-31,exp_depreciation,-1310.29
L15,2025-12-31,exp_professional_fees,-666.67
